metadata,origin:bridgewatch,destination:deadvein-gully,name:Default Trade Mission
move,-15.66239,33.28432
move,-14.653944,33.349903
move,-12.517429,33.332947
move,-10.567627,33.52418
move,-8.796158,34.3385
move,-7.4093733,35.870365
move,-6.657984,37.761463
move,-6.180798,39.84331
move,-5.914102,41.846474
move,-5.7015877,43.914555
move,-5.52945,45.92844
move,-5.444623,47.061024
cluster,15
move,0.42856932,-369.98074
move,2.667191,-369.86707
move,4.938661,-369.77374
move,7.158234,-369.81052
move,9.375272,-369.92642
move,11.605256,-369.96667
move,13.822373,-369.86435
move,16.029964,-369.6296
move,18.282701,-369.41653
move,20.468964,-369.34274
move,22.677977,-369.37537
move,24.886469,-369.41995
move,27.101366,-369.5684
move,29.286232,-369.67422
move,31.46604,-369.86218
move,33.712692,-370.0197
move,35.93845,-370.16605
move,38.19007,-370.20282
move,40.334896,-370.18448
move,42.653675,-369.9031
move,44.89314,-369.20755
move,46.82284,-367.9886
move,48.189358,-366.25128
move,49.029697,-364.0754
move,49.41115,-361.90176
move,49.662025,-359.5759
move,49.557697,-356.79425
move,49.21455,-354.0586
move,48.635643,-351.41568
move,47.48446,-348.91885
move,45.79222,-346.81757
move,43.806103,-344.99988
move,41.668484,-343.42075
move,39.440052,-342.25693
move,37.10716,-341.45642
move,34.61207,-340.86194
move,32.089386,-340.3996
move,29.509102,-340.19897
move,26.8479,-340.13663
move,24.186049,-340.13013
move,21.754019,-340.11758
move,19.176815,-340.0995
move,16.527584,-340.041
move,14.097656,-339.94128
move,11.412611,-339.45706
move,8.973323,-338.4137
move,6.984151,-336.7807
move,5.272967,-334.82272
move,3.8084176,-332.73358
move,2.635341,-330.52234
move,1.6578171,-328.19055
move,0.9790138,-325.79474
move,0.5160173,-323.34576
move,0.22182815,-320.8834
move,0.1278319,-318.41733
move,0.11592846,-315.9127
move,0.15067407,-313.46878
move,0.20849608,-311.00107
move,0.26793575,-308.53336
move,0.32200313,-306.0534
move,0.3498768,-303.4034
move,0.3552541,-300.95926
move,0.34583154,-298.51508
move,0.33617288,-296.0467
move,0.27794084,-293.38535
move,0.1872985,-290.73718
move,0.06235009,-288.21136
move,-0.06659311,-285.75842
move,-0.19083957,-283.28073
move,-0.28716654,-280.81427
move,-0.37186113,-278.34717
move,-0.2841257,-275.9177
move,-0.08233726,-273.4335
move,0.21443279,-270.9589
move,0.6782382,-268.52295
move,1.3471167,-266.13492
move,2.1616979,-263.79242
move,3.194125,-261.33954
move,4.312571,-259.18015
move,5.6024346,-256.90707
move,6.822746,-254.77547
move,7.8708477,-252.56836
move,8.693553,-250.11597
move,9.432546,-247.78873
move,10.665622,-245.6977
move,12.444639,-244.03932
move,14.589208,-242.90314
move,16.940357,-242.2959
move,19.357382,-242.04004
move,21.831179,-241.87
move,24.274761,-241.38803
move,26.54948,-240.45789
move,28.389177,-238.62567
move,29.42087,-236.20769
move,29.837881,-233.64516
move,29.994436,-231.20619
move,30.099163,-228.75226
move,30.402071,-226.32784
move,31.051447,-223.91331
move,32.184948,-221.50612
move,33.418766,-219.32683
move,34.75906,-217.26848
move,36.17054,-215.18484
move,37.57617,-213.11179
move,38.90456,-210.9474
move,39.70551,-208.59608
move,40.265926,-206.11807
move,40.541767,-203.6292
move,40.601902,-201.13742
move,40.538063,-198.68245
move,40.406364,-196.16928
move,39.892895,-193.75285
move,38.56114,-191.64497
move,36.255894,-190.74849
move,33.766666,-190.6838
move,31.286608,-190.72833
move,28.7955,-190.65224
move,26.292488,-190.39777
move,23.88469,-189.91476
move,21.454885,-189.18
move,19.231895,-188.01132
move,17.247635,-186.50319
move,15.192109,-184.95187
move,13.061502,-183.65822
move,10.775827,-182.52946
move,8.366849,-181.72476
move,5.9042926,-181.37384
move,3.413558,-181.28326
move,0.8850789,-181.2412
move,-1.5917172,-181.10603
move,-4.1042447,-180.95947
move,-6.6410613,-180.81372
move,-9.201982,-180.66568
move,-11.769234,-180.44879
move,-14.271419,-180.08215
move,-16.879478,-179.79044
move,-19.395634,-179.73558
move,-21.935314,-179.80484
move,-24.533005,-179.71677
move,-27.025915,-179.32285
move,-29.229519,-178.52266
move,-31.4344,-177.23888
move,-33.537598,-175.87878
move,-35.682854,-174.47246
move,-37.794872,-173.03801
move,-40.025482,-171.7298
move,-42.40737,-170.89456
move,-44.880634,-170.43225
move,-47.32871,-169.81747
move,-49.649483,-168.78516
move,-51.801567,-167.52946
move,-53.939438,-166.17867
move,-56.089024,-164.82373
move,-58.262897,-163.4619
move,-60.522694,-162.36047
move,-62.864265,-161.58414
move,-65.26713,-161.0213
move,-67.7502,-160.61166
move,-70.217964,-160.26094
move,-72.69262,-159.96234
move,-75.22831,-159.66463
move,-77.78226,-159.42847
move,-80.35608,-159.29993
move,-82.78756,-159.2482
move,-85.364624,-159.20734
move,-87.94189,-159.21158
move,-90.493195,-159.29163
move,-93.085724,-159.50127
move,-95.64327,-159.90053
move,-98.0481,-160.70375
move,-100.329056,-161.87291
move,-102.43387,-163.31654
move,-104.52331,-164.846
move,-106.638214,-166.3608
move,-108.90138,-167.63496
move,-111.43443,-168.47954
move,-113.91615,-168.8944
move,-116.48859,-169.28209
move,-119.02026,-169.86209
move,-121.25678,-171.04813
move,-123.165985,-172.72256
move,-125.01572,-174.48238
move,-126.91634,-176.27559
move,-128.98874,-177.80406
move,-131.35124,-178.85283
move,-133.83562,-179.41833
move,-136.3806,-179.61993
move,-139.03671,-179.7969
move,-141.63576,-180.0625
move,-144.05736,-181.01541
move,-146.18907,-182.542
move,-148.08398,-184.32065
move,-149.85143,-186.32718
move,-151.99504,-187.85536
move,-154.4223,-188.63329
move,-156.9984,-189.13846
move,-159.60538,-189.53992
move,-162.14758,-189.77383
move,-164.73772,-190.01646
move,-167.2879,-190.1358
move,-169.71918,-190.11324
move,-172.26938,-189.75897
move,-174.68655,-188.85014
move,-176.80164,-187.35506
move,-178.47148,-185.42456
move,-180.27585,-183.50597
move,-182.53119,-182.179
move,-184.8613,-181.49867
move,-187.31091,-181.20403
move,-189.75089,-181.0588
move,-192.34785,-180.9044
move,-194.87033,-180.72594
move,-197.38782,-180.48628
move,-199.91441,-180.21597
move,-202.42432,-179.90654
move,-204.92807,-179.55075
move,-207.43257,-179.20082
move,-209.92921,-178.88312
move,-212.43729,-178.55948
move,-214.9385,-178.27971
move,-217.48886,-178.0048
move,-220.018,-177.58421
move,-222.41121,-176.77417
move,-224.65034,-175.60077
move,-226.96971,-174.34468
move,-229.358,-173.28496
move,-231.60146,-172.34567
move,-234.05606,-171.31567
move,-236.2967,-170.37003
move,-238.52924,-169.31804
move,-240.65236,-167.99489
move,-242.56746,-166.43932
move,-244.26184,-164.64563
move,-245.81451,-162.68149
move,-247.1183,-160.54453
move,-248.18556,-158.22638
move,-249.15945,-155.85321
move,-250.12271,-153.58064
move,-251.29417,-151.26016
move,-252.7027,-149.14597
move,-254.22969,-147.08507
move,-255.84416,-145.15466
move,-257.49036,-143.17258
move,-258.68588,-140.97781
move,-259.45758,-138.55035
move,-259.6317,-136.10344
move,-259.59836,-133.59895
move,-259.55746,-131.08229
move,-259.52267,-128.57779
move,-259.54877,-126.12174
move,-259.6039,-123.62981
move,-259.70016,-121.15123
move,-259.92627,-118.68164
move,-260.26932,-116.22506
move,-260.61682,-113.70793
move,-261.14313,-111.23887
move,-262.2518,-108.95742
move,-263.84003,-107.040245
move,-265.6282,-105.25439
move,-267.47095,-103.594376
move,-268.85248,-101.350975
move,-269.39273,-98.82741
move,-269.5357,-96.29047
move,-269.6798,-93.68083
move,-269.83972,-91.108475
move,-269.9706,-88.498405
move,-269.96872,-85.98169
move,-269.94827,-83.44073
move,-269.93634,-80.887665
move,-269.95303,-78.32258
move,-270.0568,-75.80794
move,-270.18365,-73.29433
move,-270.29062,-70.79196
move,-270.37375,-68.26442
move,-270.4374,-65.74844
move,-270.52728,-63.233418
move,-270.67282,-60.696598
move,-270.78748,-58.12193
move,-270.86948,-55.53386
move,-270.9172,-52.95701
move,-270.92294,-50.33146
move,-270.90497,-47.88735
move,-270.9551,-45.419582
move,-271.02933,-42.903862
move,-271.1434,-40.25703
move,-271.34247,-37.79669
move,-271.6426,-35.25081
move,-272.48926,-32.943966
move,-274.09436,-30.874556
move,-275.93762,-29.073322
move,-277.69507,-27.14132
move,-279.20102,-25.021261
move,-280.67413,-22.833199
move,-282.0822,-20.603252
move,-283.3833,-18.449024
move,-285.04614,-16.388731
move,-287.13385,-14.815004
move,-289.3927,-13.429587
move,-291.48087,-12.182942
move,-293.6591,-11.022683
move,-295.84573,-9.930608
move,-298.02112,-8.842829
move,-300.38162,-7.5627785
move,-302.54825,-6.2124715
move,-304.7498,-4.8263645
move,-306.91687,-3.477002
move,-309.16257,-2.530037
move,-311.62833,-1.8231906
move,-314.17108,-1.2240433
move,-316.72946,-0.82598954
move,-319.31247,-0.5174303
move,-321.74832,-0.31649128
move,-324.2255,-0.19135769
move,-326.7302,-0.17787346
move,-329.27023,-0.24211708
move,-331.79373,-0.40620542
move,-334.35834,-0.66133636
move,-336.8849,-0.9311663
move,-339.3817,-1.129847
move,-341.9299,-1.2874651
move,-344.384,-1.3908923
move,-346.8979,-1.3581133
move,-349.42078,-1.0586758
move,-351.94165,-0.6554334
move,-353.1137,-0.47588572
cluster,1378
move,344.9639,-0.012608195
move,343.6987,-0.0434749
move,342.45496,-0.074033305
move,341.3506,-0.09909332
move,340.22473,-0.12458524
move,339.078,-0.16876131
move,337.91144,-0.2447306
move,336.7683,-0.3449891
move,335.59653,-0.48202756
move,334.46014,-0.6418335
move,333.3217,-0.78480804
move,332.13638,-0.89508915
move,331.02188,-0.93923336
move,329.88644,-0.9948279
move,328.7315,-1.0830109
move,327.61035,-1.1886382
move,326.45892,-1.3144039
move,325.29272,-1.3735963
move,324.1893,-1.3214477
move,323.04416,-1.2477672
move,321.9101,-1.1682293
move,320.77744,-1.0713893
move,319.64938,-0.93085986
move,318.50284,-0.7663889
move,317.3924,-0.66196835
move,316.26163,-0.5440713
move,315.09915,-0.42053643
move,313.96518,-0.34230345
move,312.81924,-0.28303552
move,311.66257,-0.22310828
move,310.49496,-0.1636423
move,309.32736,-0.10454932
move,308.15976,-0.04533892
move,306.98138,0.014781496
move,305.8032,0.07525418
move,304.61392,0.12874836
move,303.4036,0.18981054
move,302.22476,0.34967378
move,301.0778,0.66482586
move,299.9787,1.1950796
move,298.99817,1.8696861
move,298.04224,2.5792685
move,297.1197,3.2796354
move,296.13882,4.027334
move,295.17682,4.746643
move,294.18127,5.4176965
move,293.07092,5.9781604
move,291.9024,6.5174665
move,290.8085,6.9872355
move,289.43643,7.5171633
move,287.99408,7.9899077
move,286.57608,8.408004
move,285.06958,8.802841
move,283.57434,9.062204
move,282.1332,9.239702
move,280.64963,9.393845
move,279.16568,9.546688
move,277.70834,9.697211
move,276.2511,9.848457
move,274.79288,9.991596
move,273.29895,10.141876
move,271.9698,10.332146
move,270.67667,10.689222
move,269.50552,11.263117
move,268.39792,12.022447
move,267.34665,12.798558
move,266.27563,13.609078
move,265.21405,14.411987
move,264.0907,15.2333145
move,262.96497,15.987317
move,261.75092,16.666185
move,260.48367,17.240194
move,259.20566,17.725222
move,257.91315,18.132687
move,256.6275,18.521357
move,255.30428,18.951138
move,254.04836,19.518248
move,252.92148,20.347748
move,252.05585,21.417332
move,251.41676,22.678442
move,250.97195,23.868414
move,250.49171,25.161438
move,249.8874,26.400312
move,249.08887,27.566961
move,248.10022,28.469715
move,246.89507,29.05467
move,245.53468,29.3941
move,244.23718,29.546497
move,242.91,29.646774
move,241.54596,29.740095
move,240.15764,29.833672
move,238.73164,29.904675
move,237.3771,29.946102
move,236.04666,29.98162
move,234.69205,30.017805
move,233.3133,30.058392
move,232.0954,30.153427
move,230.79086,30.467136
move,229.51976,30.968138
move,228.36633,31.69504
move,227.41551,32.64204
move,226.54863,33.651978
move,225.63077,34.729797
move,224.74142,35.703506
move,223.71962,36.64683
move,222.71991,37.348225
move,221.62602,37.917786
move,220.29755,38.40492
move,219.02806,38.761993
move,217.70331,39.046497
move,216.31729,39.266342
move,215.10017,39.373455
move,213.81836,39.41858
move,212.43945,39.45503
move,211.09668,39.48165
move,209.70557,39.511787
move,208.33891,39.554234
move,206.99733,39.616673
move,205.64656,39.725014
move,204.27937,39.90598
move,202.99239,40.192642
move,201.70007,40.599094
move,200.43526,41.17668
move,199.36356,41.857635
move,198.35594,42.688168
move,197.4962,43.65504
move,196.65454,44.686157
move,195.7859,45.742027
move,194.89734,46.732586
move,193.86545,47.682247
move,192.6337,48.39755
move,191.3962,48.81344
move,190.07655,49.05848
move,188.72672,49.175232
move,187.39789,49.251682
move,185.99734,49.34366
move,184.59836,49.456406
move,183.22333,49.566776
move,181.90808,49.664894
move,180.58029,49.757366
move,179.2402,49.847256
move,177.91124,49.920506
move,176.54529,49.979733
move,175.22647,49.98308
move,173.81357,49.900887
move,172.55075,49.680195
move,171.23717,49.30354
move,170.00185,48.77942
move,168.85664,48.079887
move,167.85286,47.264038
move,166.8847,46.31578
move,165.94887,45.38643
move,164.98735,44.448757
move,163.99977,43.538708
move,162.92766,42.6917
move,161.74254,41.987324
move,160.54492,41.4365
move,159.30815,41.01573
move,157.98503,40.672226
move,156.66684,40.41594
move,155.29884,40.24087
move,153.94618,40.165756
move,152.6395,40.182552
move,151.27255,40.214413
move,149.90541,40.21535
move,148.56305,40.17099
move,147.20865,40.124474
move,145.84317,40.055367
move,144.48415,39.908035
move,143.13712,39.674156
move,141.74721,39.348866
move,140.46973,38.936306
move,139.22551,38.37119
move,138.04478,37.660572
move,136.97896,36.767357
move,136.039,35.825054
move,135.07144,34.825027
move,134.07898,33.81567
move,133.03426,32.897167
move,131.8947,32.10017
move,130.63162,31.409786
move,131.8947,32.10017
move,129.51381,30.91658
move,128.19182,30.48452
move,126.863884,30.2176
move,125.47876,30.09169
move,124.07646,30.121645
move,122.6923,30.347624
move,121.40685,30.80573
move,120.21566,31.521807
move,119.15556,32.32612
move,118.12421,33.20518
move,117.086174,34.113598
move,116.07172,35.012184
move,115.018654,35.940186
move,113.985504,36.817177
move,112.86238,37.593464
move,111.59418,38.163383
move,110.334,38.591343
move,109.050606,38.98703
move,107.709816,39.310616
move,106.36139,39.601303
move,105.04265,39.85567
move,103.6728,40.100105
move,102.32388,40.323093
move,100.966415,40.485725
move,99.590904,40.587208
move,98.24857,40.631268
move,96.881516,40.65249
move,95.490036,40.656242
move,94.12276,40.65173
move,92.7192,40.640762
move,91.33981,40.640118
move,90.008835,40.640873
move,88.65367,40.632446
move,87.310646,40.61966
move,85.97978,40.603645
move,84.64886,40.590054
move,83.31788,40.577694
move,81.96271,40.563965
move,80.61973,40.548927
move,79.31305,40.531857
move,77.99427,40.513912
move,76.663345,40.50102
move,75.36867,40.503197
move,74.01349,40.510254
move,72.71881,40.511818
move,71.31522,40.513218
move,70.020546,40.51921
move,68.68957,40.52504
move,67.35858,40.5252
move,66.02762,40.519276
move,64.684814,40.49256
move,63.366608,40.450054
move,61.963806,40.403095
move,60.621254,40.364384
move,59.278698,40.326122
move,57.911953,40.287457
move,56.387875,40.2475
move,55.166183,40.21572
move,53.799454,40.1767
move,52.44484,40.136864
move,51.06602,40.096584
move,49.675438,40.046345
move,48.285812,39.974434
move,46.854134,39.82426
move,45.528767,39.606857
move,44.152817,39.33116
move,42.8103,38.922764
move,41.473953,38.45567
move,40.169117,37.907238
move,38.930984,37.299534
move,37.729088,36.576057
move,36.632034,35.740223
move,35.561996,34.88904
move,34.47621,34.0188
move,33.373257,33.131447
move,32.262066,32.314167
move,31.275013,31.59357
move,30.114405,30.896608
move,28.84266,30.364113
move,27.545704,29.972898
move,26.234856,29.680662
move,24.874035,29.39007
move,23.54233,29.080599
move,22.210428,28.678686
move,20.97085,28.163128
move,19.733177,27.527588
move,18.535387,26.819818
move,17.369606,26.038641
move,16.299301,25.20795
move,15.268132,24.239628
move,14.501612,23.27345
move,13.766258,22.121258
move,13.145029,20.958105
move,12.599924,19.704628
move,12.124451,18.448553
move,11.696651,17.150173
move,11.366377,15.823554
move,11.111499,14.505038
move,10.932842,13.247192
move,10.74841,11.9046
move,10.565428,10.586235
move,10.378912,9.231716
move,10.197252,7.900958
move,10.016158,6.5701237
move,9.832499,5.2152166
move,9.645963,3.860704
move,9.450104,2.5197446
move,9.204554,1.1871878
move,8.82418,-0.18788844
move,8.279985,-1.3879448
move,7.5686045,-2.5691512
move,6.783496,-3.6435962
move,5.9527597,-4.683509
move,5.0995035,-5.736367
move,4.2443104,-6.8031974
move,3.4042263,-7.9422307
move,2.7276924,-9.101893
move,2.181275,-10.301919
move,1.7341251,-11.55495
move,1.3832281,-12.876247
move,1.08555,-14.247815
move,0.86146283,-15.52288
move,0.65418816,-16.862133
move,0.45232356,-18.17773
move,0.2390887,-19.528301
move,0.013014191,-20.901283
move,-0.25454056,-22.24208
move,-0.5420557,-23.603546
move,-0.8483601,-24.923588
move,-1.307004,-26.33782
move,-1.9686614,-27.490606
move,-2.8208783,-28.574442
move,-3.6879709,-29.451527
move,-4.7822704,-30.247623
move,-6.024001,-30.874136
move,-7.166222,-31.341146
move,-8.262205,-31.725798
move,-9.526035,-32.143284
move,-10.830401,-32.591682
move,-12.030786,-33.189407
move,-13.148125,-33.976578
move,-14.1589155,-34.85987
move,-15.071081,-35.845192
move,-15.904868,-36.867054
move,-16.702354,-37.80855
move,-17.665478,-38.63408
move,-18.808144,-39.289425
move,-20.040277,-39.791576
move,-21.292807,-40.20429
move,-22.612867,-40.559586
move,-23.908125,-40.80624
move,-25.267488,-40.949936
move,-26.585651,-40.961803
move,-27.902111,-40.881763
move,-29.218575,-40.801647
move,-30.559525,-40.725685
move,-31.88955,-40.67571
move,-33.208317,-40.66898
move,-34.549606,-40.734207
move,-35.883305,-40.889996
move,-37.189404,-41.14438
move,-38.483543,-41.502636
move,-39.76035,-41.955887
move,-40.972153,-42.505676
move,-42.174377,-43.156467
move,-40.972153,-42.505676
move,-43.273666,-43.862648
move,-44.36178,-44.689716
move,-45.327023,-45.60527
move,-46.21058,-46.64798
move,-46.9847,-47.745228
move,-47.679173,-48.894627
move,-48.31203,-50.06546
move,-48.92703,-51.259468
move,-49.52213,-52.45001
move,-50.074383,-53.66087
move,-50.55099,-54.929
move,-50.926067,-56.231018
move,-51.229446,-57.601112
move,-51.42773,-58.929325
move,-51.531803,-60.28008
move,-51.52147,-61.501923
move,-51.458576,-62.795017
move,-51.3241,-64.09471
move,-51.165855,-65.416275
move,-51.002316,-66.77374
move,-50.848076,-68.05922
move,-50.69096,-69.417435
move,-50.5433,-70.75239
move,-50.408676,-72.14943
move,-50.39373,-73.444
move,-50.38516,-74.79918
move,-50.37601,-76.154335
move,-50.351555,-77.4972
move,-50.311783,-78.87601
move,-50.24016,-80.204994
move,-50.154053,-81.52109
move,-50.058006,-82.87287
move,-49.961025,-84.18822
move,-49.867382,-85.51592
move,-49.77945,-86.88039
move,-49.72301,-88.19808
move,-49.671932,-89.51599
move,-49.61988,-90.85811
move,-49.57761,-92.188416
move,-49.585083,-93.53118
move,-49.730312,-94.87784
move,-50.002075,-96.18039
move,-50.385815,-97.42906
move,-50.88153,-98.690094
move,-51.42478,-99.865135
move,-52.041393,-101.03081
move,-52.76025,-102.16477
move,-53.563736,-103.24083
move,-54.424572,-104.2555
move,-55.393253,-105.14838
move,-56.460266,-105.92334
move,-57.46871,-106.613625
move,-58.62657,-107.31751
move,-59.7924,-107.95962
move,-60.99263,-108.58881
move,-62.211803,-109.15182
move,-63.480778,-109.62606
move,-64.821686,-109.996864
move,-66.132866,-110.28776
move,-67.470024,-110.573364
move,-68.6867,-110.84329
move,-70.044945,-111.19659
move,-71.317406,-111.6605
move,-72.49184,-112.33194
move,-73.43296,-113.28488
move,-74.26331,-114.34055
move,-75.12426,-115.43369
move,-76.02472,-116.46184
move,-77.06067,-117.38897
move,-78.26729,-118.09899
move,-79.55953,-118.5015
move,-80.924,-118.773056
move,-82.26759,-118.94848
move,-83.62823,-119.0835
move,-85.00103,-119.218414
move,-86.39791,-119.355545
move,-87.71179,-119.470604
move,-89.07312,-119.59786
move,-90.4465,-119.726295
move,-91.79643,-119.845085
move,-93.148026,-119.94409
move,-94.48793,-120.036385
move,-95.865036,-120.11513
move,-97.18367,-120.13949
move,-98.53873,-120.15567
move,-99.86959,-120.17119
move,-101.22465,-120.18918
move,-102.56746,-120.21684
move,-103.934456,-120.24567
move,-105.265335,-120.26662
move,-106.60832,-120.28758
move,-107.95105,-120.31796
move,-109.303215,-120.40572
move,-110.60236,-120.62606
move,-111.84442,-121.1288
move,-112.97221,-121.83412
move,-114.00851,-122.62938
move,-115.03052,-123.50074
move,-116.01865,-124.392296
move,-116.95672,-125.31937
move,-117.90566,-126.26986
move,-118.90024,-127.26024
move,-119.98645,-128.06354
move,-121.22212,-128.5852
move,-122.554695,-128.93826
move,-123.78153,-129.15666
move,-125.12784,-129.3087
move,-126.48096,-129.3828
move,-127.85906,-129.44252
move,-129.24887,-129.51051
move,-130.59987,-129.61656
move,-131.95938,-129.76181
move,-133.27946,-129.93158
move,-134.45415,-130.09377
move,-135.73717,-130.26704
move,-137.09186,-130.45184
move,-138.46552,-130.73627
move,-139.75574,-131.25108
move,-140.90173,-131.94946
move,-142.00003,-132.80301
move,-143.03168,-133.73631
move,-144.00864,-134.6928
move,-145.01518,-135.68832
move,-146.05724,-136.66399
move,-147.15857,-137.51324
move,-148.40532,-138.23135
move,-149.66339,-138.76495
move,-150.99318,-139.12793
move,-152.36769,-139.3421
move,-153.74678,-139.52715
move,-155.14133,-139.68283
move,-156.51971,-139.72911
move,-157.89113,-139.60446
move,-159.1841,-139.2442
move,-160.45732,-138.7473
move,-161.6228,-138.10786
move,-162.66843,-137.28589
move,-163.64827,-136.38522
move,-164.57744,-135.4159
move,-165.48071,-134.38947
move,-166.38576,-133.36456
move,-167.3868,-132.41817
move,-168.5439,-131.69365
move,-169.76495,-131.13498
move,-171.05252,-130.64078
move,-172.367,-130.2665
move,-173.73187,-129.99649
move,-175.09137,-129.76286
move,-176.4531,-129.47885
move,-177.71652,-128.93893
move,-178.74127,-127.96959
move,-179.49031,-126.81484
move,-179.96057,-125.57177
move,-180.29544,-124.30866
move,-180.7603,-122.964355
move,-181.67706,-121.97799
move,-182.83563,-121.30343
move,-184.15372,-120.82431
move,-185.50409,-120.549644
move,-186.8046,-120.42246
move,-188.1908,-120.30087
move,-189.57126,-120.13008
move,-190.88759,-119.69892
move,-191.93814,-118.817314
move,-192.64992,-117.72336
move,-193.33897,-116.52839
move,-194.09544,-115.304245
move,-195.03839,-114.35124
move,-196.13547,-113.55651
move,-197.29095,-112.897484
move,-198.48914,-112.34647
move,-199.7331,-111.80889
move,-201.00453,-111.30644
move,-202.28001,-110.92837
move,-203.5654,-110.63301
move,-204.90982,-110.32445
move,-206.19217,-109.860245
move,-207.29007,-109.01667
move,-208.01208,-107.98963
move,-208.4413,-106.80863
move,-208.735,-105.54789
move,-209.0077,-104.220406
move,-209.27858,-102.892555
move,-209.54488,-101.5761
move,-209.814,-100.22321
move,-210.05458,-98.914154
move,-210.29391,-97.56797
move,-210.5259,-96.25733
move,-210.76466,-94.91103
move,-211.00505,-93.577324
move,-211.30455,-92.193794
move,-211.6687,-90.92641
move,-212.14545,-89.63248
move,-212.74205,-88.41596
move,-213.47656,-87.235535
move,-214.36768,-86.16722
move,-215.29839,-85.165726
move,-216.28302,-84.235245
move,-217.34958,-83.40008
move,-218.52168,-82.651146
move,-219.75874,-82.01535
move,-221.02657,-81.50384
move,-222.3095,-81.06786
move,-223.64404,-80.673996
move,-224.96448,-80.31913
move,-226.27806,-79.98585
move,-227.60526,-79.65689
move,-228.97137,-79.33482
move,-230.2893,-79.076675
move,-231.64427,-78.89664
move,-232.96191,-78.85008
move,-234.30473,-78.8729
move,-235.62273,-78.920685
move,-236.97678,-78.97612
move,-238.33076,-79.033585
move,-239.66083,-79.08351
move,-241.01505,-79.13238
move,-242.34506,-79.18041
move,-243.68716,-79.22889
move,-245.02945,-79.27607
move,-246.34781,-79.316795
move,-247.70245,-79.357025
move,-249.0329,-79.39597
move,-250.37547,-79.43553
move,-251.73032,-79.46643
move,-250.37547,-79.43553
move,-253.10951,-79.45139
move,-254.41403,-79.37556
move,-255.78618,-79.23586
move,-257.1173,-79.05696
move,-258.4565,-78.84953
move,-259.8678,-78.5656
move,-261.14093,-78.14148
move,-262.39124,-77.53234
move,-263.55417,-76.791695
move,-264.65927,-75.92712
move,-265.70627,-74.97458
move,-266.6702,-73.93883
move,-267.5023,-72.75034
move,-268.13928,-71.50049
move,-268.62912,-70.1471
move,-269.01486,-68.78509
move,-269.32626,-67.51601
move,-269.60574,-66.23944
move,-269.86566,-64.94647
move,-270.0847,-63.6459
move,-270.23938,-62.336636
move,-270.30862,-61.055916
move,-270.38068,-59.763226
move,-270.45264,-58.48265
move,-270.5029,-57.201046
move,-270.5497,-55.9072
move,-270.59537,-54.66173
move,-270.64212,-53.379997
move,-270.68954,-52.122494
move,-270.74695,-50.853302
move,-270.82565,-49.58529
move,-270.9203,-48.354725
move,-271.01096,-47.111748
move,-271.0972,-45.84419
move,-271.17807,-44.588394
move,-271.2433,-43.31958
move,-271.25937,-42.013172
move,-271.16257,-40.612988
move,-271.06674,-39.35823
move,-270.9638,-38.104065
move,-270.8557,-36.83818
move,-270.7983,-35.55721
move,-270.863,-34.276573
move,-271.03125,-33.017914
move,-271.33023,-31.808327
move,-271.72678,-30.512617
move,-272.11874,-29.304092
move,-272.52136,-28.099115
move,-273.01285,-26.88901
move,-273.65295,-25.792955
move,-274.41367,-24.82201
move,-275.37802,-23.87167
move,-276.41794,-23.144142
move,-277.5176,-22.558609
move,-278.71967,-22.047411
move,-279.9094,-21.63751
move,-281.1313,-21.247545
move,-282.3648,-20.854593
move,-283.59866,-20.46206
move,-284.9129,-20.043
move,-286.2156,-19.627726
move,-287.49542,-19.220217
move,-288.77173,-18.801868
move,-290.06244,-18.350876
move,-291.36032,-17.817982
move,-292.55542,-17.155445
move,-293.65814,-16.328936
move,-294.5601,-15.352777
move,-295.32782,-14.2223
move,-296.00974,-13.079263
move,-296.68967,-11.851587
move,-297.31668,-10.663827
move,-297.92365,-9.465844
move,-298.42514,-8.233618
move,-298.84784,-6.984309
move,-299.2783,-5.68656
move,-299.72226,-4.4320793
move,-300.35028,-3.206113
move,-301.20572,-2.2079265
move,-302.30435,-1.4842402
move,-303.56018,-1.0153539
move,-304.8611,-0.7358683
move,-306.21506,-0.5470688
move,-307.52686,-0.4117362
move,-308.8559,-0.2182159
move,-310.17023,-0.008329435
move,-311.47144,0.20726046
move,-312.7875,0.40540928
move,-314.12152,0.5601071
move,-315.43634,0.6652528
move,-316.77502,0.774583
move,-318.10272,0.8690012
move,-319.469,0.9184311
move,-320.79984,0.9079472
move,-322.12903,0.83931917
move,-323.4926,0.73994243
move,-324.81992,0.64049256
move,-326.16998,0.52167344
move,-327.55573,0.39690733
move,-328.9042,0.26276675
move,-330.2624,0.10501425
move,-331.60794,-0.056305647
move,-332.9772,-0.22396734
move,-334.30853,-0.40191188
move,-335.53186,-0.5652964
move,-336.90182,-0.725495
move,-338.14227,-0.8461534
move,-339.39853,-0.9161986
move,-340.68057,-0.95542955
move,-341.9871,-0.99111605
move,-343.28134,-1.0273694
move,-344.6119,-1.060305
move,-345.94223,-1.0579256
move,-347.25528,-0.935983
move,-348.54947,-0.7563312
move,-349.83838,-0.5411056
move,-351.16092,-0.30714133
move,-352.48636,-0.090141185
move,-353.14368,0.013599789
cluster,1915
move,344.91467,-0.07347924
move,343.71442,-0.24080174
move,342.5362,-0.4110652
move,341.3265,-0.5891174
move,340.15735,-0.7472317
move,338.96753,-0.91226625
move,337.75613,-1.0783267
move,336.5853,-1.222958
move,335.38208,-1.3680953
move,334.1858,-1.4766113
move,332.97586,-1.5379505
move,331.8188,-1.4902948
move,330.62994,-1.4268327
move,329.42932,-1.3865701
move,328.24963,-1.3873981
move,327.03802,-1.4150391
move,325.86917,-1.4344505
move,324.64673,-1.4218931
move,323.45935,-1.3375131
move,322.30508,-1.2406081
move,321.14212,-1.1217992
move,319.96173,-0.9673392
move,318.78174,-0.81034225
move,317.6502,-0.67563915
move,316.60733,-0.5618176
move,315.52454,-0.45922554
move,314.4869,-0.397122
move,313.39078,-0.3483121
move,312.3327,-0.31055683
move,311.2265,-0.27126008
move,310.15906,-0.22663125
move,309.0338,-0.18284053
move,307.9467,-0.15094098
move,306.84952,-0.14356706
move,305.76196,-0.15232848
move,304.7513,-0.15973619
move,303.7602,-0.13905826
move,302.61768,-0.061504234
move,301.65826,0.09151641
move,300.59827,0.40864137
move,299.49673,0.8410197
move,298.53357,1.3455582
move,297.53458,1.9618682
move,296.6618,2.672166
move,295.86276,3.4518633
move,295.0419,4.264439
move,294.34656,4.943885
move,293.4859,5.728388
move,292.40103,6.6187644
move,291.19788,7.429888
move,289.93634,8.014177
move,288.55502,8.4149275
move,287.1955,8.646756
move,285.79022,8.817271
move,284.40573,8.956576
move,283.01968,9.079748
move,281.6326,9.1907015
move,280.22076,9.296684
move,278.845,9.397191
move,277.45667,9.490571
move,276.04626,9.612497
move,274.66367,9.769041
move,273.28796,9.977346
move,271.95145,10.264533
move,270.59976,10.641918
move,269.33777,11.100241
move,268.08536,11.705312
move,266.8973,12.429293
move,265.77438,13.209242
move,264.6387,14.054145
move,263.6097,14.935933
move,262.54578,15.851512
move,261.4358,16.689432
move,260.17496,17.355423
move,258.91693,17.824675
move,257.6214,18.261976
move,256.2795,18.71322
move,254.91293,19.203197
move,253.698,19.897364
move,252.6822,20.846342
move,251.81339,22.035408
move,251.20963,23.328192
move,250.67427,24.625698
move,250.10852,25.89649
move,249.30754,27.101648
move,248.21486,27.892433
move,246.93396,28.39962
move,245.61572,28.710852
move,244.2677,28.939535
move,242.892,29.148478
move,241.53908,29.34674
move,240.17082,29.521044
move,238.79655,29.63959
move,237.43196,29.725489
move,236.1754,29.793016
move,234.9069,29.863865
move,233.68945,29.969631
move,232.45459,30.137144
move,231.04323,30.471283
move,229.74492,31.060436
move,228.66364,31.748951
move,227.57573,32.69075
move,226.72212,33.565186
move,225.89516,34.465057
move,225.05794,35.37186
move,224.17328,36.266342
move,223.20726,37.01323
move,222.083,37.67833
move,220.79341,38.260635
move,219.45082,38.746204
move,218.06744,39.18686
move,216.67494,39.49877
move,215.2557,39.648838
move,213.84077,39.68903
move,212.41286,39.68741
move,210.97284,39.681458
move,209.53282,39.6755
move,208.0928,39.673244
move,206.6409,39.6863
move,205.2151,39.754635
move,203.82794,39.964188
move,202.45471,40.351143
move,201.18187,40.911
move,199.90555,41.602745
move,198.73407,42.375008
move,197.73672,43.122192
move,196.65497,44.034866
move,195.69101,45.00409
move,194.78116,46.00843
move,193.9589,46.92883
move,193.08221,47.83036
move,192.11304,48.55254
move,190.82121,49.23887
move,189.44513,49.695957
move,188.21324,49.87759
move,186.78636,49.913326
move,185.56479,49.8777
move,184.29506,49.834972
move,183.07327,49.811176
move,181.83937,49.78749
move,180.60551,49.761383
move,179.35997,49.717934
move,178.13892,49.66879
move,176.90579,49.617725
move,175.6606,49.56396
move,174.42778,49.505695
move,173.15936,49.43296
move,171.91678,49.337852
move,170.66943,49.174778
move,169.48705,48.86937
move,168.33778,48.3901
move,167.18376,47.57555
move,166.15492,46.603374
move,165.12115,45.583755
move,164.08784,44.56367
move,163.21812,43.705124
move,162.29895,42.828323
move,161.13206,42.010284
move,159.80673,41.390194
move,158.50774,40.967022
move,157.30702,40.742603
move,156.04298,40.617836
move,154.78523,40.58237
move,153.53906,40.57062
move,152.26869,40.55389
move,150.95006,40.527443
move,149.70422,40.49238
move,148.41019,40.45016
move,147.15265,40.404114
move,145.7879,40.321968
move,144.45198,40.184093
move,143.1739,39.97954
move,141.9056,39.58242
move,140.78932,39.056618
move,139.65552,38.457207
move,138.51573,37.793827
move,137.43864,37.097763
move,136.39731,36.349117
move,135.36588,35.586792
move,134.28577,34.788498
move,133.25456,34.046425
move,132.1696,33.318153
move,131.05646,32.63364
move,129.9157,31.971725
move,128.72968,31.368391
move,127.546455,30.907751
move,126.27538,30.609718
move,124.951294,30.482843
move,123.64556,30.515074
move,122.37801,30.702787
move,121.14926,31.106548
move,119.98404,31.694715
move,118.9225,32.392616
move,117.8528,33.143013
move,116.831245,33.918556
move,115.8096,34.693993
move,114.766304,35.480865
move,113.66225,36.178036
move,112.54469,36.782425
move,111.41104,37.38235
move,110.23698,37.983234
move,109.05054,38.500317
move,107.81911,38.85643
move,106.55846,39.091663
move,105.31128,39.258984
move,104.02692,39.422287
move,102.77602,39.55889
move,101.52269,39.671623
move,100.23278,39.782917
move,98.9859,39.94885
move,97.673836,40.28586
move,96.286026,40.712795
move,95.02691,41.143246
move,93.91756,41.733227
move,92.8296,42.519833
move,91.91938,43.402973
move,91.34674,44.528667
move,91.120735,45.75211
move,91.055664,47.0813
move,90.994446,48.495686
move,90.93258,49.897923
move,90.87395,51.312393
move,90.83016,52.727413
move,90.78597,54.154522
move,90.73831,55.59363
move,90.68553,56.984127
move,90.63038,58.39875
move,90.569496,59.801033
move,90.50566,61.227398
move,90.43945,62.641556
move,90.376236,64.05583
move,90.309616,65.45788
move,90.23515,66.871605
move,90.152596,68.30914
move,90.05629,69.73372
move,89.94496,71.18143
move,89.830635,72.604645
move,89.72175,74.04045
move,89.6367,75.271706
move,89.57672,76.67401
move,89.51878,78.11274
move,89.46594,79.53956
move,89.437775,80.78539
move,89.5728,82.20574
move,89.80635,83.65104
move,90.11148,85.058075
move,90.480225,86.43736
move,90.82917,87.63379
move,91.31614,89.00097
move,91.80637,90.1204
move,92.356125,91.2113
move,93.20035,92.405556
move,94.169914,93.48566
move,95.24759,94.49409
move,96.389046,95.41026
move,97.60909,96.21915
move,98.869576,96.9395
move,99.93991,97.50379
move,101.04785,98.04751
move,102.16163,98.57928
move,103.352104,99.14698
move,104.48671,99.6913
move,105.789375,100.33269
move,106.89222,100.88675
move,107.978226,101.44716
move,109.04822,102.01215
move,110.13189,102.60277
move,111.21669,103.216324
move,112.4635,103.983376
move,113.61742,104.82366
move,114.570274,105.60788
move,115.4644,106.440414
move,116.42572,107.57562
move,117.19234,108.7215
move,117.85053,110.02823
move,118.350586,111.365204
move,118.7645,112.6556
move,119.13322,113.8714
move,119.46392,115.11047
move,119.74763,116.336464
move,120.03346,117.59922
move,120.30385,118.89007
move,120.530205,120.127914
move,120.73667,121.381516
move,120.92225,122.65062
move,121.10155,123.88397
move,121.28386,125.12911
move,121.480804,126.46991
move,121.674644,127.713264
move,121.944374,128.92947
move,122.36045,130.15486
move,122.871635,131.29115
move,123.483536,132.3899
move,124.24075,133.43916
move,125.156006,134.53497
move,125.97152,135.49338
move,126.76771,136.48318
move,127.56771,137.66492
move,128.26074,138.89926
move,128.8929,140.13873
move,129.43417,141.45946
move,129.86334,142.79553
move,130.20924,144.16817
move,130.49474,145.52992
move,130.68935,146.72409
move,130.81969,148.15744
move,130.82095,149.40355
move,130.73462,150.78004
move,130.61502,152.20287
move,130.49248,153.58894
move,130.3635,154.98657
move,130.23448,156.38422
move,130.1061,157.81833
move,129.98845,159.21701
move,129.86588,160.65167
move,129.7391,162.086
move,129.57411,163.51633
move,129.3337,164.91124
move,129.04446,166.2723
move,128.71799,167.51248
move,128.30775,168.7271
move,127.75404,169.86948
move,127.10693,170.92024
move,126.42657,171.97884
move,125.729164,173.06966
move,125.05893,174.1347
move,124.40033,175.23526
move,123.78086,176.35817
move,123.17812,177.59883
move,122.647156,178.75296
move,122.189964,179.95096
move,121.83608,181.19603
move,121.55224,182.43442
move,121.297,183.6914
move,121.06159,184.93991
move,120.83009,186.21371
move,120.59874,187.48758
move,120.369484,188.74954
move,120.136024,190.04767
move,119.90736,191.32207
move,119.67677,192.59605
move,119.44072,193.89365
move,119.20124,195.16599
move,118.91421,196.40344
move,118.55538,197.59676
move,118.107666,198.87582
move,117.59892,200.24863
move,117.023636,201.58127
move,116.4056,202.64877
move,115.53062,203.79088
move,114.65418,204.65886
move,113.4819,205.57463
move,112.38978,206.24579
move,111.094734,206.81535
move,109.95621,207.25954
move,108.81247,207.68994
move,107.42506,208.15741
move,106.26037,208.5276
move,104.85022,208.92114
move,103.635666,209.20016
move,102.43505,209.42818
move,101.02836,209.67279
move,99.680885,209.90483
move,98.40491,210.12419
move,97.15345,210.34332
move,95.879486,210.57407
move,94.618835,210.81038
move,93.35988,211.05545
move,92.06854,211.32347
move,90.8347,211.67122
move,89.668106,212.20102
move,88.560616,212.84764
move,87.47182,213.56978
move,86.46348,214.36185
move,85.474785,215.25261
move,84.57115,216.22882
move,83.799576,217.29695
move,83.16218,218.46474
move,82.60832,219.66168
move,82.100784,220.78671
move,81.5724,221.96869
move,81.03936,223.16183
move,80.48913,224.40027
move,80.03726,225.62607
move,79.721855,226.85637
move,79.501625,228.14404
move,79.3742,229.40793
move,79.3303,230.76215
move,79.350426,232.0808
move,79.39579,233.38687
move,79.443016,234.69275
move,79.497955,236.03476
move,79.55275,237.36469
move,79.587616,238.6589
move,79.57084,239.98964
move,79.50174,241.29453
move,79.35886,242.62973
move,79.144554,243.93095
move,78.86537,245.24466
move,78.487366,246.5829
move,77.82013,247.85312
move,76.93604,248.74376
move,75.843956,249.43582
move,74.70001,249.92888
move,73.54581,250.36597
move,72.34639,250.82039
move,71.141235,251.32458
move,70.06516,251.95169
move,69.022,252.6554
move,67.99874,253.40834
move,67.0051,254.18053
move,66.022606,254.94734
move,65.01085,255.73558
move,64.00208,256.5277
move,62.993145,257.25916
move,61.923534,257.94434
move,60.812267,258.50635
move,59.66503,258.92624
move,58.422268,259.28815
move,57.201405,259.5375
move,55.955437,259.71292
move,54.724636,259.80115
move,53.4908,259.82816
move,52.256645,259.83832
move,51.02247,259.84766
move,49.788296,259.8573
move,48.566277,259.87128
move,47.150692,259.8896
move,45.73514,259.90967
move,44.331722,259.9321
move,42.9162,259.9544
move,41.52487,259.97635
move,40.12144,259.99835
move,38.718018,260.02045
move,37.508167,260.03943
move,36.09264,260.06155
move,34.870693,260.0809
move,33.443073,260.10352
move,32.17274,260.12402
move,30.82986,260.1483
move,29.547468,260.1712
move,28.26506,260.19348
move,26.934204,260.213
move,25.627558,260.2326
move,24.347145,260.30023
move,22.899292,260.58014
move,21.543242,260.98563
move,20.39897,261.44714
move,19.273027,261.95258
move,18.121458,262.48914
move,17.049137,263.04953
move,15.929131,263.69846
move,14.902986,264.44568
move,14.019947,265.30673
move,13.2385435,266.26147
move,12.565287,267.32355
move,12.036549,268.4379
move,11.637704,269.6182
move,11.324019,270.82425
move,11.0562525,272.0415
move,10.8102665,273.25095
move,10.561209,274.4845
move,10.315661,275.71878
move,10.078272,276.9299
move,9.820757,278.2481
move,9.570574,279.5307
move,9.413924,280.803
move,9.324624,282.1188
move,9.241385,283.3501
move,9.163757,284.64246
move,9.090187,285.95926
move,9.017644,287.22778
move,8.893495,288.65
move,8.664845,289.87372
move,8.24016,291.0443
move,7.6678505,292.178
move,6.889,293.33002
move,6.107695,294.3165
move,5.298689,295.2645
move,4.4424596,296.1359
move,3.5226443,296.9586
move,2.482698,297.70657
move,1.2471591,298.4221
move,0.0981089,299.04437
move,-1.0805094,299.68817
move,-2.249923,300.48462
move,-3.2742934,301.38745
move,-4.0389023,302.41446
move,-4.600556,303.55243
move,-4.938399,304.82446
move,-4.9621944,306.0799
move,-4.6893487,307.30518
move,-4.178049,308.48032
move,-3.5504165,309.57095
move,-2.882762,310.66605
move,-2.1798723,311.75333
move,-1.4301903,312.82367
move,-0.6638879,313.92654
move,-0.02510465,315.07904
move,0.38595688,316.29205
move,0.63002455,317.5757
move,0.82225674,318.90494
move,0.9039601,320.1847
move,0.96247697,321.4539
move,1.0233973,322.74722
move,1.1014051,324.0638
move,1.2189252,325.3774
move,1.3207535,326.70383
move,1.270145,328.0209
move,1.1266117,329.3075
move,0.9357058,330.56332
move,0.68738616,331.82162
move,0.38100585,333.0919
move,0.067529514,334.3605
move,-0.19874264,335.61493
move,-0.3880184,336.9076
move,-0.48426735,338.2105
move,-0.49420226,339.48083
move,-0.42978492,340.7374
move,-0.3357196,342.0044
move,-0.24240522,343.28363
move,-0.15876842,344.56348
move,-0.08993072,345.84427
move,-0.020243866,347.1249
move,0.055189308,348.41742
move,0.140568,349.73367
move,0.18620631,350.9911
move,0.20757878,352.32175
move,0.22586735,353.6284
move,0.23590097,354.91113
move,0.24500151,356.23004
move,0.25690755,357.5732
move,0.27339387,358.90417
move,0.28141817,360.2232
move,0.29100117,361.6753
move,0.32876927,362.921
move,0.39612406,364.20178
move,0.48969108,365.49316
move,0.6198527,366.7691
move,0.800553,368.01437
move,1.0180502,369.2907
move,1.2282034,370.54364
move,1.4008071,371.80225
move,1.5200249,373.07904
move,1.5662904,374.33655
move,1.586348,375.6069
move,1.5661774,376.88864
move,1.4354469,378.15176
move,1.219892,379.4038
move,0.9505926,380.6577
move,0.6487351,381.91666
move,0.34238228,383.17456
move,0.07872111,384.4174
move,-0.0268139,385.0866
cluster,2050
move,0.038662273,-364.4067
move,0.088581726,-363.16367
move,0.13303897,-362.08142
move,0.18289006,-360.80606
move,0.2028354,-359.57288
move,0.21316698,-358.4897
move,0.2338175,-357.24573
move,0.25489506,-356.0233
move,0.2745223,-354.9296
move,0.29466656,-353.84653
move,0.31836864,-352.57043
move,0.3420415,-351.2943
move,0.36576676,-350.00754
move,0.38675404,-348.8923
move,0.42176363,-347.63803
move,0.45703506,-346.4803
move,0.49100322,-345.32254
move,0.5170485,-344.20746
move,0.50908965,-343.0604
move,0.41287327,-341.92767
move,0.2840557,-340.79828
move,0.11169262,-339.66373
move,-0.06925675,-338.54135
move,-0.27007902,-337.38974
move,-0.45762685,-336.2142
move,-0.60050654,-335.10794
move,-0.7029705,-333.9651
move,-0.7610072,-332.8297
move,-0.8102983,-331.66174
move,-0.8261457,-330.49295
move,-0.77027255,-329.34677
move,-0.67929834,-328.14902
move,-0.5999566,-326.98273
move,-0.51213527,-325.82773
move,-0.38452375,-324.63333
move,-0.247832,-323.47238
move,-0.11403172,-322.30026
move,0.01297262,-321.12738
move,0.1278072,-319.97482
move,0.20120595,-318.81894
move,0.2097236,-317.55368
move,0.08373295,-316.34946
move,-0.22798267,-315.25748
move,-0.7505581,-314.15366
move,-1.3894551,-313.21442
move,-2.10232,-312.35657
move,-2.7743115,-311.4413
move,-3.3178313,-310.4431
move,-3.7626762,-309.31888
move,-3.9580884,-307.93622
move,-3.8395953,-306.58426
move,-3.4809537,-305.2603
move,-2.9705808,-304.00043
move,-2.4169087,-302.75873
move,-1.8214409,-301.50723
move,-1.2660143,-300.23785
move,-0.8582586,-298.94183
move,-0.6552149,-297.5587
move,-0.60556114,-296.22675
move,-0.62078846,-294.88025
move,-0.6357391,-293.52057
move,-0.63992333,-292.16092
move,-0.6288949,-290.82767
move,-0.62963086,-289.28323
move,-0.62931675,-287.9236
move,-0.6233395,-286.37915
move,-0.6031716,-285.01968
move,-0.5250591,-283.47733
move,-0.41449034,-281.92355
move,-0.30946553,-280.4886
move,-0.21097875,-279.14575
move,-0.110725164,-277.78986
move,-0.018911682,-276.24832
move,0.06765293,-274.91806
move,0.17700097,-273.5894
move,0.28737998,-272.2607
move,0.41646296,-270.72177
move,0.5335238,-269.3804
move,0.6560207,-268.05286
move,0.7785268,-266.7253
move,0.9007681,-265.3713
move,0.99757653,-264.01532
move,1.0755098,-262.41995
move,1.1215441,-260.8631
move,1.0810516,-259.29303
move,1.0001748,-257.8698
move,0.88745546,-256.31192
move,0.7905668,-254.9723
move,0.6840126,-253.74274
move,0.5720802,-252.50146
move,0.45520994,-251.21207
move,0.33676282,-249.97144
move,0.20952298,-248.70734
move,0.07744672,-247.48026
move,-0.06710181,-246.25455
move,-0.21669099,-245.02943
move,-0.3717163,-243.73183
move,-0.5240807,-242.40958
move,-0.6684618,-241.13513
move,-0.83007556,-239.85068
move,-1.0007232,-238.55508
move,-1.1515656,-237.26918
move,-1.3056571,-235.95932
move,-1.4846375,-234.67712
move,-1.735863,-233.44434
move,-2.1004343,-232.19011
move,-2.562134,-231.01964
move,-3.0742548,-229.84383
move,-3.6491282,-228.69746
move,-4.28866,-227.61398
move,-4.9997334,-226.56128
move,-5.81526,-225.557
move,-6.7597623,-224.72755
move,-7.810165,-224.05843
move,-8.998542,-223.48764
move,-10.128196,-223.05458
move,-11.331503,-222.6469
move,-12.558339,-222.23323
move,-13.745803,-221.81673
move,-15.01266,-221.37065
move,-16.215813,-220.9629
move,-17.464474,-220.62143
move,-18.759672,-220.31497
move,-20.030409,-220.06804
move,-21.327991,-219.9159
move,-22.6783,-219.80112
move,-23.9598,-219.75398
move,-25.31496,-219.7428
move,-26.658043,-219.73535
move,-28.037436,-219.73175
move,-29.368431,-219.73041
move,-30.784136,-219.72794
move,-32.151405,-219.71924
move,-33.63962,-219.70439
move,-34.922188,-219.69495
move,-36.277004,-219.71811
move,-37.558144,-219.77927
move,-38.911655,-219.84657
move,-40.225037,-219.96571
move,-41.5476,-220.11548
move,-42.881542,-220.27211
move,-44.238068,-220.44344
move,-45.605667,-220.6235
move,-46.975372,-220.78606
move,-48.351395,-220.8797
move,-49.754673,-220.90477
move,-51.144787,-220.849
move,-52.519245,-220.73251
move,-53.91751,-220.61023
move,-55.292053,-220.49449
move,-56.69113,-220.38182
move,-58.043274,-220.29115
move,-59.384533,-220.22142
move,-60.739307,-220.18974
move,-62.03399,-220.18777
move,-63.32859,-220.20334
move,-64.63508,-220.23172
move,-65.91736,-220.26059
move,-67.272316,-220.28595
move,-68.63938,-220.30864
move,-70.05485,-220.33487
move,-71.36136,-220.36186
move,-72.70417,-220.35109
move,-74.07975,-220.2499
move,-75.48549,-220.0838
move,-76.77982,-219.83315
move,-78.04984,-219.4377
move,-79.24229,-218.90414
move,-80.42098,-218.26094
move,-81.53292,-217.57446
move,-82.67267,-216.86389
move,-83.79177,-216.16597
move,-84.93134,-215.45522
move,-86.08136,-214.7383
move,-87.27234,-213.99554
move,-88.44631,-213.2713
move,-89.64741,-212.56895
move,-90.95138,-211.9318
move,-92.097565,-211.47443
move,-93.25759,-211.09065
move,-94.46324,-210.77568
move,-95.66393,-210.49
move,-96.991745,-210.07732
move,-98.11546,-209.59747
move,-99.33488,-208.90437
move,-100.46894,-208.0983
move,-101.519104,-207.28061
move,-102.62164,-206.41199
move,-103.61963,-205.62569
move,-104.684204,-204.78711
move,-105.75298,-203.95384
move,-106.846375,-203.13301
move,-107.992256,-202.41069
move,-109.19817,-201.79288
move,-110.47924,-201.28404
move,-111.74639,-200.91898
move,-113.066124,-200.61139
move,-114.38084,-200.33665
move,-115.707985,-200.06227
move,-117.03743,-199.79929
move,-118.37954,-199.53793
move,-119.690346,-199.24603
move,-121.07567,-198.77722
move,-122.29951,-198.02444
move,-123.27844,-197.1783
move,-124.23296,-196.26814
move,-125.188194,-195.35875
move,-126.193085,-194.48657
move,-127.25554,-193.70589
move,-128.4028,-193.05716
move,-129.59572,-192.55481
move,-130.84775,-192.1034
move,-132.13933,-191.69359
move,-133.37961,-191.36719
move,-134.65074,-191.0641
move,-135.93893,-190.78123
move,-137.25638,-190.52022
move,-138.54437,-190.29944
move,-139.84483,-190.07938
move,-141.16914,-189.85553
move,-142.4696,-189.6355
move,-143.75787,-189.41634
move,-145.05858,-189.198
move,-146.37387,-188.99403
move,-147.70267,-188.79839
move,-149.02115,-188.61665
move,-150.35637,-188.47212
move,-151.67311,-188.3999
move,-153.04036,-188.38867
move,-154.33467,-188.41937
move,-155.6646,-188.47221
move,-157.00565,-188.54306
move,-158.33987,-188.69693
move,-159.64952,-188.85278
move,-160.99501,-189.01431
move,-162.32843,-189.17566
move,-163.6777,-189.29984
move,-164.99626,-189.30255
move,-166.34749,-189.20381
move,-167.64049,-188.9482
move,-168.8922,-188.57358
move,-170.13103,-188.12175
move,-171.32689,-187.59566
move,-172.47758,-186.95241
move,-173.54163,-186.1949
move,-174.52019,-185.34792
move,-175.44244,-184.37238
move,-176.24512,-183.32661
move,-176.91237,-182.21794
move,-177.48929,-181.03201
move,-178.00327,-179.83066
move,-178.45549,-178.59175
move,-178.85863,-177.32355
move,-179.11086,-176.05539
move,-179.24199,-174.7795
move,-179.37578,-173.47955
move,-179.50522,-172.15492
move,-179.60767,-170.87646
move,-179.70111,-169.58516
move,-179.78273,-168.29305
move,-179.86638,-166.98895
move,-179.94568,-165.68456
move,-180.02153,-164.41624
move,-180.09767,-163.11171
move,-180.17381,-161.80716
move,-180.2483,-160.51454
move,-180.32301,-159.22194
move,-180.39757,-157.94142
move,-180.47786,-156.56445
move,-180.55179,-155.29613
move,-180.62512,-154.03992
move,-180.70027,-152.74745
move,-180.77124,-151.46683
move,-180.83891,-150.18602
move,-180.90656,-148.86885
move,-180.95078,-147.62338
move,-180.99104,-146.34149
move,-181.03139,-145.0717
move,-181.07332,-143.7898
move,-181.11508,-142.51999
move,-181.15723,-141.22597
move,-181.20386,-139.94417
move,-181.25737,-138.66269
move,-181.3268,-137.36989
move,-181.41768,-136.07835
move,-181.54062,-134.80176
move,-181.69446,-133.52844
move,-181.85448,-132.2315
move,-182.01889,-130.9107
move,-182.25117,-129.60072
move,-182.62329,-128.3614
move,-183.15518,-127.115685
move,-183.77869,-126.02323
move,-184.55827,-124.93049
move,-185.45712,-124.001076
move,-186.49936,-123.214096
move,-187.6247,-122.55146
move,-188.80086,-122.041245
move,-190.01587,-121.631325
move,-191.32909,-121.29817
move,-192.56544,-121.06428
move,-193.87172,-120.883026
move,-195.17436,-120.7811
move,-196.43173,-120.73197
move,-197.73807,-120.69789
move,-199.05678,-120.676315
move,-200.33931,-120.67324
move,-201.60939,-120.703964
move,-202.92715,-120.7573
move,-204.18333,-120.83207
move,-205.45123,-120.91355
move,-206.7433,-120.99578
move,-208.0839,-121.07724
move,-209.42535,-121.14166
move,-210.68356,-121.153915
move,-211.96512,-121.1052
move,-213.23808,-120.95238
move,-214.50006,-120.72356
move,-215.75163,-120.44449
move,-217.0002,-120.10192
move,-218.24826,-119.75758
move,-219.50523,-119.35934
move,-220.73698,-118.85613
move,-221.87772,-118.220924
move,-222.91641,-117.40979
move,-223.84099,-116.504135
move,-224.2974,-116.00332
move,-225.60498,-114.49475
move,-226.40517,-113.446686
move,-227.16684,-112.31145
move,-227.82018,-111.15249
move,-228.37148,-109.914925
move,-228.83813,-108.65559
move,-229.26285,-107.36871
move,-229.66539,-106.074684
move,-230.06784,-104.78063
move,-230.53302,-103.32882
move,-231.07724,-101.9179
move,-231.66074,-100.58834
move,-232.27257,-99.20511
move,-232.87158,-97.82951
move,-233.40273,-96.70254
move,-234.09825,-95.62639
move,-235.08452,-94.61539
move,-236.24539,-93.82839
move,-237.4858,-93.146736
move,-238.74739,-92.5316
move,-240.04163,-91.95816
move,-241.32205,-91.44518
move,-242.66455,-90.9247
move,-243.9588,-90.4839
move,-245.29265,-90.04698
move,-246.62355,-89.60123
move,-247.93384,-89.06616
move,-249.17957,-88.42058
move,-250.34474,-87.682884
move,-251.44019,-86.86515
move,-252.4927,-85.97381
move,-253.53061,-84.993645
move,-254.48827,-83.95131
move,-255.4265,-82.85908
move,-256.27908,-81.77503
move,-257.02768,-80.6602
move,-257.67673,-79.51246
move,-258.23856,-78.27973
move,-258.70334,-77.03264
move,-259.1051,-75.77648
move,-259.49924,-74.51786
move,-259.90237,-73.22401
move,-260.2934,-71.951805
move,-260.74796,-70.662636
move,-261.35056,-69.50523
move,-262.07318,-68.44579
move,-262.84012,-67.372894
move,-263.60718,-66.30009
move,-264.36786,-65.237465
move,-265.127,-64.17381
move,-265.88937,-63.082817
move,-266.58942,-61.93772
move,-267.07468,-60.76455
move,-267.42493,-59.53118
move,-267.6939,-58.264774
move,-267.95334,-57.00867
move,-268.2147,-55.728287
move,-268.44882,-54.45496
move,-268.65305,-53.17653
move,-268.83978,-51.895363
move,-269.03067,-50.60258
move,-269.2231,-49.310024
move,-269.40607,-48.04052
move,-269.5892,-46.758835
move,-269.72998,-45.459892
move,-269.78745,-44.178646
move,-269.82278,-42.88445
move,-269.84152,-41.614105
move,-269.8564,-40.355797
move,-269.87292,-39.06122
move,-269.88843,-37.77871
move,-269.904,-36.471985
move,-269.92047,-35.128975
move,-269.9375,-33.798088
move,-269.96375,-32.515755
move,-269.9915,-31.197144
move,-270.02032,-29.878563
move,-270.04953,-28.438955
move,-270.0708,-27.108126
move,-270.08902,-25.68044
move,-270.10486,-24.373743
move,-270.12253,-23.05496
move,-270.14236,-21.748306
move,-270.16122,-20.441645
move,-270.17938,-19.13497
move,-270.1996,-17.828314
move,-270.21985,-16.509558
move,-270.24017,-15.190814
move,-270.26346,-13.860019
move,-270.28992,-12.553483
move,-270.31393,-11.234805
move,-270.3379,-9.9161215
move,-270.3591,-8.609496
move,-270.3898,-7.2909775
move,-270.426,-5.9967856
move,-270.4619,-4.7025833
move,-270.4886,-3.383975
move,-270.50757,-2.1015155
move,-270.5264,-0.819053
move,-270.54358,0.4755323
move,-270.55933,1.758035
move,-270.57678,3.040516
move,-270.59525,4.3108807
move,-270.61398,5.593344
move,-270.63205,6.863716
move,-270.6506,8.13408
move,-270.66962,9.416537
move,-270.68863,10.698995
move,-270.70743,11.969354
move,-270.72617,13.239712
move,-270.74493,14.510073
move,-270.76385,15.792532
move,-270.7827,17.074993
move,-270.8019,18.357447
move,-270.82492,19.627737
move,-270.8507,20.922182
move,-270.8762,22.252934
move,-270.90518,23.547297
move,-270.9616,24.828655
move,-271.01852,26.1221
move,-271.07324,27.415636
move,-271.11328,28.697601
move,-271.1542,30.124817
move,-271.1774,31.491873
move,-271.16504,32.79861
move,-271.14386,34.165745
move,-271.12262,35.508675
move,-271.1015,36.8758
move,-271.0818,38.23087
move,-271.06488,39.598072
move,-271.0482,40.96526
move,-271.03018,42.33244
move,-271.01022,43.69961
move,-270.9904,45.06677
move,-270.9822,46.43402
move,-270.98187,47.7892
move,-270.98206,49.14438
move,-270.98026,50.511658
move,-270.97754,51.854736
move,-270.97385,53.222015
move,-270.96783,54.589294
move,-270.9494,55.956448
move,-270.90375,57.298756
move,-270.84793,58.677013
move,-270.74545,60.015987
move,-270.62317,61.365654
move,-270.50092,62.70318
move,-270.37686,64.06483
move,-270.25705,65.402565
move,-270.14163,66.74067
move,-270.02554,68.09088
move,-269.8965,69.45204
move,-269.72992,70.796906
move,-269.54086,72.1144
move,-269.31723,73.43859
move,-269.01456,74.7222
move,-268.70505,76.00426
move,-268.36853,77.341896
move,-267.94012,78.62702
move,-267.34903,79.84494
move,-266.60876,80.921234
move,-265.77554,81.94329
move,-264.87344,82.95463
move,-263.94446,83.9244
move,-262.96286,84.8229
move,-261.88586,85.66454
move,-260.73444,86.40089
move,-259.46957,87.06234
move,-258.25723,87.58118
move,-256.98242,88.075134
move,-255.67879,88.52522
move,-254.37692,88.85314
move,-253.06871,89.09815
move,-251.71875,89.31494
move,-250.36096,89.47483
move,-248.99702,89.568596
move,-247.6301,89.586525
move,-246.25255,89.5182
move,-244.84328,89.38347
move,-243.43115,89.28582
move,-242.06465,89.29896
move,-240.67955,89.42831
move,-239.30533,89.64598
move,-238.10303,89.86492
move,-236.74562,90.02692
move,-235.3968,90.15813
move,-234.03365,90.263954
move,-232.6565,90.342026
move,-231.21782,90.400375
move,-229.87491,90.41376
move,-228.48416,90.37075
move,-227.0857,90.25303
move,-225.69469,90.06616
move,-224.285,89.839554
move,-222.8549,89.673965
move,-221.48862,89.63408
move,-220.09929,89.705315
move,-218.68872,89.825134
move,-217.33786,89.93262
move,-215.96837,90.09712
move,-214.62195,90.249855
move,-213.27017,90.34502
move,-211.91711,90.42075
move,-210.67227,90.4803
move,-209.28291,90.55552
move,-207.94658,90.6902
move,-206.58696,90.834366
move,-205.24043,90.98733
move,-203.91316,91.19186
move,-202.60052,91.47506
move,-201.30496,91.8291
move,-199.93916,92.24502
move,-198.6398,92.67044
move,-197.35735,93.10829
move,-196.10974,93.604515
move,-194.95744,94.29107
move,-193.94167,95.1668
move,-193.12009,96.211754
move,-192.42189,97.33038
move,-191.80461,98.495804
move,-191.22018,99.69159
move,-190.68413,100.92297
move,-190.17554,102.13986
move,-189.60779,103.43662
move,-189.00662,104.5553
move,-188.2235,105.644325
move,-187.2648,106.54708
move,-186.15692,107.32602
move,-184.99689,107.95202
move,-183.74849,108.47869
move,-182.47377,108.93837
move,-181.18547,109.3589
move,-179.91515,109.75621
move,-178.62958,110.145035
move,-177.34047,110.52201
move,-176.02667,110.90088
move,-174.73584,111.271866
move,-173.44592,111.64604
move,-172.14818,112.0363
move,-170.86328,112.50163
move,-169.66147,113.125565
move,-168.52965,113.9119
move,-167.53671,114.83322
move,-166.598,115.81053
move,-165.71259,116.85191
move,-164.91306,117.88559
move,-164.0735,118.96468
move,-163.25694,120.06117
move,-162.51869,121.168526
move,-161.81123,122.352554
move,-161.19055,123.54322
move,-160.66963,124.780846
move,-160.25827,126.04615
move,-159.96762,127.332245
move,-159.72809,128.62921
move,-159.47635,129.9731
move,-159.19522,131.37291
move,-158.88095,132.66608
move,-158.45935,133.95341
move,-157.89232,135.1431
move,-157.17035,136.24583
move,-156.29492,137.24666
move,-155.26343,138.08556
move,-154.07594,138.70741
move,-152.845,139.10748
move,-151.56337,139.41783
move,-150.24245,139.66025
move,-148.91777,139.88165
move,-147.60124,140.14687
move,-146.33356,140.50937
move,-145.11478,141.06818
move,-144.0676,141.86536
move,-143.22188,142.88908
move,-142.60843,144.05492
move,-142.12738,145.29567
move,-141.7114,146.55989
move,-141.34158,147.83836
move,-141.0065,149.15141
move,-140.73009,150.45331
move,-140.52809,151.78093
move,-140.39203,153.11717
move,-140.27777,154.46751
move,-140.17738,155.77045
move,-140.08755,157.12262
move,-140.02243,158.48834
move,-139.98546,159.80672
move,-139.95169,161.14938
move,-139.919,162.49219
move,-139.88298,163.87117
move,-139.84126,165.21368
move,-139.79283,166.59222
move,-139.73949,167.97063
move,-139.68376,169.34886
move,-139.62982,170.73926
move,-139.58943,172.15439
move,-139.58142,173.52173
move,-139.57913,174.93755
move,-139.60002,176.3531
move,-139.6337,177.73207
move,-139.67441,179.14716
move,-139.71788,180.5622
move,-139.75607,181.82005
move,-139.80241,183.22287
move,-139.84561,184.49266
move,-139.89215,185.87134
move,-139.931,187.23811
move,-139.9606,188.61722
move,-139.97466,189.98438
move,-139.98613,191.32733
move,-140.00287,192.70663
move,-140.02034,194.06174
move,-140.03433,195.40474
move,-140.04422,196.75978
move,-140.05948,198.09065
move,-140.09726,199.42107
move,-140.14697,200.75113
move,-140.21342,202.08041
move,-140.2853,203.39735
move,-140.36084,204.7383
move,-140.45119,206.07838
move,-140.54323,207.4062
move,-140.63553,208.72185
move,-140.73164,210.02512
move,-140.82834,211.32841
move,-140.92761,212.68
move,-141.0379,214.00627
move,-141.20674,215.31425
move,-141.37665,216.65875
move,-141.56375,217.9398
move,-141.83096,219.25572
move,-142.1912,220.49884
move,-142.6609,221.75691
move,-143.17352,222.90561
move,-143.84453,224.01097
move,-144.73268,224.96599
move,-145.75359,225.74124
move,-146.87328,226.4134
move,-148.04306,226.96771
move,-149.24329,227.48457
move,-150.43593,227.98842
move,-151.67377,228.50958
move,-152.87839,229.01631
move,-154.10544,229.5321
move,-155.33615,230.0389
move,-156.54782,230.52834
move,-157.77147,231.02031
move,-158.99513,231.5123
move,-160.27173,232.03465
move,-161.55182,232.66582
move,-162.74556,233.33241
move,-163.77963,233.98303
move,-164.83719,234.80977
move,-165.80339,235.7592
move,-166.65054,236.81589
move,-167.35411,237.93105
move,-167.99915,239.109
move,-168.60155,240.30936
move,-169.19438,241.52797
move,-169.79128,242.7849
move,-170.31082,244.03632
move,-170.79721,245.30122
move,-171.27356,246.56998
move,-171.74957,247.83884
move,-172.22762,249.11984
move,-172.69667,250.39127
move,-173.17715,251.67134
move,-173.72697,252.94913
move,-174.39278,254.12868
move,-175.22476,255.21162
move,-176.22505,256.086
move,-177.3796,256.769
move,-178.62592,257.26654
move,-179.929,257.63824
move,-181.2169,257.92157
move,-182.51341,258.16373
move,-183.8469,258.40527
move,-185.174,258.61182
move,-186.52515,258.8213
move,-187.93626,259.03854
move,-189.3224,259.25906
move,-190.70561,259.49747
move,-192.03806,259.74487
move,-193.40482,260.006
move,-194.75925,260.26752
move,-196.11153,260.53967
move,-197.47418,260.82153
move,-198.86363,261.14975
move,-200.10686,261.51044
move,-201.36736,261.97296
move,-202.5494,262.55637
move,-203.64697,263.28625
move,-204.6156,264.14322
move,-205.44951,265.14838
move,-206.18617,266.19797
move,-206.85336,267.30734
move,-207.49706,268.51343
move,-208.01889,269.72433
move,-208.43404,270.9377
move,-208.80293,272.1912
move,-209.13998,273.49136
move,-209.41675,274.7559
move,-209.64825,276.04202
move,-209.88103,277.34018
move,-210.1222,278.6737
move,-210.3556,280.00873
move,-210.51344,281.30573
move,-210.60114,282.6701
move,-210.6218,284.0008
move,-210.60231,285.29535
move,-210.57172,286.6381
move,-210.5345,288.01697
move,-210.4729,289.31018
move,-210.40135,290.6755
move,-210.32935,292.01663
move,-210.25613,293.36984
move,-210.19733,294.72375
move,-210.15965,296.0421
move,-210.1214,297.421
move,-210.08519,298.77588
move,-210.05324,300.13074
move,-210.0255,301.49777
move,-209.99829,302.85266
move,-209.97044,304.20758
move,-209.9349,305.56226
move,-209.88829,306.90466
move,-209.8442,308.27127
move,-209.84418,309.60214
move,-209.90329,310.94388
move,-210.0146,312.29443
move,-210.17357,313.6036
move,-210.37135,314.95645
move,-210.61203,316.28995
move,-210.93954,317.56714
move,-211.3775,318.82352
move,-211.95267,320.07657
move,-212.59976,321.19745
move,-213.38904,322.2835
move,-214.23503,323.29523
move,-215.16495,324.2973
move,-216.14967,325.24576
move,-217.14221,326.22055
move,-218.01065,327.2288
move,-218.7741,328.3473
move,-219.31972,329.55902
move,-219.63548,330.86316
move,-219.80331,332.20764
move,-219.88846,333.5117
move,-219.94467,334.88986
move,-219.94112,336.25687
move,-219.86066,337.58533
move,-219.75177,338.96036
move,-219.6243,340.3337
move,-219.46458,341.716
move,-219.28525,343.07153
move,-219.07185,344.44647
move,-218.84892,345.78317
move,-218.7236,347.14404
move,-218.75175,348.49796
move,-218.88152,349.8226
move,-219.05234,351.17926
move,-219.19661,352.49023
move,-219.27837,353.80618
move,-219.20514,355.17017
move,-218.93785,356.43616
move,-218.5437,357.7069
move,-218.0467,358.94138
move,-217.48166,360.10608
move,-216.85535,361.253
move,-216.18193,362.34436
move,-215.40277,363.40787
move,-214.54817,364.3802
move,-213.62314,365.3706
move,-212.77734,366.3505
move,-212.02339,367.44635
move,-211.416,368.62994
move,-210.88774,369.86447
move,-210.4625,371.15097
move,-210.14337,372.4305
move,-209.88338,373.76035
move,-209.68477,375.0885
move,-209.53049,376.45898
move,-209.44077,377.8475
move,-209.38704,379.15317
move,-209.32935,380.53134
move,-209.29573,381.98285
move,-209.27422,383.3135
move,-209.2325,384.5591
move,-209.14592,385.85095
move,-209.09758,387.16864
move,-209.13597,388.52304
move,-209.25371,389.78806
move,-209.3966,391.0991
move,-209.58087,392.40503
move,-209.6828,393.0504
cluster,1819
move,0.010784141,-344.92096
move,0.047242258,-343.6666
move,0.09313268,-342.43408
move,0.1276234,-341.11343
move,0.13620655,-339.8588
move,0.09551296,-338.669
move,0.05298607,-337.4578
move,0.022718096,-336.22482
move,0.02829513,-334.99152
move,0.07681272,-333.7591
move,0.1710631,-332.55096
move,0.29792506,-331.31335
move,0.43124366,-330.09802
move,0.5749817,-328.91623
move,0.7438291,-327.69455
move,0.91795176,-326.4952
move,1.1034796,-325.29767
move,1.2383021,-324.09344
move,1.25704,-322.92517
move,1.1931992,-321.75793
move,1.0966258,-320.57138
move,0.97971517,-319.40836
move,0.81079715,-318.24084
move,0.60470116,-317.11194
move,0.3916918,-315.9625
move,0.19822475,-314.8422
move,-0.0013524862,-313.67944
move,-0.18441395,-312.52487
move,-0.34036654,-311.35544
move,-0.438604,-310.20145
move,-0.4397532,-309.02225
move,-0.29033133,-307.85297
move,0.021068593,-306.7048
move,0.46965498,-305.61462
move,1.0838543,-304.58362
move,1.8049775,-303.6918
move,2.5600078,-302.91544
move,3.4807723,-302.1282
move,4.4447446,-301.487
move,5.472091,-300.9296
move,6.4999404,-300.41925
move,7.558356,-299.89804
move,8.61732,-299.3781
move,9.683487,-298.8485
move,10.728875,-298.27905
move,11.755776,-297.67697
move,12.763026,-297.00357
move,13.761932,-296.2136
move,14.864913,-295.20984
move,15.865609,-294.1402
move,16.78777,-292.985
move,17.61724,-291.73062
move,18.282412,-290.41104
move,18.856745,-289.04877
move,19.408703,-287.69153
move,19.955822,-286.3181
move,20.496275,-284.92783
move,21.041426,-283.52512
move,21.599516,-282.14185
move,22.223839,-280.744
move,22.932331,-279.4922
move,23.738375,-278.2373
move,24.600962,-277.08627
move,25.573473,-275.9731
move,26.653696,-274.96484
move,27.850073,-274.07513
move,29.055843,-273.29037
move,30.379549,-272.54865
move,31.717411,-272.02393
move,33.181732,-271.68088
move,34.659714,-271.48224
move,36.12151,-271.3849
move,37.586483,-271.36264
move,39.051613,-271.3482
move,40.56945,-271.32645
move,42.046864,-271.274
move,43.496067,-271.18433
move,44.997425,-271.08267
move,46.472492,-270.98352
move,47.959793,-270.8704
move,49.43325,-270.74963
move,50.985348,-270.6187
move,52.457928,-270.4876
move,53.890182,-270.35052
move,55.34786,-270.20233
move,56.792576,-270.0571
move,58.263218,-269.9059
move,59.69447,-269.75876
move,61.165035,-269.60672
move,62.622448,-269.45605
move,64.10603,-269.3017
move,65.545975,-269.11536
move,67.01634,-268.86536
move,68.3404,-268.55814
move,69.82949,-268.0587
move,71.2667,-267.49408
move,72.57665,-266.83923
move,73.8643,-266.036
move,75.071144,-265.13812
move,76.149734,-264.07227
move,77.07501,-262.83688
move,77.89273,-261.52704
move,78.63039,-260.15564
move,79.22322,-258.77322
move,79.65576,-257.47073
move,79.976746,-256.0148
move,80.18307,-254.49785
move,80.32555,-252.92033
move,80.41353,-251.55042
move,80.46328,-250.13562
move,80.47676,-248.71999
move,80.47979,-247.32837
move,80.48041,-245.91255
move,80.44517,-244.48528
move,80.36915,-243.08382
move,80.24003,-241.6862
move,80.08218,-240.31583
move,79.921135,-238.93365
move,79.76115,-237.55138
move,79.61035,-236.1925
move,79.46671,-234.80849
move,79.35442,-233.43375
move,79.30266,-232.06757
move,79.31493,-230.70035
move,79.41659,-229.37366
move,79.60227,-228.05577
move,79.851974,-226.62566
move,79.60227,-228.05577
move,80.173676,-225.34708
move,80.56908,-224.11429
move,80.98205,-222.86171
move,81.3988,-221.59764
move,81.82693,-220.2991
move,82.24747,-219.02354
move,82.66423,-217.75946
move,83.099945,-216.43794
move,83.402626,-215.51993
move,84.07033,-214.69843
move,84.79418,-213.9129
move,85.58008,-213.19011
move,86.47798,-212.57784
move,87.38722,-212.09494
move,88.37613,-211.64235
move,89.34633,-211.21848
move,90.33261,-210.76025
move,91.28449,-210.25475
move,92.19438,-209.67729
move,93.0619,-209.02156
move,93.878525,-208.33281
move,94.6673,-207.58432
move,95.42721,-206.71501
move,96.05782,-205.87668
move,96.68416,-204.9993
move,97.28966,-204.13083
move,97.870926,-203.2117
move,98.359566,-202.27322
move,98.722885,-201.24878
move,98.99098,-200.21477
move,99.16742,-199.15173
move,99.24962,-198.08675
move,99.23921,-196.99962
move,99.137955,-195.9556
move,98.99,-194.91696
move,98.828545,-193.83165
move,98.6609,-192.76677
move,98.47996,-191.66507
move,98.28732,-190.57509
move,98.07095,-189.5387
move,97.828224,-188.4588
move,97.5797,-187.40985
move,97.3222,-186.30368
move,97.07314,-185.23508
move,96.839554,-184.14331
move,96.64656,-183.08273
move,96.45042,-181.9738
move,96.268875,-180.86243
move,96.12475,-179.76501
move,95.9923,-178.67578
move,95.86956,-177.55638
move,95.749565,-176.43668
move,95.61673,-175.34753
move,95.42327,-174.21886
move,95.05997,-173.13535
move,94.460205,-172.16211
move,93.667625,-171.31091
move,92.753586,-170.62283
move,91.72741,-170.07368
move,92.753586,-170.62283
move,90.835464,-169.68773
move,89.88401,-169.41386
move,88.77808,-169.26387
move,87.77944,-169.19746
move,86.63512,-169.23021
move,85.668274,-169.33073
move,84.538445,-169.51761
move,83.4164,-169.74763
move,82.436264,-169.9509
move,81.46251,-170.13666
move,80.341225,-170.31729
move,79.227,-170.48001
move,78.08504,-170.54088
move,77.12149,-170.41956
move,76.0201,-170.14386
move,74.97049,-169.73836
move,73.98682,-169.21088
move,73.0402,-168.58398
move,72.15318,-167.89072
move,71.315704,-167.13814
move,70.48162,-166.35318
move,69.65268,-165.56277
move,68.84179,-164.78139
move,68.02534,-163.97807
move,67.33337,-163.29524
move,66.503746,-162.5056
move,65.63674,-161.72812
move,64.750755,-161.00238
move,63.844814,-160.30156
move,62.92916,-159.59756
move,62.021145,-158.89941
move,61.113087,-158.20132
move,60.19138,-157.48946
move,59.292637,-156.7489
move,58.446697,-155.97742
move,57.694107,-155.15282
move,56.93181,-154.29796
move,56.287773,-153.55713
move,55.60984,-152.63454
move,55.093567,-151.81096
move,54.559788,-150.79784
move,54.125156,-149.9068
move,53.6806,-148.83101
move,53.42091,-147.89442
move,53.122578,-146.76868
move,52.825466,-145.65254
move,52.528347,-144.53638
move,52.352005,-143.87395
quest
move,56.289673,-146.23001
move,57.318813,-146.268
move,58.290474,-146.29808
move,59.425495,-146.33875
move,60.599033,-146.3797
move,61.733803,-146.42645
move,62.70434,-146.48154
move,63.80881,-146.55453
move,64.93224,-146.63243
move,65.96912,-146.70631
move,67.07211,-146.79881
move,68.17256,-146.91766
move,69.29814,-147.06902
move,70.39143,-147.24184
move,71.483345,-147.42326
move,72.57462,-147.6084
move,73.694374,-147.79837
move,74.82489,-147.98225
move,75.94043,-148.13611
move,77.06814,-148.27095
move,78.206535,-148.39714
move,79.31681,-148.51492
move,80.45583,-148.63538
move,81.594864,-148.75581
move,82.76261,-148.8793
move,83.901505,-149.00105
move,84.89653,-149.11028
move,85.862564,-149.21896
move,86.943,-149.34384
move,88.02313,-149.4713
move,89.113205,-149.59648
move,90.19554,-149.70366
move,91.27956,-149.79164
move,92.36663,-149.82048
move,93.454124,-149.80618
move,94.53979,-149.74391
move,95.53355,-149.62483
move,96.73532,-149.40332
move,97.842255,-149.04538
move,98.93231,-148.51494
move,99.94407,-147.91924
move,100.95514,-147.28514
move,101.96429,-146.64796
move,102.842575,-146.09196
move,103.791336,-145.52235
move,104.77528,-145.03723
move,105.91845,-144.52792
move,107.210724,-144.04645
move,108.48313,-143.65628
move,109.7844,-143.32437
move,111.103264,-143.07114
move,112.46469,-142.84952
move,113.743324,-142.64644
move,115.069115,-142.43167
move,116.4087,-142.22697
move,117.75705,-142.09451
move,119.06304,-142.10776
move,120.426895,-142.20451
move,121.75027,-142.34552
move,123.09186,-142.53696
move,124.43063,-142.74728
move,125.74391,-142.96376
move,127.07888,-143.19705
move,128.41043,-143.44911
move,129.77121,-143.73921
move,131.06729,-144.09004
move,132.31233,-144.59076
move,133.49083,-145.25786
move,134.57977,-146.08316
move,135.57013,-147.05927
move,136.41547,-148.1179
move,137.18799,-149.34607
move,137.8112,-150.6305
move,138.3871,-151.9236
move,138.7545,-153.11307
move,138.91089,-154.4817
move,138.87001,-155.87178
move,138.59117,-157.20778
move,138.12039,-158.42627
move,137.56221,-159.67445
move,136.9948,-160.90508
move,136.3506,-162.06915
move,135.59518,-163.1792
move,134.77518,-164.18076
move,133.93877,-165.20024
move,133.14597,-166.23909
move,132.34029,-167.29851
move,131.57765,-168.45966
move,131.121,-169.66899
move,130.8386,-170.93195
move,130.65932,-172.20189
move,130.46269,-173.50587
move,130.13,-174.75577
move,129.65318,-175.9721
move,129.05406,-177.14622
move,128.33699,-178.23822
move,127.44168,-179.20116
move,126.29795,-179.82083
move,125.01929,-180.07501
move,123.669655,-180.1965
move,122.40611,-180.55988
move,121.34111,-181.26677
move,120.44747,-182.26564
move,119.76014,-183.40384
move,119.25179,-184.64548
move,119.04433,-185.90665
move,119.19486,-187.15385
move,119.437874,-188.46243
move,119.491905,-189.78853
move,119.14999,-191.04506
move,118.51876,-192.20152
move,117.75946,-193.20406
move,116.85118,-194.10822
move,115.832565,-194.90677
move,114.8054,-195.65454
move,113.79802,-196.53912
move,113.02467,-197.59048
move,112.37518,-198.80655
move,111.88214,-200.01645
move,111.42904,-201.26791
move,110.99337,-202.53836
move,110.57977,-203.81622
move,110.12013,-205.12946
move,109.569176,-206.36699
move,108.87407,-207.51476
move,107.96863,-208.55235
move,106.89343,-209.35403
move,105.68121,-210.01042
move,104.379715,-210.56705
move,103.044205,-210.99585
move,101.737045,-211.2433
move,100.37851,-211.39699
move,99.0158,-211.50772
move,97.67428,-211.57207
move,96.29633,-211.63489
move,94.96864,-211.72736
move,93.57094,-211.94565
move,92.28931,-212.30276
move,91.03481,-212.74718
move,89.78148,-213.22986
move,88.47465,-213.74202
move,87.22116,-214.2568
move,85.984535,-214.89326
move,84.86635,-215.6569
move,83.90441,-216.57477
move,83.062675,-217.62039
move,82.29511,-218.76625
move,81.6187,-219.91237
move,81.00248,-221.11919
move,80.45771,-222.3466
move,79.974945,-223.61273
move,79.58689,-224.88573
move,79.27595,-226.24176
move,79.061386,-227.53078
move,78.85967,-228.87085
move,78.71396,-230.23009
move,78.67477,-231.57213
move,78.74664,-232.925
move,78.90489,-234.28305
move,79.082016,-235.65099
move,79.25829,-237.03131
move,79.412346,-238.25587
move,79.57858,-239.66174
move,79.72765,-241.05739
move,79.81231,-242.45822
move,79.87129,-243.87271
move,79.92144,-245.31165
move,79.89088,-246.70258
move,79.83427,-248.14139
move,79.76602,-249.5675
move,79.675514,-251.0288
move,79.55868,-252.43964
move,79.42393,-253.87326
move,79.55868,-252.43964
move,79.298294,-255.08887
move,79.14673,-256.30145
move,78.86803,-257.6644
move,78.48289,-259.06412
move,77.9941,-260.40518
move,77.42717,-261.72873
move,76.81926,-263.00705
move,76.09209,-264.26306
move,75.24498,-265.38083
move,74.20827,-266.39514
move,73.035194,-267.2276
move,71.76734,-267.88254
move,70.5063,-268.3777
move,69.15106,-268.78586
move,67.79656,-269.1042
move,66.447624,-269.39243
move,65.05306,-269.63464
move,63.669807,-269.78488
move,62.308216,-269.90964
move,60.946438,-270.03238
move,59.536293,-270.15796
move,58.20971,-270.2664
move,56.81062,-270.37866
move,55.47038,-270.4657
move,54.141376,-270.53854
move,52.800247,-270.61115
move,51.44701,-270.68396
move,50.057686,-270.7617
move,48.692566,-270.83902
move,47.326958,-270.90714
move,45.93665,-270.96442
move,44.557434,-270.9844
move,43.226456,-270.98676
move,41.798676,-270.99158
move,40.431396,-270.9991
move,39.064125,-271.0083
move,37.721195,-271.02917
move,36.354294,-271.06195
move,35.011547,-271.09274
move,33.60849,-271.13055
move,32.2607,-271.26456
move,30.95715,-271.62808
move,29.752317,-272.19113
move,28.617458,-272.88577
move,27.520626,-273.68134
move,26.459585,-274.54352
move,25.492445,-275.50864
move,24.651644,-276.5402
move,23.843342,-277.5825
move,22.999453,-278.6889
move,22.220345,-279.7976
move,21.498167,-280.92996
move,20.803976,-282.1219
move,20.198416,-283.33398
move,19.6518,-284.58713
move,19.129993,-285.85086
move,18.595919,-287.1489
move,18.088192,-288.40546
move,17.577848,-289.67395
move,17.049295,-290.97424
move,16.494293,-292.2236
move,15.837228,-293.40817
move,15.004584,-294.5517
move,14.049969,-295.51187
move,12.953169,-296.32648
move,11.895414,-296.96164
move,10.69514,-297.5638
move,9.4464,-298.08984
move,8.17472,-298.52066
move,6.9072027,-298.8853
move,5.558899,-299.27533
move,4.323925,-299.7352
move,3.1107416,-300.3384
move,1.9655434,-301.03894
move,0.9181411,-301.89618
move,0.092123576,-302.9509
move,-0.4513735,-304.17593
move,-0.77048117,-305.47943
move,-0.96872884,-306.89294
move,-1.0534582,-308.24493
move,-0.90003216,-309.60065
move,-0.6432409,-310.882
move,-0.4079375,-312.1797
move,-0.21444392,-313.53293
move,-0.090031676,-314.8338
move,0.020169122,-316.16022
move,0.10698871,-317.47614
move,0.18808648,-318.81674
move,0.30447227,-320.1426
move,0.43051913,-321.46768
move,0.53240365,-322.831
move,0.59275466,-324.23322
move,0.65405357,-325.50217
move,0.7248311,-326.89188
move,0.6884493,-328.22214
move,0.61698186,-329.5391
move,0.5562051,-330.905
move,0.49947,-332.3195
move,0.4502288,-333.64957
move,0.3998231,-335.06448
move,0.34865218,-336.4551
move,0.2952471,-337.85764
move,0.24137664,-339.24796
move,0.1849978,-340.6262
move,0.12867889,-342.0165
move,0.06692393,-343.44293
move,-0.0019201892,-344.83286
move,-0.09966017,-346.2452
move,-0.20476878,-347.63272
move,-0.30893472,-349.04456
move,-0.43381757,-350.39398
move,-0.5992534,-351.78784
move,-0.80043924,-353.1647
cluster,916
move,-210,375.4998
move,-209.90735,374.2492
move,-209.79402,372.70898
move,-209.71825,371.1669
move,-209.81306,369.80676
move,-210.15448,368.5814
move,-210.81177,367.50272
move,-211.5709,366.61438
move,-212.43773,365.72202
move,-213.32417,364.87994
move,-214.22617,364.07056
move,-215.12679,363.24377
move,-215.97382,362.36243
move,-216.75885,361.39807
move,-217.38477,360.39856
move,-217.9784,359.34198
move,-218.55115,358.2618
move,-219.0722,357.1678
move,-219.53098,356.01184
move,-219.8636,354.847
move,-220.04964,353.6292
move,-220.058,352.42865
move,-219.9574,351.23175
move,-219.83925,350.07956
move,-219.76091,348.96704
move,-219.82167,347.7684
move,-219.91777,346.6894
move,-219.99292,345.58734
move,-220.01938,344.451
move,-220.0048,343.34637
move,-219.97427,342.24213
move,-219.9149,341.14975
move,-219.82735,340.03766
move,-219.7256,338.93768
move,-219.62173,337.79483
move,-219.53093,336.6724
move,-219.44563,335.54953
move,-219.35988,334.4589
move,-219.26282,333.30164
move,-219.1483,332.21375
move,-218.99226,331.10953
move,-218.66624,330.06723
move,-218.12378,329.00876
move,-217.42609,328.07156
move,-216.7418,327.24573
move,-215.91376,326.26053
move,-215.20103,325.43066
move,-214.49873,324.60602
move,-213.81992,323.7217
move,-213.22221,322.66885
move,-212.68605,321.4592
move,-212.15294,320.19406
move,-211.60724,318.86282
move,-211.21391,317.50784
move,-210.99634,316.12625
move,-210.89284,314.77072
move,-210.8243,313.38647
move,-210.74179,311.98978
move,-210.60483,310.63718
move,-210.45018,309.2731
move,-210.29167,307.8829
move,-210.12056,306.4808
move,-209.9197,305.12283
move,-209.70535,303.71344
move,-209.49236,302.30377
move,-209.33751,300.94
move,-209.25209,299.54346
move,-209.21461,298.1054
move,-209.29575,296.72223
move,-209.47821,295.3086
move,-209.7164,293.9566
move,-209.99016,292.53067
move,-210.26279,291.13135
move,-210.52678,289.7573
move,-210.76956,288.35284
move,-210.86331,286.9575
move,-210.87268,285.55823
move,-210.82045,284.17346
move,-210.65974,282.82355
move,-210.47708,281.42303
move,-210.27545,280.06522
move,-210.05174,278.69733
move,-209.79044,277.1485
move,-209.50836,275.60327
move,-209.26125,274.27972
move,-209.0071,272.9441
move,-208.65329,271.38678
move,-208.27753,270.0803
move,-207.72054,268.59808
move,-207.14363,267.39658
move,-206.30128,266.05667
move,-205.46228,265.00397
move,-204.52219,263.9865
move,-203.16695,263.007
move,-201.75029,262.36176
move,-200.48245,261.95206
move,-199.15941,261.58563
move,-197.82439,261.2132
move,-196.45195,260.88092
move,-195.12505,260.6529
move,-193.74107,260.44717
move,-192.36917,260.2503
move,-190.9965,260.05838
move,-189.61086,259.86426
move,-188.21277,259.66382
move,-186.81676,259.44925
move,-185.44025,259.199
move,-184.05908,258.9037
move,-182.70009,258.57083
move,-181.34515,258.22165
move,-179.95706,257.79733
move,-178.63914,257.255
move,-177.46625,256.62268
move,-176.24382,255.74669
move,-175.1419,254.76208
move,-174.17517,253.64496
move,-173.3682,252.42293
move,-172.64096,251.0908
move,-172.04597,249.75212
move,-171.60579,248.62035
move,-171.05292,247.09386
move,-170.60048,245.70023
move,-170.19,244.42828
move,-169.7858,243.19833
move,-169.30186,241.92065
move,-168.70503,240.81299
move,-168.02443,239.61322
move,-167.38223,238.53105
move,-166.70059,237.3879
move,-165.94539,236.32243
move,-165.10193,235.3404
move,-164.24796,234.44974
move,-163.2753,233.61465
move,-162.00822,232.81482
move,-160.68407,232.19095
move,-159.54482,231.7491
move,-158.38834,231.35416
move,-157.1925,230.9622
move,-156.01573,230.5903
move,-154.83435,230.2331
move,-153.42537,229.79262
move,-152.2636,229.41335
move,-151.07709,228.99442
move,-149.7726,228.47638
move,-148.66054,227.97049
move,-147.41612,227.22443
move,-146.42162,226.45421
move,-145.4856,225.561
move,-144.6653,224.57584
move,-143.93915,223.56293
move,-143.16425,222.40738
move,-142.53809,221.31621
move,-141.99593,220.18108
move,-141.55856,218.95029
move,-141.28412,217.74774
move,-141.16565,216.51985
move,-141.13387,215.26196
move,-141.16547,214.00406
move,-141.22218,212.74698
move,-141.28104,211.48997
move,-141.34264,210.22096
move,-141.39229,209.121
move,-141.40112,207.63295
move,-141.34518,206.36388
move,-141.2309,205.12286
move,-141.09793,203.87149
move,-140.9512,202.49997
move,-140.80699,201.12816
move,-140.68468,199.86357
move,-140.57277,198.58589
move,-140.4601,197.25964
move,-140.34048,195.84901
move,-140.24728,194.61833
move,-140.1783,193.3982
move,-140.11765,192.17758
move,-140.05711,190.93275
move,-139.9972,189.70001
move,-139.9371,188.45515
move,-139.88,187.19806
move,-139.8315,185.95274
move,-139.7886,184.71928
move,-139.7491,183.4857
move,-139.7173,182.264
move,-139.69164,181.03009
move,-139.66438,179.79617
move,-139.63417,178.32031
move,-139.60786,177.06221
move,-139.60785,175.59819
move,-139.66147,174.15932
move,-139.72498,172.91464
move,-139.80109,171.46463
move,-139.86168,170.25621
move,-139.93811,168.78197
move,-140.00548,167.5375
move,-140.099,166.13702
move,-140.20178,164.66441
move,-140.29929,163.44624
move,-140.415,162.03526
move,-140.51247,160.7928
move,-140.59102,159.39146
move,-140.65257,157.96497
move,-140.7121,156.53839
move,-140.74074,155.30466
move,-140.68433,153.8903
move,-140.5583,152.4924
move,-140.42166,151.04684
move,-140.31468,149.62311
move,-140.2666,148.38988
move,-140.32135,146.96394
move,-140.50923,145.74478
move,-140.90045,144.42326
move,-141.48045,143.1062
move,-142.20493,141.89139
move,-143.1907,140.86708
move,-144.44728,140.22765
move,-145.90076,139.9173
move,-147.29982,139.81276
move,-148.70349,139.81044
move,-150.143,139.78752
move,-151.52695,139.64641
move,-152.94588,139.3427
move,-154.2011,138.83675
move,-155.42508,138.12645
move,-156.58206,137.29129
move,-157.59763,136.29085
move,-158.34009,135.07631
move,-158.7495,133.77397
move,-159.01477,132.4327
move,-159.2832,131.0427
move,-159.58495,129.6473
move,-159.91205,128.31969
move,-160.25702,126.94663
move,-160.59804,125.5726
move,-160.96274,124.192215
move,-161.38776,122.816666
move,-161.9138,121.46365
move,-162.527,120.17463
move,-163.23811,118.964935
move,-164.0422,117.77071
move,-164.79517,116.824036
move,-165.81,115.80365
move,-166.90903,114.892815
move,-168.04341,114.06669
move,-169.08202,113.40024
move,-170.32379,112.696144
move,-171.65984,112.13106
move,-173.00719,111.738464
move,-174.364,111.37916
move,-175.5826,111.06526
move,-176.79475,110.77558
move,-178.03047,110.480385
move,-179.26593,110.18415
move,-180.51349,109.88632
move,-181.70811,109.576454
move,-182.95619,109.23227
move,-184.28001,108.80512
move,-185.47081,108.24132
move,-186.52823,107.51728
move,-187.60666,106.52844
move,-188.43034,105.593765
move,-189.17276,104.54873
move,-189.81667,103.357185
move,-190.38197,102.04613
move,-190.87097,100.886665
move,-191.39139,99.72791
move,-191.97769,98.65586
move,-192.64241,97.55902
move,-193.38443,96.54348
move,-194.19298,95.59517
move,-195.04185,94.66631
move,-195.95906,93.82358
move,-197.02266,93.08717
move,-198.1237,92.53112
move,-199.28023,92.06698
move,-200.63368,91.575615
move,-201.85095,91.17171
move,-203.10295,90.79733
move,-204.35275,90.459526
move,-205.64153,90.18037
move,-206.94049,90.04923
move,-208.18607,90.08437
move,-209.47664,90.1859
move,-210.80208,90.30739
move,-212.11879,90.382996
move,-213.40102,90.39229
move,-214.69427,90.33086
move,-215.99954,90.267075
move,-217.29225,90.19521
move,-218.61862,90.084915
move,-219.953,89.93217
move,-221.27518,89.779175
move,-222.63133,89.60499
move,-223.96239,89.42573
move,-225.31848,89.2515
move,-226.66885,89.13761
move,-228.0232,89.11922
move,-229.3732,89.23608
move,-230.69406,89.399956
move,-232.07402,89.57845
move,-233.42213,89.714966
move,-234.72769,89.76893
move,-236.07027,89.80463
move,-237.37677,89.82929
move,-238.70769,89.81781
move,-240.03773,89.76738
move,-241.38997,89.67788
move,-242.75227,89.56141
move,-244.08734,89.415054
move,-245.51132,89.312805
move,-246.82967,89.27824
move,-248.22102,89.252815
move,-249.5033,89.22855
move,-250.82187,89.1996
move,-252.07974,89.16264
move,-253.34933,89.11376
move,-254.61647,89.02369
move,-255.90103,88.86335
move,-257.1216,88.6129
move,-258.3414,88.25881
move,-259.50238,87.84067
move,-260.66946,87.310135
move,-261.8276,86.60781
move,-262.9261,85.75464
move,-263.8658,84.91778
move,-264.7625,84.03511
move,-265.5791,83.10997
move,-266.41348,82.05772
move,-267.1345,80.98302
move,-267.7927,79.74367
move,-268.30716,78.59551
move,-268.7166,77.444496
move,-269.03018,76.26353
move,-269.28574,75.06848
move,-269.5268,73.845726
move,-269.7422,72.64279
move,-269.96616,71.416756
move,-270.18765,70.20259
move,-270.42255,68.867935
move,-270.6162,67.57558
move,-270.8167,66.37006
move,-271.04944,65.02269
move,-271.2771,63.637714
move,-271.42114,62.217667
move,-271.4113,60.838745
move,-271.3441,59.424664
move,-271.26028,58.05994
move,-271.17038,56.647106
move,-271.0765,55.21026
move,-270.96927,53.822903
move,-270.83282,52.438156
move,-270.68805,50.993393
move,-270.5639,49.64389
move,-270.4111,48.175716
move,-270.26123,46.889793
move,-270.21295,45.656994
move,-270.25565,44.363167
move,-270.43622,42.971767
move,-270.65823,41.5736
move,-270.8451,40.17048
move,-270.931,38.745693
move,-270.8815,37.379707
move,-270.73868,35.947002
move,-270.58524,34.600517
move,-270.42456,33.193974
move,-270.2636,31.7631
move,-270.1438,30.388952
move,-270.059,29.000092
move,-269.99762,27.658398
move,-269.9552,26.352312
move,-269.9329,25.130419
move,-269.90652,23.606052
move,-269.88165,22.202679
move,-269.86023,20.992872
move,-269.85178,19.746698
move,-269.96292,18.372229
move,-270.09137,17.169052
move,-270.22238,15.941817
move,-270.36783,14.557945
move,-270.49777,13.3306
move,-270.6272,12.10321
move,-270.74188,10.70436
move,-270.80524,9.290184
move,-270.84177,7.8749557
move,-270.8745,6.495947
move,-270.87033,5.2739863
move,-270.8231,3.8469737
move,-270.77817,2.5530527
move,-270.7321,1.2470647
move,-270.68402,-0.0104153305
move,-270.63376,-1.2557012
move,-270.58252,-2.5857143
move,-270.53198,-3.8794255
move,-270.4853,-5.149069
move,-270.43228,-6.4911203
move,-270.38046,-7.7363467
move,-270.32526,-9.078313
move,-270.2953,-10.324187
move,-270.2934,-11.691474
move,-270.31244,-12.998117
move,-270.347,-14.437605
move,-270.37503,-15.671485
move,-270.40247,-16.941692
move,-270.43048,-18.236092
move,-270.455,-19.518452
move,-270.46533,-20.788902
move,-270.47415,-22.059368
move,-270.48898,-23.34187
move,-270.50397,-24.63647
move,-270.51865,-25.906874
move,-270.53354,-27.189377
move,-270.54822,-28.45978
move,-270.56274,-29.754393
move,-270.58017,-31.024769
move,-270.60382,-32.307148
move,-270.62314,-33.613808
move,-270.6294,-34.90844
move,-270.5704,-36.177483
move,-270.49258,-37.43348
move,-270.41425,-38.689457
move,-270.33447,-39.981697
move,-270.15726,-41.28756
move,-269.9184,-42.510754
move,-269.67422,-43.720535
move,-269.39536,-45.046722
move,-269.14536,-46.316967
move,-268.94797,-47.535263
move,-268.78174,-48.84341
move,-268.67587,-50.255093
move,-268.68716,-51.657467
move,-268.87003,-52.950905
move,-269.1857,-54.392868
move,-269.34338,-55.62676
move,-269.24008,-56.867382
move,-268.9443,-58.138958
move,-268.45752,-59.35043
move,-267.82043,-60.4767
move,-266.98712,-61.65028
move,-266.19604,-62.61331
move,-265.3565,-63.61473
move,-264.52496,-64.60709
move,-263.77054,-65.56811
move,-263.07657,-66.60316
move,-262.41162,-67.79694
move,-261.89752,-68.99804
move,-261.4661,-70.23113
move,-261.16342,-71.52658
move,-260.93704,-72.80133
move,-260.7069,-74.11227
move,-260.47546,-75.435265
move,-260.22723,-76.77978
move,-259.91144,-78.07238
move,-259.50793,-79.353226
move,-258.9931,-80.619156
move,-258.32205,-81.83666
move,-257.52664,-82.88815
move,-256.63098,-83.92098
move,-255.70258,-84.85745
move,-254.6624,-85.76295
move,-253.60611,-86.61187
move,-252.50035,-87.3945
move,-251.33871,-88.01737
move,-250.10945,-88.55831
move,-248.86346,-89.05971
move,-247.59473,-89.53592
move,-246.32695,-89.97937
move,-245.01822,-90.41496
move,-243.74113,-90.83096
move,-242.41754,-91.26042
move,-241.15158,-91.671364
move,-239.8552,-92.10595
move,-238.54167,-92.632576
move,-237.34715,-93.27056
move,-236.20995,-94.09064
move,-235.20705,-95.01941
move,-234.29625,-96.05434
move,-233.50687,-97.19916
move,-232.87251,-98.395805
move,-232.35168,-99.65974
move,-231.89642,-100.88468
move,-231.47165,-102.043495
move,-231.01027,-103.44559
move,-230.58943,-104.83525
move,-230.16995,-106.23798
move,-229.74979,-107.6405
move,-229.31337,-109.088684
move,-228.89264,-110.287224
move,-228.38373,-111.56929
move,-227.82698,-112.81791
move,-227.12593,-114.1439
move,-226.35616,-115.243126
move,-225.41202,-116.17694
move,-224.28944,-116.93427
move,-223.06047,-117.470406
move,-221.7912,-117.82864
move,-220.47603,-118.202446
move,-219.21413,-118.66011
move,-218.02121,-119.19362
move,-216.78197,-119.74201
move,-215.56314,-120.21307
move,-214.30699,-120.65291
move,-213.03851,-121.05582
move,-211.79747,-121.37891
move,-210.50323,-121.62962
move,-209.15225,-121.722305
move,-207.85944,-121.66016
move,-206.59877,-121.504555
move,-205.31789,-121.316025
move,-203.99854,-121.14125
move,-202.71266,-120.990425
move,-201.41519,-120.83461
move,-200.06984,-120.67162
move,-198.77254,-120.51435
move,-197.43636,-120.37934
move,-196.10637,-120.34132
move,-194.79135,-120.43351
move,-193.47247,-120.682236
move,-192.20825,-121.05694
move,-190.9111,-121.5586
move,-189.78943,-122.203
move,-188.69507,-122.98136
move,-187.6696,-123.82933
move,-186.67796,-124.75289
move,-185.7555,-125.71219
move,-184.85251,-126.70641
move,-183.95982,-127.742
move,-183.11978,-128.80534
move,-182.32513,-129.91788
move,-181.57079,-131.08693
move,-180.97098,-132.28725
move,-180.535,-133.59496
move,-180.29272,-134.92688
move,-180.21547,-136.26741
move,-180.22498,-137.61038
move,-180.29831,-139.04826
move,-180.41739,-140.37386
move,-180.55255,-141.72229
move,-180.68309,-143.03476
move,-180.78882,-144.39778
move,-180.83504,-145.71584
move,-180.86174,-147.05864
move,-180.89902,-148.35283
move,-180.93698,-149.6712
move,-180.9688,-151.01389
move,-180.98526,-152.3448
move,-181.0031,-153.66354
move,-181.02112,-154.99438
move,-181.03949,-156.32524
move,-181.05788,-157.6561
move,-181.07623,-158.98694
move,-181.09616,-160.3057
move,-181.1166,-161.67285
move,-181.13376,-163.07637
move,-181.14961,-164.3831
move,-181.16524,-165.72614
move,-181.18115,-167.05707
move,-181.19885,-168.40001
move,-181.20961,-169.74303
move,-181.17078,-171.08542
move,-181.01788,-172.43105
move,-180.67209,-173.70271
move,-180.2274,-174.98286
move,-179.74245,-176.22218
move,-179.18248,-177.48273
move,-178.66025,-178.66743
move,-178.12267,-179.8983
move,-177.58392,-181.11543
move,-176.99196,-182.30687
move,-176.26944,-183.42416
move,-175.47507,-184.50711
move,-174.60617,-185.52975
move,-173.58012,-186.37535
move,-172.48111,-187.0816
move,-171.331,-187.70166
move,-170.15988,-188.3083
move,-168.93962,-188.92499
move,-167.70236,-189.44559
move,-166.38052,-189.78928
move,-165.08112,-189.92136
move,-163.85962,-189.94934
move,-162.53062,-189.8808
move,-161.22786,-189.77795
move,-159.8767,-189.67352
move,-158.53813,-189.56392
move,-157.17535,-189.45187
move,-155.83583,-189.35464
move,-154.48189,-189.29753
move,-153.1637,-189.2518
move,-151.78513,-189.20404
move,-150.44305,-189.2342
move,-149.12393,-189.4074
move,-147.8344,-189.68346
move,-146.52711,-189.99156
move,-145.1872,-190.2607
move,-143.82999,-190.42654
move,-142.49307,-190.55508
move,-141.15382,-190.65665
move,-139.80173,-190.74829
move,-138.42415,-190.81755
move,-137.09407,-190.8678
move,-135.6917,-190.92561
move,-134.29158,-191.0225
move,-132.9541,-191.23665
move,-131.62834,-191.61426
move,-130.36812,-192.14351
move,-129.17177,-192.75334
move,-128.04417,-193.52295
move,-127.04137,-194.43423
move,-126.09963,-195.39143
move,-125.212746,-196.38394
move,-124.17947,-197.41849
move,-123.06738,-198.12415
move,-121.82336,-198.71848
move,-120.53522,-199.17589
move,-119.23362,-199.55255
move,-117.90337,-199.86853
move,-116.45253,-200.20053
move,-115.114815,-200.48326
move,-113.70706,-200.78563
move,-112.33248,-201.16972
move,-110.924385,-201.68706
move,-109.56287,-202.28741
move,-108.24664,-203.03111
move,-107.03116,-203.88914
move,-106.04728,-204.71144
move,-104.97048,-205.72118
move,-104.0329,-206.59636
move,-103.02608,-207.38965
move,-101.840546,-208.09375
move,-100.617035,-208.73074
move,-99.48875,-209.28778
move,-98.26794,-209.78648
move,-96.90546,-210.25107
move,-95.53023,-210.58559
move,-94.15353,-210.85878
move,-92.728195,-211.13594
move,-91.333855,-211.4893
move,-90.045654,-212.01443
move,-88.792404,-212.61885
move,-87.5509,-213.27354
move,-86.33568,-213.9513
move,-85.14987,-214.65584
move,-84.03712,-215.36383
move,-82.8787,-216.11276
move,-81.74762,-216.85922
move,-80.6045,-217.60939
move,-79.45797,-218.3319
move,-78.30396,-219.06525
move,-77.10491,-219.74503
move,-75.83931,-220.22618
move,-74.569725,-220.53252
move,-73.239204,-220.714
move,-71.94874,-220.81702
move,-70.58433,-220.90549
move,-69.23013,-220.95396
move,-67.86338,-220.92186
move,-66.52153,-220.863
move,-65.156845,-220.77953
move,-63.818047,-220.67244
move,-62.455467,-220.55884
move,-61.06842,-220.4477
move,-59.66897,-220.33984
move,-58.281612,-220.2324
move,-56.858498,-220.11679
move,-55.44825,-219.99251
move,-54.217754,-219.89824
move,-52.79054,-219.85973
move,-51.36287,-219.84071
move,-50.140846,-219.82718
move,-48.689034,-219.80338
move,-47.47932,-219.77745
move,-46.17284,-219.74846
move,-44.90257,-219.72478
move,-43.60794,-219.71397
move,-42.15596,-219.7188
move,-40.72818,-219.71643
move,-39.312504,-219.7066
move,-37.92104,-219.69652
move,-36.529564,-219.68639
move,-35.125984,-219.67511
move,-33.74661,-219.66656
move,-32.379326,-219.66287
move,-31.012043,-219.65637
move,-29.656862,-219.65047
move,-28.313791,-219.64111
move,-26.849716,-219.64166
move,-25.39879,-219.69344
move,-23.998615,-219.79102
move,-22.816475,-219.88403
move,-21.359163,-220.02386
move,-19.970854,-220.22955
move,-18.590347,-220.48285
move,-17.272972,-220.74449
move,-15.948797,-220.9679
move,-14.662343,-221.11322
move,-13.348438,-221.22778
move,-12.054051,-221.3996
move,-10.783252,-221.75035
move,-9.589357,-222.21727
move,-8.457416,-222.7936
move,-7.352781,-223.46802
move,-6.316949,-224.24399
move,-5.3344088,-225.12296
move,-4.48642,-226.11606
move,-3.76137,-227.14447
move,-3.102433,-228.23015
move,-2.5057228,-229.3243
move,-1.9199378,-230.52914
move,-1.6433531,-231.76839
move,-1.4791026,-233.05235
move,-1.3689916,-234.31802
move,-1.2991743,-235.63498
move,-1.3114692,-236.92932
move,-1.3977524,-238.20897
move,-1.4849765,-239.52493
move,-1.4341215,-240.85368
move,-1.1900839,-242.11172
move,-0.76927245,-243.3098
move,-0.32222953,-244.4731
move,-0.018428557,-245.80342
move,0.05318106,-247.09549
move,-0.013301094,-248.43661
move,-0.14562838,-249.73665
move,-0.2947306,-251.09576
move,-0.42253825,-252.43274
move,-0.5236247,-253.7841
move,-0.5764007,-255.08969
move,-0.57014763,-256.45685
move,-0.5168038,-257.79877
move,-0.42315635,-259.1506
move,-0.28022748,-260.47385
move,-0.13694389,-261.8093
move,0.016117314,-263.1558
move,0.18249264,-264.47635
move,0.016117314,-263.1558
move,0.3490726,-265.78464
move,0.52163285,-267.15317
move,0.6426119,-268.4906
move,0.6593203,-269.84534
move,0.59724766,-271.1749
move,0.49454328,-272.50186
move,0.37267247,-273.83936
move,0.24864487,-275.1403
move,0.115593866,-276.48898
move,-0.016488297,-277.80127
move,-0.15676501,-279.16132
move,-0.32408905,-280.49387
move,-0.517304,-281.82306
move,-0.7093979,-283.12793
move,-0.90413743,-284.4691
move,-1.0897195,-285.81165
move,-1.2564827,-287.14435
move,-1.403459,-288.46725
move,-1.5421301,-289.8153
move,-1.6120504,-291.14395
move,-1.5580797,-292.50967
move,-1.3923675,-293.80557
move,-1.1698538,-295.15466
move,-0.95657414,-296.46844
move,-0.7688147,-297.85928
move,-0.73832166,-299.18823
move,-0.98207825,-300.55606
move,-1.4105008,-301.81564
move,-1.9292483,-303.10687
move,-2.478224,-304.45102
move,-2.8631964,-305.76202
move,-3.128513,-307.09055
move,-3.1894634,-308.52625
move,-2.9386783,-309.8432
move,-2.456706,-311.12125
move,-1.7612395,-312.3251
move,-0.95498365,-313.50336
move,-0.2618277,-314.72003
move,0.086440206,-316.06448
move,0.2851225,-317.4907
move,0.3871094,-318.93875
move,0.42747217,-320.3538
move,0.46547535,-321.769
move,0.46918935,-323.19656
move,0.41553167,-324.40536
move,0.30146277,-325.84058
move,0.14422837,-327.05237
move,0.04461745,-328.50024
move,-0.03303069,-329.92578
move,-0.121205136,-331.33868
move,-0.19262311,-332.77667
move,-0.28025633,-334.18948
move,-0.26021236,-335.67706
move,-0.15754962,-337.02838
move,-0.04982571,-338.41574
move,0.053909563,-339.83966
move,0.09482881,-341.2547
move,0.11371888,-342.6702
move,0.06334203,-344.0485
move,-0.013717916,-345.44998
move,-0.09015798,-346.86356
move,-0.16212068,-348.1078
move,-0.276608,-349.45813
move,-0.37504822,-350.8459
move,-0.42321676,-352.21246
move,-0.46024075,-353.62766
move,-0.48993397,-354.8978
move,-0.525,-356.39777
move,-0.55610687,-357.7284
move,-0.5891926,-359.14368
move,-0.59637874,-359.45108
move,-0.6212419,-359.61865
move,-0.79766446,-360.96225
move,-0.88269603,-362.37512
move,-0.864566,-363.81412
move,-0.7140386,-365.24594
move,-0.5287765,-366.4661
move,-0.31459263,-367.90222
move,-0.15190613,-369.32062
move,-0.05028481,-370.53842
move,0.037779436,-371.95145
move,0.11928816,-373.1829
move,0.16956769,-374.58545
move,0.15482795,-376.01312
move,0.045573838,-377.44873
move,-0.14627378,-378.8756
move,-0.4075471,-380.2792
move,-0.76519233,-381.72375
move,-1.1173501,-382.9318
move,-1.4559109,-384.19342
move,-1.5656594,-385.16644
cluster,1617
move,-0.02100202,364.54572
move,-0.048796497,363.37704
move,-0.07981615,362.19766
move,-0.12694003,361.0188
move,-0.19460064,359.86252
move,-0.26738268,358.67413
move,-0.32052067,357.49548
move,-0.37107494,356.3275
move,-0.42023075,355.15955
move,-0.46859574,353.98074
move,-0.5161066,352.8234
move,-0.5644435,351.6446
move,-0.6216749,350.45557
move,-0.7005498,349.3106
move,-0.7827655,348.14447
move,-0.8606792,346.96732
move,-0.9118122,345.81018
move,-0.91320604,344.66272
move,-0.8966861,343.50458
move,-0.88038933,342.3679
move,-0.8646115,341.30875
move,-0.8296111,340.27948
move,-0.7846218,339.24097
move,-0.7402995,338.21204
move,-0.6840435,337.18375
move,-0.6540501,336.14474
move,-0.66359717,335.10535
move,-0.7222069,334.05792
move,-0.8193487,333.00366
move,-0.94902647,331.95294
move,-1.0502145,330.8028
move,-1.0492101,329.7635
move,-0.9998361,328.73483
move,-0.93311536,327.66852
move,-0.84125906,326.6331
move,-0.7490999,325.54938
move,-0.6836619,324.51196
move,-0.610737,323.44608
move,-0.54850674,322.39883
move,-0.48512834,321.30347
move,-0.4751428,320.28326
move,-0.4613095,319.21497
move,-0.4494604,318.1755
move,-0.4067959,317.10806
move,-0.32643417,316.05237
move,-0.23901844,314.96826
move,-0.14946553,313.91333
move,-0.04246398,312.86966
move,0.068337984,311.79736
move,0.13059004,310.44635
move,-0.46919417,309.29785
move,-1.2990155,308.68796
move,-2.263096,307.7994
move,-3.234067,306.83463
move,-3.7901542,305.74847
move,-3.7499876,304.4763
move,-3.4611151,303.36844
move,-2.6007624,302.40225
move,-1.620104,301.53925
move,-0.5864317,300.70074
move,0.45295814,299.85007
move,1.4776914,299.00076
move,2.540183,298.12094
move,3.5424051,297.22766
move,4.4586525,296.2627
move,5.2395124,295.20096
move,5.956398,294.07947
move,6.6655326,292.96744
move,7.400405,291.81445
move,8.06908,290.64996
move,8.649246,289.42572
move,9.092243,288.17108
move,9.421708,286.85718
move,9.604911,285.53958
move,9.670003,284.1016
move,9.662725,282.7584
move,9.646658,281.42737
move,9.645417,280.07214
move,9.650567,278.729
move,9.718826,277.37616
move,9.912225,276.03528
move,10.202808,274.724
move,10.501632,273.4145
move,10.847601,272.0545
move,11.24671,270.75943
move,11.748377,269.5144
move,12.362312,268.27948
move,13.108526,267.16458
move,13.977671,266.14096
move,14.907525,265.17203
move,15.894862,264.2088
move,16.891731,263.34567
move,17.899113,262.57178
move,19.010164,261.88513
move,20.230522,261.2693
move,21.47679,260.7696
move,22.781708,260.36237
move,24.100155,260.05005
move,25.402569,259.84418
move,26.750696,259.70688
move,28.102762,259.6155
move,29.4203,259.5559
move,30.762667,259.5116
move,32.068844,259.4712
move,33.43557,259.43185
move,34.75428,259.4097
move,36.061047,259.39874
move,37.367825,259.3894
move,38.67453,259.3749
move,39.98112,259.35114
move,41.26351,259.3277
move,42.59432,259.30493
move,43.864708,259.2882
move,45.18349,259.27087
move,46.478077,259.25388
move,47.784763,259.23666
move,49.091454,259.22006
move,50.410282,259.20486
move,51.753258,259.18774
move,53.168827,259.16898
move,54.487614,259.1529
move,55.830627,259.1371
move,57.18568,259.11838
move,58.551693,259.06107
move,59.913025,258.9381
move,61.226803,258.66357
move,62.465164,258.21362
move,63.65155,257.51538
move,64.597946,256.58444
move,65.32217,255.45555
move,65.90291,254.25809
move,66.58545,252.97838
move,67.46454,252.0497
move,68.581024,251.2853
move,69.81041,250.68842
move,71.091576,250.24986
move,72.41461,249.95808
move,73.72614,249.73138
move,75.061134,249.49806
move,76.36623,249.18852
move,77.608986,248.5946
move,78.682915,247.81136
move,79.57763,246.79927
move,80.12437,245.5774
move,80.37832,244.248
move,80.44389,242.90712
move,80.38612,241.56555
move,80.255066,240.28967
move,80.109055,238.95456
move,79.96601,237.61914
move,79.82224,236.28375
move,79.687706,234.92316
move,79.59864,233.57109
move,79.60773,232.24028
move,79.6695,230.92291
move,79.77993,229.54796
move,79.90746,228.21094
move,80.05239,226.85136
move,80.24163,225.48521
move,80.48467,224.15201
move,80.76126,222.7883
move,81.096176,221.46295
move,81.5456,220.14648
move,82.1313,218.87198
move,82.78377,217.82507
move,83.549866,216.81201
move,84.344124,215.86743
move,85.21472,214.92592
move,86.18111,214.04706
move,87.25497,213.26169
move,88.3512,212.59625
move,89.44918,212.00668
move,90.62129,211.40205
move,91.8031,210.84467
move,92.98863,210.38924
move,94.24603,210.03436
move,95.523994,209.76224
move,96.793655,209.58247
move,98.07113,209.46799
move,99.35127,209.38876
move,100.65658,209.32642
move,101.95033,209.27728
move,103.24435,209.23517
move,104.56258,209.19316
move,105.8922,209.13374
move,107.19185,209.00375
move,108.52631,208.7088
move,109.78056,208.30235
move,111.00449,207.78069
move,112.127686,207.11458
move,113.17717,206.35686
move,114.166275,205.50331
move,115.066925,204.60754
move,115.89952,203.64825
move,116.71317,202.59505
move,117.449486,201.5012
move,118.03843,200.36278
move,118.49641,199.17807
move,118.88607,197.90558
move,119.20279,196.62541
move,119.459335,195.3072
move,119.65091,193.99016
move,119.7717,192.677
move,119.82749,191.29886
move,119.83575,189.96782
move,119.8358,188.5883
move,119.865425,187.19725
move,119.9595,185.82126
move,120.105484,184.51048
move,120.31267,183.08588
move,120.63552,181.68323
move,121.1069,180.49228
move,121.76722,179.32335
move,122.490715,178.22066
move,123.24393,177.07956
move,124.01358,175.96419
move,124.81241,174.85449
move,125.609314,173.80379
move,126.418625,172.80873
move,127.348145,171.64642
move,128.09552,170.6492
move,128.82997,169.3985
move,129.41,168.06773
move,129.82736,166.67908
move,130.01347,165.2764
move,130.08983,163.98396
move,130.15543,162.63034
move,130.21457,161.47026
move,130.08983,163.98396
move,130.26918,163.2748
move,130.54883,162.2537
move,130.85217,161.20923
move,131.13374,160.13907
move,131.34538,159.08209
move,131.46718,158.00214
move,131.5227,156.89667
move,131.58423,155.77219
move,131.6463,154.63812
move,131.61378,153.59042
move,131.50473,152.52766
move,131.38638,151.4659
move,131.22125,150.43
move,131.02893,149.36928
move,130.8187,148.263
move,130.68938,147.24142
move,130.56732,146.17036
move,130.41743,145.11267
move,130.23395,144.04065
move,130.06343,143.16199
move,129.77083,141.97525
move,129.49475,140.91328
move,129.16956,139.8962
move,128.73827,138.91907
move,128.24043,137.98499
move,127.63878,137.09096
move,126.98299,136.26016
move,126.26913,135.45241
move,125.55926,134.65396
move,124.83859,133.83937
move,124.14672,133.02534
move,123.4452,132.16917
move,122.794876,131.2978
move,122.26596,130.37065
move,121.86998,129.3891
move,121.51244,128.38237
move,121.20984,127.33805
move,121.0115,126.268974
move,120.857704,125.24091
move,120.70095,124.184105
move,120.54249,123.11782
move,120.37931,122.02303
move,120.23437,120.98398
move,120.09045,119.90592
move,119.94899,118.846954
move,119.77679,117.714714
move,119.560745,116.668465
move,119.31684,115.60855
move,119.06065,114.53174
move,118.78983,113.43869
move,118.49453,112.39203
move,118.13492,111.35553
move,117.63906,110.1398
move,117.14615,109.0083
move,116.57609,107.7656
move,115.94841,106.51028
move,115.87792,105.17207
move,115.27056,104.31665
move,114.640015,103.43065
move,113.86039,102.69149
move,112.9143,102.1591
move,111.87841,101.79972
move,110.84455,101.53055
move,109.77988,101.265175
move,108.72973,100.98224
move,107.688576,100.66779
move,106.64945,100.34663
move,105.60992,100.026794
move,104.57848,99.71344
move,103.526375,99.40194
move,104.57848,99.71344
move,102.48352,99.09312
move,101.43163,98.78086
move,100.39332,98.45727
move,99.36064,98.086685
move,98.363655,97.677055
move,97.3279,97.16652
move,96.37712,96.56458
move,95.51983,95.850845
move,94.77221,95.03542
move,94.0795,94.15991
move,93.42539,93.25519
move,92.88891,92.44455
move,92.31921,91.49568
move,91.79462,90.49948
move,91.35251,89.47447
move,90.97589,88.433784
move,90.640274,87.34879
move,90.331726,86.295815
move,90.02807,85.22146
move,89.76049,84.127625
move,89.55269,83.03099
move,89.411415,81.942894
move,89.2615,80.84622
move,89.1138,79.720116
move,89.004845,78.618675
move,88.91939,77.51518
move,88.93586,76.43785
move,88.991776,75.33239
move,89.07319,74.228546
move,89.166756,73.14495
move,89.25585,72.06098
move,89.34,70.96696
move,89.41959,69.88224
move,89.48966,68.64844
move,89.5494,67.27034
move,89.60743,65.9285
move,89.66536,64.55031
move,89.72235,63.23263
move,89.78003,61.878666
move,89.83663,60.548885
move,89.89579,59.195
move,89.953865,57.865276
move,90.00971,56.499146
move,90.03176,55.168327
move,90.04952,53.801144
move,90.033485,52.446198
move,89.96419,51.104916
move,89.88561,49.752
move,89.80536,48.4113
move,89.733505,47.03387
move,89.79788,45.57239
move,90.022484,44.26108
move,90.46842,42.985806
move,91.2528,41.916515
move,92.407745,41.08849
move,93.62378,40.691704
move,94.935326,40.568222
move,96.096725,40.583916
move,97.463646,40.616833
move,98.806175,40.583412
move,100.169685,40.484028
move,101.500885,40.306374
move,102.80376,40.10155
move,104.154205,39.88749
move,105.49302,39.67738
move,106.868034,39.46382
move,108.26365,39.22697
move,109.58996,38.89567
move,110.9101,38.422993
move,112.14063,37.750492
move,113.25106,36.83731
move,114.27841,35.777344
move,115.13527,34.889088
move,116.21236,33.84456
move,117.14324,32.99809
move,118.29538,32.176292
move,119.3635,31.46653
move,120.56836,30.939657
move,121.9221,30.62004
move,123.29282,30.381147
move,124.65725,30.1785
move,126.11269,30.025667
move,127.46531,30.080547
move,128.83629,30.418943
move,130.05447,31.037022
move,131.23296,31.776579
move,132.34848,32.62716
move,133.32468,33.549236
move,134.31421,34.56163
move,135.241,35.533684
move,136.22081,36.53874
move,137.28085,37.436905
move,138.54266,38.10095
move,139.83386,38.584316
move,141.14404,38.929058
move,142.51176,39.1839
move,143.91452,39.3745
move,145.33357,39.53299
move,146.6686,39.681007
move,148.0403,39.82662
move,149.37718,39.955723
move,150.73903,40.07721
move,152.13716,40.200874
move,153.47263,40.343933
move,154.82962,40.511593
move,156.21085,40.68041
move,157.58835,40.874157
move,158.89922,41.25929
move,160.15038,41.778942
move,161.35957,42.390453
move,162.53418,43.06584
move,163.65608,43.846695
move,164.69061,44.702385
move,165.64642,45.679382
move,166.56436,46.692734
move,167.53252,47.725464
move,168.60542,48.586388
move,169.81711,49.130657
move,171.12059,49.49965
move,172.48578,49.766743
move,173.78198,49.93212
move,175.15353,50.07879
move,176.46768,50.19122
move,177.8186,50.299267
move,179.17033,50.395653
move,180.50056,50.441093
move,181.85565,50.45401
move,183.20984,50.405575
move,184.54863,50.298565
move,185.90567,50.133305
move,187.24,49.897163
move,188.5566,49.577625
move,189.8755,49.13565
move,191.06934,48.549847
move,192.2114,47.777985
move,193.1932,46.916656
move,194.10655,45.93251
move,194.93378,44.905403
move,195.75543,43.85829
move,196.61447,42.79479
move,197.58755,41.836056
move,198.70847,40.99236
move,199.8411,40.317772
move,201.0897,39.763073
move,202.35303,39.386665
move,203.69998,39.157417
move,205.0271,39.05818
move,206.35709,39.008656
move,207.71228,39.006447
move,209.05522,39.019005
move,210.42236,39.03095
move,211.81386,39.02612
move,213.16856,38.989296
move,214.53398,38.91913
move,215.89618,38.80205
move,217.31114,38.61332
move,218.61287,38.28875
move,219.87299,37.760635
move,221.06248,37.11216
move,222.2087,36.389233
move,223.32643,35.60223
move,224.35925,34.763165
move,225.36122,33.868755
move,226.41454,32.922817
move,227.46469,32.047836
move,228.55011,31.299173
move,229.74265,30.606592
move,230.97166,30.007774
move,232.27617,29.491472
move,233.5685,29.17753
move,234.8642,29.01099
move,236.21666,28.928436
move,237.55937,28.899546
move,238.90234,28.916676
move,240.23277,28.95508
move,241.58745,28.99233
move,242.94244,29.01634
move,244.32173,29.022257
move,245.64867,28.924276
move,246.996,28.697853
move,248.26547,28.169506
move,249.35326,27.364725
move,250.28618,26.288479
move,250.86711,25.147736
move,251.31271,23.89359
move,251.73326,22.733429
move,252.43893,21.510399
move,253.3566,20.550652
move,254.51274,19.82582
move,255.7843,19.327173
move,257.0614,18.998245
move,258.46915,18.642927
move,259.66452,18.180752
move,260.86868,17.560335
move,261.96664,16.830559
move,263.04968,15.957453
move,263.9874,15.100331
move,264.9986,14.162122
move,265.98077,13.337607
move,267.04626,12.480829
move,268.16345,11.651775
move,269.29633,10.953889
move,270.4982,10.355416
move,271.7274,9.878653
move,273.00568,9.5092
move,274.3436,9.229395
move,275.65335,9.077826
move,277.03128,9.021717
move,278.3489,9.068393
move,279.6876,9.177178
move,281.0265,9.282046
move,282.41516,9.370337
move,283.80582,9.408925
move,285.1717,9.350414
move,286.58752,9.172006
move,287.86,8.829448
move,289.11902,8.298534
move,290.33923,7.6305375
move,291.4973,6.85984
move,292.54672,6.022324
move,293.52756,5.0528173
move,294.52985,4.0359573
move,295.54105,3.134076
move,296.6504,2.2165337
move,297.9154,1.345598
move,299.25012,0.6633195
move,300.6632,0.19903308
move,301.86038,-0.10021159
move,303.35706,-0.3900934
move,304.56665,-0.5636218
move,305.79422,-0.69012064
move,307.01462,-0.7532971
move,308.5378,-0.71287996
move,309.83826,-0.58473444
move,311.33664,-0.37913612
move,312.80777,-0.15399489
move,314.26596,0.07600429
move,315.75433,0.3448551
move,317.22977,0.53572243
move,318.71426,0.6403054
move,320.02063,0.6680434
move,321.35074,0.6221113
move,322.69092,0.53367496
move,324.04285,0.43905857
move,325.39215,0.31331506
move,326.72537,0.15054445
move,328.0933,-0.02613271
move,329.4061,-0.15255152
move,330.77728,-0.30217966
move,332.13724,-0.44323313
move,333.4987,-0.56909347
move,334.86087,-0.6873524
move,336.23837,-0.75563985
move,337.6297,-0.7724769
move,339.00912,-0.75959414
move,340.4245,-0.7376557
move,341.81516,-0.6907058
move,343.18085,-0.62834954
move,344.55844,-0.5579843
move,345.97153,-0.47164348
move,347.3321,-0.3380629
move,348.67853,-0.18398461
move,350.05682,0.0073974943
move,351.45523,0.22846977
move,352.82285,0.48475555
move,353.05984,0.5335599
cluster,1936
move,-344.68027,-0.09991647
move,-343.42224,-0.2371217
move,-342.19086,-0.30822617
move,-340.92676,-0.36836058
move,-339.66373,-0.4470549
move,-338.42285,-0.5353516
move,-337.13824,-0.61276597
move,-335.9167,-0.65953046
move,-334.82513,-0.73235285
move,-333.6031,-0.76997536
move,-332.30786,-0.8482068
move,-331.09665,-0.8865958
move,-329.874,-0.88498104
move,-328.5774,-0.93750334
move,-327.37488,-1.086089
move,-326.0644,-1.2370341
move,-324.96475,-1.3421011
move,-323.8612,-1.3883562
move,-322.74945,-1.305618
move,-321.55374,-1.1093092
move,-320.31134,-0.868442
move,-319.09827,-0.64578056
move,-317.87772,-0.40493146
move,-316.64243,-0.18640997
move,-315.4562,-0.08729421
move,-314.2449,-0.048777334
move,-313.02222,-0.046390034
move,-311.8102,-0.058315415
move,-310.56628,-0.080894694
move,-309.36575,-0.12218917
move,-308.11313,-0.19242595
move,-306.9084,-0.32287768
move,-305.67767,-0.5035405
move,-304.4707,-0.75714105
move,-303.2907,-1.1015569
move,-302.14178,-1.6523545
move,-301.20892,-2.4191566
move,-300.58478,-3.427287
move,-300.2342,-4.607588
move,-300.00735,-5.8198895
move,-299.78854,-7.0227895
move,-299.56113,-8.081357
move,-299.1325,-9.202471
move,-298.5962,-10.300878
move,-297.97098,-11.338653
move,-297.30347,-12.36306
move,-296.6,-13.439811
move,-295.7558,-14.685497
move,-294.86688,-15.98057
move,-294.0003,-16.989437
move,-292.74658,-17.813034
move,-291.32208,-18.370607
move,-289.89117,-18.791473
move,-288.41693,-19.205828
move,-286.9197,-19.634449
move,-285.5001,-20.132378
move,-284.10477,-20.659487
move,-282.6875,-21.20343
move,-281.2849,-21.748562
move,-279.89487,-22.289597
move,-278.494,-22.83909
move,-277.04144,-23.436676
move,-275.74133,-24.021038
move,-274.56998,-24.826847
move,-273.5724,-25.964598
move,-272.91714,-27.30172
move,-272.37564,-28.677416
move,-271.80014,-30.139019
move,-271.2566,-31.528023
move,-270.75812,-32.77874
move,-270.54288,-34.275345
move,-270.61295,-35.764427
move,-270.8301,-37.306458
move,-271.0968,-38.74719
move,-271.3755,-40.266182
move,-271.53537,-41.77481
move,-271.52594,-43.318745
move,-271.44,-44.741737
move,-271.34348,-46.256664
move,-271.24496,-47.78469
move,-271.15845,-49.115086
move,-271.0639,-50.550766
move,-270.93726,-52.050205
move,-270.80444,-53.53588
move,-270.66776,-55.060997
move,-270.53012,-56.6125
move,-270.41504,-57.914215
move,-270.29547,-59.427483
move,-270.18082,-60.98087
move,-270.07028,-62.534542
move,-269.96716,-64.10197
move,-269.84818,-65.42969
move,-269.6462,-66.74728
move,-269.31488,-68.3231
move,-268.94122,-69.69833
move,-268.41284,-70.96452
move,-267.65076,-72.35227
move,-266.8666,-73.44588
move,-265.83066,-74.66149
move,-264.92184,-75.63658
move,-263.94458,-76.54288
move,-262.82898,-77.33989
move,-261.4025,-78.025246
move,-259.90808,-78.54978
move,-258.4176,-79.04564
move,-256.9273,-79.54208
move,-255.60014,-79.93821
move,-254.0781,-80.09397
move,-252.85785,-80.160904
move,-251.62547,-80.22769
move,-250.17542,-80.302536
move,-248.77226,-80.33721
move,-247.34453,-80.334015
move,-245.90552,-80.28434
move,-244.51544,-80.22077
move,-243.0774,-80.14747
move,-241.6396,-80.07114
move,-240.20178,-79.99365
move,-238.764,-79.91496
move,-237.30183,-79.83946
move,-236.08083,-79.78853
move,-234.6654,-79.76121
move,-233.20146,-79.74006
move,-231.9794,-79.73624
move,-230.5645,-79.780945
move,-229.32236,-79.87937
move,-227.91028,-80.15564
move,-226.49551,-80.532364
move,-225.11829,-80.90907
move,-223.92389,-81.21965
move,-222.52473,-81.55964
move,-221.2981,-81.889565
move,-220.10023,-82.3462
move,-218.83575,-83.00767
move,-217.61876,-83.82095
move,-216.43858,-84.727135
move,-215.39732,-85.754295
move,-214.53542,-86.89135
move,-213.73586,-88.08886
move,-213.05878,-89.10622
move,-212.47888,-90.39534
move,-211.97786,-91.75809
move,-211.51419,-93.1467
move,-211.22125,-94.33257
move,-211.00916,-95.719795
move,-210.86838,-97.12844
move,-210.75424,-98.345184
move,-210.6334,-99.549126
move,-210.45732,-100.978195
move,-210.28462,-102.2124
move,-210.02554,-103.64105
move,-209.71158,-105.04616
move,-209.3738,-106.233025
move,-208.80637,-107.54015
move,-207.8903,-108.69321
move,-206.7264,-109.61524
move,-205.60939,-110.13647
move,-204.27194,-110.516365
move,-202.9102,-110.802505
move,-201.67726,-111.149086
move,-200.46683,-111.78234
move,-199.41226,-112.446365
move,-198.27213,-113.243904
move,-197.14017,-114.13332
move,-196.07195,-115.08061
move,-195.16478,-115.89951
move,-194.21893,-116.710815
move,-193.05891,-117.49669
move,-191.78493,-118.05603
move,-190.65466,-118.551636
move,-189.35863,-119.12126
move,-188.02612,-119.69823
move,-186.70784,-120.27737
move,-185.54381,-120.75466
move,-184.20244,-121.16667
move,-182.97025,-121.52247
move,-181.67674,-122.145004
move,-180.69814,-122.89452
move,-179.77632,-123.99565
move,-179.19836,-125.111824
move,-178.64607,-126.4151
move,-177.88158,-127.617874
move,-176.84265,-128.62465
move,-175.56775,-129.23216
move,-174.17491,-129.63898
move,-172.81996,-129.89708
move,-171.62115,-130.134
move,-170.2462,-130.55792
move,-169.09862,-131.10107
move,-167.9423,-131.87222
move,-167.10237,-132.75577
move,-166.37822,-133.94272
move,-165.67773,-135.21452
move,-165.01718,-136.24089
move,-163.99377,-137.21404
move,-162.81203,-137.9922
move,-161.59384,-138.66397
move,-160.30159,-139.24129
move,-159.1586,-139.67357
move,-157.8042,-140.03697
move,-156.55507,-140.18141
move,-155.14124,-140.14398
move,-153.73425,-139.90492
move,-152.43948,-139.59721
move,-151.27942,-139.21474
move,-150.16559,-138.6852
move,-148.9456,-137.89865
move,-147.75545,-137.04596
move,-146.75859,-136.27809
move,-145.6429,-135.34904
move,-144.71832,-134.47826
move,-143.88925,-133.53178
move,-143.04422,-132.5509
move,-141.95709,-131.57503
move,-140.63464,-130.9051
move,-139.24791,-130.6329
move,-138.01675,-130.55278
move,-136.58913,-130.53659
move,-135.331,-130.51819
move,-133.96759,-130.41652
move,-132.54514,-130.29314
move,-131.0987,-130.16624
move,-129.85716,-130.05722
move,-128.38484,-129.95154
move,-126.97064,-129.8871
move,-125.75015,-129.82474
move,-124.507256,-129.7337
move,-123.29419,-129.58641
move,-121.87224,-129.29434
move,-120.70209,-128.94324
move,-119.388855,-128.30501
move,-118.324684,-127.41139
move,-117.352905,-126.3335
move,-116.52324,-125.262024
move,-115.77493,-124.28055
move,-114.903694,-123.211395
move,-113.88162,-122.181305
move,-112.77386,-121.34166
move,-111.53054,-120.69356
move,-110.22098,-120.22534
move,-108.854126,-119.9099
move,-107.46387,-119.718506
move,-106.05149,-119.62674
move,-104.67234,-119.60499
move,-103.25666,-119.611824
move,-101.86519,-119.62199
move,-100.44951,-119.632774
move,-99.04594,-119.64344
move,-97.630264,-119.65421
move,-96.238785,-119.66494
move,-94.95622,-119.67448
move,-93.55265,-119.68159
move,-92.14907,-119.67806
move,-90.72129,-119.67514
move,-89.32981,-119.679596
move,-87.902054,-119.69062
move,-86.47483,-119.73142
move,-85.01135,-119.7747
move,-83.56072,-119.73041
move,-82.149605,-119.517685
move,-80.96253,-119.18433
move,-79.7428,-118.52207
move,-78.63513,-117.66062
move,-77.55307,-116.74779
move,-76.494095,-115.82656
move,-75.5761,-115.01981
move,-74.517426,-114.043884
move,-73.51042,-113.04882
move,-72.62264,-112.20974
move,-71.61338,-111.501274
move,-70.386375,-110.901344
move,-69.02268,-110.531136
move,-67.61665,-110.36923
move,-66.1829,-110.23634
move,-64.76947,-109.97493
move,-63.557526,-109.55553
move,-62.398388,-109.09806
move,-61.276558,-108.58372
move,-60.119343,-108.030624
move,-58.837177,-107.3757
move,-57.76776,-106.78423
move,-56.659184,-106.13932
move,-55.637985,-105.46848
move,-54.689735,-104.60867
move,-53.810074,-103.4697
move,-53.133987,-102.394646
move,-52.597313,-101.20428
move,-52.10556,-99.88964
move,-51.665623,-98.72359
move,-51.20534,-97.38492
move,-50.802475,-96.20553
move,-50.41246,-95.04742
move,-50.058914,-93.6519
move,-49.795578,-92.162926
move,-49.671684,-90.76506
move,-49.610756,-89.52027
move,-49.55842,-88.238754
move,-49.514153,-86.78748
move,-49.538006,-85.359985
move,-49.578197,-84.11433
move,-49.63706,-82.66354
move,-49.690445,-81.430504
move,-49.757713,-79.955826
move,-49.82148,-78.54155
move,-49.878677,-77.308685
move,-49.939182,-75.870056
move,-49.991165,-74.63695
move,-50.077496,-73.18752
move,-50.153473,-71.95566
move,-50.24609,-70.737175
move,-50.43697,-69.28568
move,-50.62744,-67.846275
move,-50.778618,-66.40234
move,-50.876904,-64.94158
move,-50.9242,-63.514793
move,-50.872322,-62.07613
move,-50.73612,-60.61845
move,-50.558907,-59.201782
move,-50.351807,-57.948414
move,-50.07611,-56.671097
move,-49.787357,-55.43387
move,-49.449535,-54.184128
move,-49.079563,-53.00674
move,-48.600517,-51.64889
move,-48.09393,-50.249474
move,-47.64371,-49.08749
move,-47.06866,-47.96959
move,-46.387794,-46.96984
move,-45.569515,-45.982742
move,-44.70205,-45.10528
move,-43.743454,-44.309765
move,-42.646114,-43.651524
move,-41.335373,-43.1166
move,-40.192078,-42.651695
move,-39.02675,-42.17675
move,-37.875935,-41.73109
move,-36.646233,-41.32698
move,-35.206337,-41.005226
move,-33.7428,-40.81287
move,-32.526917,-40.68995
move,-31.069286,-40.552376
move,-29.852745,-40.435997
move,-28.612005,-40.318436
move,-27.369753,-40.21849
move,-26.053541,-40.134346
move,-24.810976,-40.038563
move,-23.582998,-39.91478
move,-22.35841,-39.76191
move,-21.120857,-39.535126
move,-19.924473,-39.232674
move,-18.768478,-38.805313
move,-17.666454,-38.1515
move,-16.537746,-37.22048
move,-15.656204,-36.3568
move,-14.766206,-35.46715
move,-13.896096,-34.591846
move,-12.957018,-33.70121
move,-11.89931,-32.956276
move,-10.598076,-32.23471
move,-9.4922,-31.714874
move,-8.296115,-31.252893
move,-6.9539895,-30.887363
move,-5.6729555,-30.629358
move,-4.3225236,-30.350428
move,-3.0699964,-29.840164
move,-1.9484957,-29.104307
move,-1.0351511,-28.063028
move,-0.44852477,-26.844341
move,-0.12177776,-25.58039
move,0.065452494,-24.238646
move,0.13281325,-22.788666
move,0.12028348,-21.481937
move,0.10113324,-20.175276
move,0.10411766,-18.856411
move,0.15391101,-17.526417
move,0.26181617,-16.272778
move,0.4170001,-14.987457
move,0.6125899,-13.7077
move,0.85951936,-12.449192
move,1.1642647,-11.19097
move,1.5649976,-9.9605255
move,2.1465998,-8.805773
move,2.925124,-7.8050423
move,3.8846211,-6.9933524
move,4.8956957,-6.264662
move,5.959344,-5.5054913
move,6.9710793,-4.6634884
move,7.7186007,-3.7142897
move,8.365632,-2.5130217
move,8.706347,-1.2782367
move,8.917717,0.023496736
move,9.11143,1.3280932
move,9.332306,2.591487
move,9.559683,3.9028623
move,9.735047,5.319702
move,9.850555,6.62137
move,9.948231,7.888108
move,10.049816,9.215227
move,10.151399,10.50593
move,10.265616,11.807726
move,10.4088125,13.094429
move,10.59037,14.388517
move,10.818813,15.675107
move,11.111906,16.923616
move,11.481765,18.21464
move,11.920031,19.406723
move,12.470215,20.605017
move,13.113194,21.742092
move,13.887107,22.839245
move,14.751458,23.850756
move,15.674731,24.722889
move,16.817913,25.576963
move,18.091358,26.346758
move,19.406893,27.042286
move,20.766367,27.6163
move,22.12388,28.096218
move,23.44137,28.543957
move,24.724947,28.978691
move,26.042664,29.425766
move,27.351635,29.86079
move,28.67306,30.29675
move,29.977623,30.780428
move,31.219034,31.323513
move,32.489944,31.97396
move,33.70636,32.69616
move,34.80601,33.586407
move,35.79947,34.525795
move,36.829376,35.4971
move,37.902325,36.4015
move,39.047455,37.212452
move,40.30936,37.928837
move,41.54478,38.454746
move,42.895184,38.877983
move,44.241425,39.17681
move,45.615643,39.394867
move,46.98334,39.57386
move,48.37833,39.728954
move,49.776283,39.854465
move,51.151543,39.961224
move,52.514557,40.06953
move,53.744843,40.16776
move,55.11989,40.277294
move,56.482727,40.387627
move,57.918198,40.50046
move,59.230663,40.630314
move,60.602745,40.772247
move,61.964527,40.894665
move,63.352695,40.990627
move,64.71925,41.023846
move,66.085175,40.963856
move,67.44722,40.846394
move,68.80543,40.688885
move,70.17565,40.530346
move,71.53384,40.372772
move,72.89158,40.211327
move,74.26062,40.042576
move,75.609924,39.91792
move,76.94975,39.82398
move,78.34993,39.725803
move,79.7034,39.659603
move,81.11888,39.63609
move,82.48613,39.64484
move,83.84109,39.670193
move,85.24401,39.712917
move,86.60908,39.790543
move,87.98398,39.901226
move,89.369576,40.02919
move,90.77916,40.160667
move,92.21336,40.288414
move,93.57907,40.352287
move,95.00622,40.39568
move,96.43341,40.437393
move,97.65532,40.44926
move,99.033646,40.39698
move,100.457115,40.287586
move,101.864555,40.135105
move,103.257805,39.965233
move,104.64405,39.746773
move,105.987274,39.491344
move,107.43239,39.19057
move,108.72337,38.820965
move,110.06694,38.374973
move,111.219345,37.901722
move,112.34478,37.24012
move,113.43101,36.371635
move,114.32266,35.518578
move,115.289734,34.551968
move,116.317444,33.526226
move,117.317154,32.611847
move,118.46159,31.80228
move,119.694496,31.27583
move,121.03956,30.921272
move,122.386505,30.689617
move,123.771904,30.561598
move,125.13722,30.488855
move,126.564514,30.45338
move,127.98817,30.543777
move,129.3106,30.837202
move,130.65567,31.276903
move,131.93379,31.826296
move,133.18521,32.461323
move,134.34055,33.191586
move,135.44202,34.060513
move,136.44298,35.043583
move,137.34091,36.0585
move,138.2515,37.110703
move,139.28934,38.193027
move,140.29367,38.927586
move,141.62431,39.4712
move,143.00987,39.81441
move,144.46434,40.06518
move,145.9088,40.211834
move,147.15076,40.316463
move,148.54955,40.432907
move,149.89134,40.466347
move,151.24242,40.364113
move,152.61433,40.220074
move,154.02762,40.148838
move,155.354,40.245106
move,156.70009,40.541264
move,157.9833,40.97528
move,159.23665,41.521027
move,160.41336,42.116524
move,161.58536,42.77244
move,162.75168,43.438408
move,163.92569,44.115284
move,165.1021,44.83542
move,166.2244,45.594814
move,167.26047,46.39098
move,168.34361,47.245033
move,169.48372,47.975723
move,170.7911,48.574944
move,172.09526,48.93883
move,173.39601,49.156193
move,174.72887,49.32109
move,176.07983,49.426014
move,174.72887,49.32109
move,177.38474,49.495396
move,178.75087,49.54467
move,180.08008,49.47928
move,181.40703,49.376415
move,182.73306,49.262005
move,184.07254,49.16335
move,185.41324,49.082634
move,186.76503,48.987106
move,188.14056,48.884136
move,189.52438,48.664463
move,190.6528,48.001526
move,191.59294,47.06046
move,192.42783,46.08681
move,193.29291,45.075314
move,194.18112,44.051804
move,195.10568,43.044846
move,196.18463,42.170876
move,197.34523,41.602737
move,198.64973,41.239376
move,199.9246,41.014454
move,201.29568,40.777786
move,202.55894,40.49431
move,203.66714,40.23835
move,205.2365,39.943565
move,206.60796,39.799465
move,207.9142,39.786377
move,209.28094,39.824768
move,210.66005,39.804802
move,212.02536,39.735462
move,213.39561,39.578644
move,214.73328,39.36183
move,216.07364,39.092075
move,217.4026,38.770947
move,218.71101,38.374775
move,219.97083,37.876736
move,221.18863,37.25617
move,222.3211,36.53496
move,223.3909,35.743317
move,224.45073,34.860916
move,225.38605,34.001053
move,226.30392,33.15799
move,227.33347,32.277046
move,228.41669,31.483776
move,229.6259,30.772816
move,230.81895,30.240524
move,232.10735,29.784302
move,233.44254,29.494888
move,234.76353,29.33314
move,236.10106,29.211637
move,237.44162,29.128576
move,238.78368,29.076614
move,240.12643,29.046085
move,241.4811,29.007725
move,242.79958,28.974133
move,244.15445,28.943893
move,245.4605,28.899052
move,246.94301,28.773499
move,248.34024,28.48469
move,249.59433,27.833508
move,250.20064,26.863684
move,250.65775,25.500793
move,250.90205,24.167921
move,251.14807,22.798431
move,251.65125,21.603382
move,252.65552,20.63114
move,253.86623,20.032701
move,255.1767,19.689667
move,256.4562,19.423544
move,257.80325,19.12706
move,259.06537,18.672352
move,260.2846,18.054256
move,261.41785,17.379782
move,262.48853,16.630781
move,263.52377,15.794534
move,264.50513,14.949993
move,265.52213,14.072763
move,266.54205,13.236816
move,267.60672,12.458575
move,268.71487,11.7213545
move,269.8412,11.0354
move,271.02768,10.4068365
move,272.25555,9.928006
move,273.53177,9.597616
move,274.8468,9.396835
move,276.13986,9.338032
move,277.4705,9.308078
move,278.91003,9.275235
move,280.24075,9.24692
move,281.55933,9.218128
move,280.24075,9.24692
move,282.95,9.17203
move,284.25082,9.049728
move,285.62854,8.855798
move,286.97617,8.624891
move,288.34637,8.32191
move,289.63058,7.8924365
move,290.89685,7.3161273
move,292.08994,6.6738234
move,293.25317,5.955683
move,294.3744,5.1325107
move,295.4246,4.2203107
move,296.38812,3.2675068
move,297.4229,2.2146606
move,298.43903,1.2650375
move,299.5989,0.52397007
move,300.87726,0.0077488073
move,302.2301,-0.4080648
move,303.59015,-0.7001031
move,304.9588,-0.86946017
move,306.3235,-0.94774
move,307.70206,-0.91190726
move,309.0499,-0.7723373
move,307.70206,-0.91190726
move,310.41635,-0.5834058
move,309.0499,-0.7723373
move,311.79205,-0.37496078
move,313.18076,-0.17074485
move,314.50095,-0.0028490939
move,315.81653,0.09012328
move,317.14456,0.18030867
move,318.47113,0.28757107
move,319.79968,0.3681838
move,321.1417,0.42489153
move,322.4841,0.46609613
move,323.83917,0.47921377
move,325.15775,0.45708185
move,326.49954,0.39964846
move,327.85254,0.32288045
move,329.17877,0.21223238
move,330.52646,0.07023861
move,331.87347,-0.07914719
move,333.2316,-0.23652633
move,334.577,-0.39937526
move,335.9381,-0.52843773
move,337.16998,-0.60288507
move,338.52432,-0.6527293
move,339.75842,-0.6683083
move,341.05307,-0.6701825
move,342.35986,-0.670508
move,343.67874,-0.66842866
move,344.97327,-0.65061796
move,346.30304,-0.59517854
move,347.6165,-0.476076
move,348.90137,-0.31727362
move,350.21924,-0.13142034
move,351.54413,0.088441126
move,352.85144,0.338117
move,353.05347,0.37702978
cluster,1859
move,-344.07504,-0.27611983
move,-341.25375,-0.34788337
move,-338.3777,-0.42709866
move,-335.57672,-0.785322
move,-332.7478,-1.4380299
move,-329.94247,-2.134495
move,-327.2136,-2.611086
move,-324.48532,-2.5612445
move,-321.80695,-2.284723
move,-319.03186,-1.9263729
move,-316.3382,-1.6774136
move,-313.63437,-1.7072568
move,-310.92438,-2.1413314
move,-308.3103,-2.8755407
move,-305.98013,-4.254955
move,-304.1197,-6.178911
move,-302.09027,-8.127692
move,-299.5685,-9.326339
move,-297.07715,-10.275651
move,-294.54822,-11.028987
move,-291.74948,-11.697663
move,-288.96014,-12.402205
move,-286.30835,-13.509012
move,-284.19522,-15.226235
move,-282.55075,-17.560282
move,-281.44843,-20.144968
move,-280.50653,-22.821976
move,-279.6825,-25.481894
move,-278.66632,-27.951788
move,-276.6546,-29.909864
move,-274.0037,-30.700169
move,-271.55524,-31.688044
move,-270.0158,-34.04701
move,-269.7182,-36.809956
move,-269.84955,-39.446278
move,-269.99323,-42.14832
move,-270.07666,-44.945446
move,-270.11563,-47.70398
move,-270.10416,-50.442017
move,-270.14035,-53.200447
move,-270.24786,-55.94393
move,-270.21515,-58.675137
move,-270.10678,-61.352554
move,-270.0302,-64.083626
move,-269.99338,-66.802574
move,-269.97247,-69.52165
move,-269.99088,-72.240814
move,-270.05087,-74.946144
move,-270.11813,-77.78331
move,-270.20132,-80.67287
move,-270.28198,-83.58894
move,-270.35333,-86.38647
move,-270.42355,-89.21035
move,-270.38864,-92.00797
move,-270.1851,-94.81198
move,-269.76007,-97.62899
move,-268.86487,-100.261345
move,-267.4184,-102.666885
move,-265.66925,-104.850784
move,-263.78018,-107.056244
move,-262.1376,-109.170425
move,-260.99554,-111.79653
move,-260.43283,-114.64062
move,-260.42636,-117.46491
move,-260.36154,-120.30208
move,-260.2805,-123.125725
move,-260.2037,-125.80061
move,-260.20367,-125.8006
move,-260.14847,-127.13734
move,-260.0658,-129.0702
move,-259.98413,-131.02238
move,-259.89462,-133.07051
move,-259.8934,-135.01468
move,-259.8456,-136.98685
move,-259.6563,-138.98808
move,-259.226,-140.94238
move,-258.2465,-142.6271
move,-256.88242,-144.03818
move,-255.44392,-145.38866
move,-253.96912,-146.7425
move,-252.60376,-148.22789
move,-251.67862,-149.98996
move,-251.0007,-151.86266
move,-250.4209,-153.79889
move,-249.90607,-155.76198
move,-249.50739,-157.81207
move,-248.82462,-159.72047
move,-247.91243,-161.59921
move,-246.86438,-163.44937
move,-245.5766,-165.00034
move,-244.04741,-166.33478
move,-242.38531,-167.50055
move,-240.6158,-168.46991
move,-238.62251,-169.29662
move,-236.25519,-170.25232
move,-233.92984,-171.15
move,-231.63731,-171.99759
move,-229.25777,-172.92023
move,-227.08298,-174.135
move,-225.03595,-175.79044
move,-223.23528,-177.44102
move,-221.14784,-178.73196
move,-218.7035,-179.68605
move,-216.13622,-180.35948
move,-213.6269,-180.12462
move,-211.0183,-179.74251
move,-208.43098,-179.76862
move,-205.8629,-180.09396
move,-203.26366,-180.54344
move,-200.69269,-180.65749
move,-198.10393,-180.59703
move,-195.46675,-180.53734
move,-192.81746,-180.47562
move,-190.20393,-180.49039
move,-187.76299,-180.60356
move,-185.22913,-181.21655
move,-182.94193,-182.03983
move,-181.07054,-183.7385
move,-179.8858,-185.90123
move,-178.54129,-188.11314
move,-176.44191,-189.42787
move,-174.08957,-190.21167
move,-171.50517,-190.78581
move,-169.03477,-190.9901
move,-166.5676,-190.92685
move,-164.04079,-190.82416
move,-161.52507,-190.7502
move,-159.02182,-190.66592
move,-156.44725,-190.55125
move,-153.93726,-190.16809
move,-151.491,-189.31404
move,-149.9622,-187.31525
move,-149.46234,-184.83914
move,-148.72795,-182.38283
move,-146.84142,-180.77098
move,-144.35701,-180.21672
move,-141.85497,-180.11363
move,-139.27806,-180.07788
move,-136.65254,-180.09467
move,-134.20866,-180.0769
move,-131.77095,-179.7177
move,-129.33455,-178.64189
move,-127.151344,-177.10268
move,-125.325554,-175.49701
move,-123.60543,-173.79486
move,-121.81302,-172.04613
move,-119.48696,-170.81786
move,-117.027916,-170.35762
move,-114.57836,-169.96829
move,-112.12925,-169.39023
move,-109.82319,-168.46045
move,-107.6356,-167.21713
move,-105.63762,-165.79068
move,-103.86212,-164.06483
move,-102.15772,-162.18208
move,-99.87548,-160.91943
move,-97.49659,-160.36555
move,-95.05032,-160.03725
move,-92.39606,-159.84476
move,-89.73444,-159.8448
move,-87.1077,-160.08014
move,-84.63664,-160.29584
move,-82.2069,-160.31642
move,-79.73005,-160.18123
move,-77.3013,-160.05324
move,-74.872215,-159.93332
move,-72.44184,-159.86943
move,-70.03115,-160.06801
move,-67.561874,-160.40788
move,-64.97435,-160.77606
move,-62.39203,-161.31168
move,-59.907494,-162.17046
move,-57.8058,-163.47191
move,-55.99308,-165.19974
move,-54.09903,-167.07027
move,-52.18431,-168.63109
move,-49.92539,-169.48322
move,-47.28959,-169.92975
move,-44.86768,-170.33437
move,-42.323395,-171.07384
move,-40.033573,-171.95541
move,-37.927757,-173.19193
move,-36.01694,-174.7522
move,-34.313686,-176.52107
move,-32.495975,-178.24028
move,-30.422522,-179.58736
move,-28.073923,-180.33372
move,-25.655682,-180.66583
move,-23.054594,-180.70197
move,-20.586222,-180.71355
move,-18.12995,-180.72499
move,-15.661584,-180.73038
move,-13.19391,-180.67313
move,-10.751575,-180.57764
move,-8.284111,-180.51118
move,-5.803926,-180.47305
move,-3.3480384,-180.5044
move,-0.7134017,-180.63263
move,1.7389157,-180.77232
move,4.15134,-180.96277
move,6.6872296,-181.25406
move,9.266517,-181.93236
move,11.561927,-183.17154
move,13.627632,-184.81111
move,15.53329,-186.36092
move,17.513973,-187.81299
move,19.616505,-189.02835
move,22.148787,-189.91652
move,24.568237,-190.31503
move,27.144323,-190.27386
move,29.77591,-190.09462
move,32.264294,-189.96327
move,34.85962,-190.12715
move,37.3976,-190.86523
move,39.24701,-192.69157
move,40.170002,-195.12772
move,40.374443,-197.73895
move,40.28778,-200.36324
move,40.218727,-203.00008
move,40.14941,-205.45534
move,39.728394,-208.10493
move,39.02786,-210.4328
move,38.007305,-212.68845
move,36.24217,-214.63795
move,34.414207,-216.24222
move,32.481747,-218.03638
move,30.795937,-220.10529
move,29.743267,-222.33441
move,29.214624,-224.9494
move,29.354654,-227.37692
move,29.929152,-229.96347
move,29.835396,-232.57947
move,29.27427,-235.15152
move,28.434874,-237.48888
move,26.316326,-238.96745
move,23.665182,-239.21404
move,21.071133,-239.02147
move,18.594309,-238.93568
move,16.173054,-239.24428
move,13.851031,-240.03014
move,11.872367,-241.48228
move,10.62832,-243.5819
move,9.994636,-245.91605
move,9.442925,-248.30957
move,8.92516,-250.93262
move,7.93111,-253.1373
move,6.163371,-255.05156
move,4.1257186,-256.7074
move,2.3096356,-258.5929
move,0.9725957,-260.86212
move,-0.006479349,-263.1405
move,-0.7977481,-265.70544
move,-1.1379678,-268.34158
move,-1.101746,-270.7957
move,-0.7442941,-273.44498
move,-0.40497032,-275.913
move,-0.57787836,-278.39746
move,-0.94981575,-280.8494
move,-0.87110543,-283.49518
move,-0.633889,-285.9765
move,-0.38686523,-288.4082
move,-0.17903607,-290.8672
move,-0.08493311,-293.358
move,0.017786985,-295.8364
move,0.09107704,-298.35208
move,0.11565248,-300.82065
move,0.1399811,-303.3134
move,0.16467695,-305.8424
move,0.1897672,-308.41983
move,0.21374537,-310.87628
move,0.23763998,-313.3206
move,0.26054877,-315.80124
move,0.28027424,-318.29407
move,0.30269617,-320.79895
move,0.3441047,-323.3155
move,0.47103107,-325.78015
move,0.84784204,-328.3528
move,1.6146835,-330.79645
move,2.8463066,-332.9844
move,4.688769,-334.88043
move,6.740763,-336.37375
move,8.951598,-337.49637
move,11.3113575,-338.5017
move,13.780075,-339.35202
move,16.365227,-339.8054
move,18.827936,-340.1017
move,21.440435,-340.36462
move,23.869757,-340.44275
move,26.480907,-340.33566
move,29.123167,-340.13486
move,31.660059,-339.991
move,34.187065,-339.93918
move,36.65517,-340.3361
move,39.026268,-341.20474
move,41.293594,-342.5955
move,43.20144,-344.12146
move,44.971703,-345.84076
move,46.512104,-347.73584
move,47.996346,-349.95956
move,49.008575,-352.152
move,49.630836,-354.76236
move,50.021904,-357.38312
move,50.229416,-359.82858
move,50.021194,-362.4685
move,49.56346,-365.09033
move,48.82895,-367.4284
move,47.10576,-369.15002
move,44.603447,-369.5838
move,42.16016,-369.64224
move,39.67981,-369.6578
move,37.192333,-369.80716
move,34.718056,-370.10672
move,32.258526,-370.42847
move,29.782581,-370.71606
move,27.295855,-371.01453
move,24.784191,-371.3032
move,22.268677,-371.31308
move,19.725082,-371.10068
move,17.174604,-370.6581
move,14.61639,-370.1878
move,12.021638,-370.01312
move,9.49506,-370.1025
move,6.917928,-370.35168
move,4.4624095,-370.9737
move,2.388955,-372.4961
move,1.143896,-374.77872
move,1.0628631,-375.0196
cluster,1320
move,-5.1197686,40.13018
move,-5.5400386,37.956688
move,-5.9123344,36.058506
move,-7.0358915,34.392525
move,-9.168056,33.795334
move,-11.276752,33.979973
move,-13.198127,34.202164
move,-14.424286,34.332954