metadata,origin:fort-sterling,destination:aspenwood,name:Default Trade Mission
move,-6.414358,-30.906404
move,-4.5048227,-30.274044
move,-2.5158632,-29.704884
move,-0.5781703,-29.133385
move,1.1733372,-28.295258
move,2.7245824,-27.128834
move,4.090271,-25.75972
move,5.2713566,-24.205044
move,6.364041,-22.516264
move,7.610236,-20.424274
move,8.673435,-18.593046
move,9.741281,-16.798037
move,10.807197,-15.024305
move,11.87123,-13.271925
move,12.91431,-11.563134
move,14.020061,-9.791282
move,15.143534,-8.157813
move,16.352177,-6.6481733
move,17.859144,-5.2042975
move,19.47422,-4.0080934
move,21.209356,-3.0299203
move,23.036041,-2.142775
move,24.872528,-1.321943
move,26.772093,-0.55207455
move,28.701954,0.046114642
move,30.695202,0.4287
move,33.07991,0.6246357
move,35.559097,0.69756925
move,38.11079,0.62068117
move,40.743717,0.46017167
move,43.22185,0.35647708
move,45.74995,0.29297334
move,48.241867,0.23454885
move,50.6976,0.18246986
move,53.383636,0.15637693
move,56.0818,0.13335319
move,58.71946,0.1085101
move,61.22333,0.04503221
cluster,12
move,-341.5,-3.4868717E-06
move,-340.4439,-0.009210476
move,-338.99216,0.016201852
move,-337.53015,0.111179814
move,-336.03287,0.26095787
move,-334.56946,0.47033206
move,-333.08258,0.7013613
move,-331.5876,0.8685178
move,-330.08395,0.8532019
move,-328.63068,0.67168295
move,-327.14157,0.45763564
move,-325.65695,0.31278986
move,-323.13477,0.06415725
move,-321.5978,-0.08735272
move,-320.15283,-0.2297976
move,-319.2866,-0.31518942
move,-319.0579,-0.37961018
move,-317.74503,-0.7066217
move,-316.53195,-0.92838293
move,-315.32178,-1.0999997
move,-314.1118,-1.1691071
move,-312.911,-1.2025796
move,-311.7424,-1.2328768
move,-310.5418,-1.2688628
move,-309.34073,-1.2868677
move,-308.13956,-1.3013321
move,-306.93832,-1.3054532
move,-305.73706,-1.2930878
move,-304.53607,-1.2717174
move,-303.3143,-1.2230716
move,-302.11475,-1.159724
move,-300.89432,-1.0865201
move,-299.68454,-1.015594
move,-298.46344,-0.9537635
move,-297.2414,-0.91602397
move,-296.02945,-0.9034357
move,-294.80676,-0.90466756
move,-293.5849,-0.9462128
move,-292.3964,-1.168988
move,-291.46756,-1.8791817
move,-291.0643,-2.9356997
move,-290.9337,-4.214102
move,-290.9561,-5.4041643
move,-290.96945,-6.6051993
move,-290.93832,-7.8059835
move,-290.91998,-9.007042
move,-290.9009,-10.250993
move,-290.88162,-11.387678
move,-290.85626,-12.577884
move,-290.83197,-13.778837
move,-290.8147,-14.969184
move,-290.80054,-16.116673
move,-290.7857,-17.317781
move,-290.77164,-18.465271
move,-290.7576,-19.634212
move,-290.75623,-20.803226
move,-290.75854,-21.982983
move,-290.75885,-23.173462
move,-290.75784,-24.34249
move,-290.75668,-25.586592
move,-290.75476,-26.712719
move,-290.7508,-27.828112
move,-290.73264,-28.954084
move,-290.70883,-30.165775
move,-290.67313,-31.3854
move,-290.6036,-32.743183
move,-290.5096,-34.165676
move,-290.37363,-35.544926
move,-290.1523,-36.926064
move,-289.81036,-38.30983
move,-289.3936,-39.714176
move,-288.82132,-40.94504
move,-288.06396,-42.120663
move,-287.17526,-43.200768
move,-286.20676,-44.228226
move,-285.14157,-45.155155
move,-284.0255,-45.95247
move,-283.57602,-46.203396
move,-281.6512,-47.25102
move,-280.35437,-47.961025
move,-279.1401,-48.62927
move,-277.88324,-49.21076
move,-276.54712,-49.623276
move,-275.1413,-49.92782
move,-273.77222,-50.142513
move,-272.36884,-50.3001
move,-271.0005,-50.41035
move,-269.55075,-50.489475
move,-267.82214,-50.530518
move,-266.44943,-50.547333
move,-265.06342,-50.54728
move,-263.70374,-50.553463
move,-262.31784,-50.57272
move,-260.9059,-50.60788
move,-259.49625,-50.69082
move,-258.09018,-50.823917
move,-256.69,-51.008778
move,-255.34729,-51.22197
move,-253.95523,-51.52805
move,-252.61192,-51.919262
move,-251.27246,-52.366917
move,-249.94392,-52.846264
move,-248.60405,-53.333057
move,-247.32799,-53.872314
move,-246.16371,-54.52011
move,-245.10147,-55.344643
move,-244.12451,-56.399178
move,-243.29236,-57.69655
move,-242.72986,-59.020313
move,-242.25795,-60.391045
move,-241.83163,-61.65193
move,-241.39673,-62.93548
move,-241.01639,-64.23575
move,-240.71275,-65.51916
move,-240.45119,-66.76243
move,-240.24881,-68.065315
move,-240.14569,-69.36767
move,-240.13876,-70.65011
move,-240.18083,-71.94411
move,-240.25934,-73.22423
move,-240.36145,-74.4906
move,-240.49991,-75.777824
move,-240.61801,-77.10304
move,-240.69801,-78.33463
move,-240.78294,-79.578
move,-240.7415,-80.84703
move,-240.62135,-82.196884
move,-240.53528,-83.48842
move,-240.47684,-84.85444
move,-240.44203,-86.16074
move,-240.37883,-87.56284
move,-240.27148,-88.96228
move,-240.15123,-90.1906
move,-240.00441,-91.57431
move,-239.84868,-92.81082
move,-239.688,-94.24168
move,-239.59683,-95.460266
move,-239.5418,-96.69322
move,-239.53905,-97.92737
move,-239.54907,-99.173645
move,-239.58672,-100.38292
move,-239.66248,-101.6148
move,-239.73718,-102.834625
move,-239.81116,-104.09085
move,-239.89287,-105.31024
move,-239.97812,-106.57792
move,-240.05476,-107.8582
move,-240.11577,-109.175705
move,-240.1775,-110.40837
move,-240.24405,-111.70137
move,-240.32181,-113.05433
move,-240.42654,-114.30827
move,-240.61731,-115.698524
move,-240.8503,-116.89813
move,-241.15463,-118.25585
move,-241.46751,-119.43712
move,-241.9042,-120.745094
move,-242.48788,-122.0075
move,-243.12808,-123.07625
move,-243.91689,-124.20771
move,-244.76665,-125.2784
move,-245.73062,-126.28102
move,-246.81732,-127.148125
move,-248.00935,-127.864426
move,-249.27606,-128.4684
move,-250.56636,-128.98889
move,-251.8979,-129.43213
move,-253.22076,-129.82295
move,-254.55237,-130.22607
move,-255.65915,-130.76674
move,-256.7429,-131.55888
move,-257.7384,-132.52818
move,-258.54483,-133.64624
move,-259.19574,-134.83403
move,-259.70276,-136.1292
move,-260.07178,-137.47063
move,-260.42056,-138.83018
move,-260.86554,-140.13481
move,-261.46957,-141.38747
move,-262.26672,-142.55545
move,-263.18512,-143.55064
move,-264.2428,-144.45387
move,-265.33997,-145.29007
move,-266.32758,-146.05019
move,-267.32977,-146.8697
move,-268.2869,-147.81044
move,-269.1214,-148.83136
move,-269.87866,-149.88109
move,-270.50208,-151.04106
move,-270.91397,-152.25473
move,-271.16458,-153.52399
move,-271.23953,-154.7671
move,-271.1982,-156.0247
move,-271.12924,-157.28123
move,-271.05804,-158.54974
move,-271.0027,-159.81902
move,-270.98843,-161.10146
move,-271.01242,-162.37164
move,-271.0375,-163.64183
move,-271.06345,-164.9362
move,-271.06528,-166.26717
move,-271.0353,-167.53732
move,-271.01736,-168.80768
move,-271.01843,-170.0904
move,-271.01477,-171.36087
move,-270.93552,-172.62865
move,-270.77515,-173.87662
move,-270.58322,-175.13254
move,-270.39633,-176.41368
move,-270.25308,-177.68767
move,-270.1914,-178.96878
move,-270.15015,-180.25063
move,-270.166,-181.53313
move,-270.18442,-182.81558
move,-270.19336,-184.15858
move,-270.2013,-185.44106
move,-270.21368,-186.71141
move,-270.21667,-188.01813
move,-270.11514,-189.28424
move,-270.00864,-190.52608
move,-269.89658,-191.82819
move,-269.7842,-193.11797
move,-269.67188,-194.41986
move,-269.5597,-195.72174
move,-269.4488,-196.98737
move,-269.2951,-198.29704
move,-268.96848,-199.54825
move,-268.44128,-200.76915
move,-267.78198,-201.89699
move,-267.01242,-202.95241
move,-266.1129,-203.93246
move,-265.078,-204.82503
move,-264.02194,-205.61493
move,-262.92526,-206.3472
move,-261.68768,-207.05818
move,-260.49673,-207.59569
move,-259.3786,-208.08882
move,-258.21222,-208.59212
move,-257.00006,-209.01065
move,-255.77101,-209.3317
move,-254.53603,-209.57199
move,-253.26424,-209.73686
move,-251.99861,-209.8474
move,-250.70712,-209.9383
move,-249.45103,-210.01453
move,-248.15825,-210.08513
move,-246.90169,-210.1527
move,-245.65704,-210.21762
move,-244.4123,-210.28
move,-243.14249,-210.31686
move,-241.89618,-210.3116
move,-240.56526,-210.29755
move,-239.25853,-210.28368
move,-237.96416,-210.25594
move,-236.7066,-210.21092
move,-235.49783,-210.15599
move,-234.21669,-210.09415
move,-232.97116,-210.04973
move,-231.64038,-210.02464
move,-230.39417,-210.00928
move,-229.14793,-209.99475
move,-227.8654,-209.97981
move,-226.61917,-209.96529
move,-225.17935,-209.94841
move,-223.95732,-209.93411
move,-222.72324,-209.92154
move,-221.50127,-209.90971
move,-220.25511,-209.89769
move,-219.03308,-209.88968
move,-217.81091,-209.8836
move,-216.383,-209.87672
move,-215.16081,-209.87083
move,-213.82977,-209.86444
move,-212.52293,-209.85817
move,-211.17978,-209.85168
move,-209.84875,-209.84534
move,-208.4935,-209.83887
move,-207.15038,-209.83261
move,-205.8314,-209.82964
move,-204.41562,-209.83095
move,-203.08458,-209.83621
move,-201.66888,-209.84608
move,-200.19276,-209.86363
move,-198.84987,-209.88454
move,-197.5196,-209.9275
move,-196.1772,-209.97028
move,-194.8465,-210.00006
move,-193.5037,-210.03252
move,-192.1976,-210.07498
move,-190.97711,-210.13727
move,-189.74472,-210.20517
move,-188.51183,-210.26054
move,-187.10838,-210.27754
move,-185.87431,-210.2901
move,-184.65233,-210.30197
move,-183.43031,-210.3165
move,-182.18417,-210.33426
move,-180.79285,-210.35413
move,-179.51038,-210.3746
move,-178.30072,-210.40201
move,-177.0672,-210.44215
move,-175.66544,-210.51273
move,-174.4107,-210.60896
move,-173.15732,-210.72104
move,-171.94725,-210.89098
move,-170.69815,-211.1228
move,-169.48662,-211.41396
move,-168.24873,-211.83101
move,-167.12206,-212.33376
move,-166.03238,-212.96188
move,-165.02531,-213.69516
move,-164.10645,-214.53606
move,-163.28711,-215.53702
move,-162.62746,-216.62195
move,-162.09795,-217.77621
move,-161.67723,-218.97473
move,-161.29628,-220.18674
move,-160.91173,-221.41032
move,-160.5574,-222.73021
move,-160.32652,-223.99149
move,-160.17653,-225.26526
move,-160.07129,-226.56767
move,-160.0072,-227.89702
move,-160.00517,-229.19159
move,-160.05785,-230.54576
move,-160.13222,-231.78981
move,-160.23863,-233.18936
move,-160.3406,-234.46794
move,-160.43723,-235.8924
move,-160.46724,-237.11409
move,-160.47964,-238.38452
move,-160.45988,-239.61852
move,-160.41066,-240.86375
move,-160.334,-242.10773
move,-160.22453,-243.33702
move,-160.08022,-244.5871
move,-159.91075,-245.82178
move,-159.68198,-247.23111
move,-159.39293,-248.41794
move,-158.95668,-249.57187
move,-158.33492,-250.82962
move,-157.7089,-251.89302
move,-156.90434,-253.07219
move,-156.0505,-254.15527
move,-155.2278,-255.07498
move,-154.3005,-255.94258
move,-153.32448,-256.67715
move,-152.1287,-257.4347
move,-150.9009,-258.11386
move,-149.61789,-258.6503
move,-148.25966,-259.04694
move,-146.98418,-259.26575
move,-145.7535,-259.35547
move,-144.36356,-259.42004
move,-142.95345,-259.54462
move,-141.54462,-259.6836
move,-140.16151,-259.83606
move,-138.9332,-259.95587
move,-137.55551,-260.02155
move,-136.16408,-260.02875
move,-134.6043,-259.97202
move,-133.36003,-259.90076
move,-132.07857,-259.848
move,-130.78413,-259.8253
move,-129.441,-259.83307
move,-128.07375,-259.84265
move,-126.69441,-259.85156
move,-125.32794,-259.8983
move,-123.925545,-259.95734
move,-122.571526,-260.01422
move,-121.18123,-260.07248
move,-119.8272,-260.1293
move,-118.41272,-260.18857
move,-117.01033,-260.24734
move,-115.63186,-260.29807
move,-114.25273,-260.32425
move,-112.87335,-260.3271
move,-111.44558,-260.3225
move,-110.09041,-260.31464
move,-108.71104,-260.30664
move,-107.307465,-260.2985
move,-105.91599,-260.28934
move,-104.51252,-260.2704
move,-103.12117,-260.24817
move,-101.754105,-260.22302
move,-100.36338,-260.17676
move,-98.9729,-260.12338
move,-97.582466,-260.06863
move,-96.361,-260.02954
move,-94.96969,-260.0081
move,-93.54192,-260.01312
move,-92.32008,-260.03815
move,-90.89262,-260.06903
move,-89.62247,-260.0986
move,-88.38931,-260.1497
move,-87.144775,-260.2158
move,-85.82808,-260.292
move,-84.59749,-260.3862
move,-83.343414,-260.48984
move,-82.109665,-260.66367
move,-80.765945,-260.97284
move,-79.58432,-261.40323
move,-78.47764,-261.9744
move,-77.394966,-262.70508
move,-76.34538,-263.56183
move,-75.39609,-264.42383
move,-74.47172,-265.43076
move,-73.63308,-266.50992
move,-72.91759,-267.71637
move,-72.302444,-269.00464
move,-71.769066,-270.30267
move,-71.29748,-271.6373
move,-70.90596,-272.98495
move,-70.57254,-274.3608
move,-70.25194,-275.72726
move,-69.88846,-277.0826
move,-69.42059,-278.40576
move,-68.89811,-279.70834
move,-68.29014,-280.9865
move,-67.61169,-282.1873
move,-66.82538,-283.36395
move,-65.96658,-284.3953
move,-64.958374,-285.33542
move,-63.855877,-286.1431
move,-62.6819,-286.88986
move,-61.478184,-287.56308
move,-60.25933,-288.15512
move,-58.998333,-288.68323
move,-57.685673,-289.14438
move,-56.380203,-289.50717
move,-55.02197,-289.80936
move,-53.678303,-290.0621
move,-52.313606,-290.26212
move,-50.965057,-290.39502
move,-49.600246,-290.4765
move,-48.197083,-290.50885
move,-46.841915,-290.5117
move,-45.45048,-290.4981
move,-44.03487,-290.48236
move,-42.66814,-290.44363
move,-41.28944,-290.39963
move,-39.874454,-290.3545
move,-38.495754,-290.3105
move,-37.26218,-290.27103
move,-35.992325,-290.23056
move,-34.577343,-290.18524
move,-33.234924,-290.14246
move,-31.916693,-290.10052
move,-30.634592,-290.06506
move,-29.315727,-290.06055
move,-28.057325,-290.06458
move,-26.811026,-290.06863
move,-25.564718,-290.07257
move,-24.330519,-290.07657
move,-23.072115,-290.0806
move,-21.837914,-290.0846
move,-20.422235,-290.09036
move,-19.103354,-290.0957
move,-17.760279,-290.10342
move,-16.501904,-290.11075
move,-15.207225,-290.1183
move,-13.948847,-290.12564
move,-12.58157,-290.13354
move,-11.359491,-290.14066
move,-10.113218,-290.14917
move,-8.78225,-290.1582
move,-7.5117836,-290.16678
move,-6.253414,-290.1753
move,-5.007145,-290.1837
move,-3.760876,-290.1921
move,-2.4904094,-290.20126
move,-1.232047,-290.21097
move,0.014225671,-290.21664
move,1.2480184,-290.18573
move,2.4816847,-290.1496
move,3.8485126,-290.11432
move,5.131073,-290.10797
move,6.3530374,-290.1263
move,7.6838837,-290.1466
move,8.917946,-290.16537
move,10.152007,-290.18417
move,11.386073,-290.2026
move,12.608074,-290.218
move,13.830098,-290.23135
move,15.064219,-290.24484
move,16.298346,-290.25836
move,17.532484,-290.27182
move,18.766624,-290.28525
move,20.145952,-290.30032
move,21.501078,-290.31512
move,22.868303,-290.33005
move,24.126638,-290.34387
move,25.384974,-290.35764
move,26.631208,-290.3713
move,27.877447,-290.38498
move,29.19628,-290.3994
move,30.4788,-290.41418
move,31.725012,-290.429
move,32.97124,-290.44373
move,34.290062,-290.45944
move,35.548393,-290.4744
move,36.806725,-290.4893
move,38.186047,-290.50525
move,39.565434,-290.50735
move,40.87222,-290.5091
move,42.166897,-290.51492
move,43.38895,-290.52542
move,44.756145,-290.51477
move,46.134415,-290.46054
move,47.48615,-290.3644
move,48.835403,-290.23865
move,50.14039,-289.98254
move,51.300167,-289.5991
move,52.58927,-289.01645
move,53.606544,-288.34067
move,54.607754,-287.5013
move,55.512535,-286.61002
move,56.303333,-285.67856
move,57.09796,-284.65643
move,57.974735,-283.5916
move,58.964985,-282.58188
move,59.995255,-281.90695
move,61.130283,-281.42493
move,62.315723,-281.08435
move,63.577072,-280.85385
move,64.88619,-280.69412
move,66.138405,-280.5696
move,67.39248,-280.46616
move,68.6371,-280.4015
move,69.90616,-280.34073
move,71.16329,-280.28476
move,72.43261,-280.22986
move,73.78712,-280.18658
move,75.033295,-280.16995
move,76.30377,-280.16324
move,77.56215,-280.15784
move,78.83263,-280.1523
move,80.187805,-280.14526
move,81.47038,-280.13583
move,82.72876,-280.1263
move,83.97504,-280.11707
move,85.22131,-280.11304
move,86.44339,-280.10928
move,88.12527,-280.10147
move,89.61343,-280.07922
move,91.148796,-280.0159
move,93.62622,-279.8925
move,95.02237,-279.74927
move,96.23134,-279.57104
move,97.5855,-279.30902
move,98.828514,-278.95035
move,100.01995,-278.44473
move,101.14772,-277.8602
move,102.35748,-277.17264
move,103.536125,-276.4561
move,104.652695,-275.6678
move,105.715065,-274.75125
move,106.66653,-273.7699
move,107.54134,-272.67303
move,108.29743,-271.5054
move,108.92514,-270.29138
move,109.41296,-268.9892
move,109.725395,-267.6465
move,109.89963,-266.25406
move,109.99918,-264.86624
move,110.07361,-263.47668
move,110.146164,-262.12338
move,110.22015,-260.73386
move,110.28128,-259.3559
move,110.34056,-257.9657
move,110.39577,-256.57535
move,110.44534,-255.23318
move,110.49086,-253.86662
move,110.53668,-252.47588
move,110.57048,-251.09694
move,110.58434,-249.76599
move,110.58353,-248.38655
move,110.57439,-247.01935
move,110.55662,-245.64015
move,110.50921,-244.26155
move,110.4623,-242.85872
move,110.421165,-241.492
move,110.38161,-240.11313
move,110.34738,-238.70996
move,110.321236,-237.33081
move,110.29939,-235.95158
move,110.284874,-234.53596
move,110.30247,-233.13248
move,110.360306,-231.76656
move,110.42826,-230.3646
move,110.49511,-228.9868
move,110.57045,-227.6095
move,110.66833,-226.22145
move,110.7772,-224.84637
move,110.91266,-223.46153
move,111.10875,-222.1209
move,111.43604,-220.79399
move,111.895004,-219.46786
move,112.42054,-218.2189
move,113.07585,-216.96483
move,113.761215,-215.96854
move,114.61865,-214.96744
move,115.587875,-214.05585
move,116.55736,-213.27322
move,117.59149,-212.57838
move,118.677216,-211.96695
move,119.80759,-211.44315
move,120.97403,-211.04103
move,122.20322,-210.72064
move,123.49866,-210.47345
move,124.75526,-210.28648
move,126.07823,-210.14178
move,127.34531,-210.04973
move,128.65016,-209.97885
move,129.96713,-209.90758
move,131.2962,-209.83565
move,132.55276,-209.76775
move,133.92984,-209.68777
move,135.1479,-209.58955
move,136.40833,-209.43121
move,137.62112,-209.20354
move,138.80023,-208.88387
move,140.1096,-208.37964
move,141.34085,-207.7338
move,142.30774,-207.00845
move,143.31042,-206.0271
move,144.22743,-204.96477
move,145.1341,-203.87752
move,146.05234,-202.81645
move,147.10765,-201.91364
move,148.33112,-201.20515
move,149.6368,-200.7292
move,150.98997,-200.40698
move,152.37524,-200.18341
move,153.77246,-200.05081
move,155.16115,-199.96294
move,156.53998,-199.92464
move,157.9313,-199.9076
move,159.2985,-199.896
move,160.68987,-199.88414
move,161.89973,-199.87387
move,163.30318,-199.86168
move,164.69455,-199.84808
move,166.08592,-199.83452
move,167.5015,-199.8225
move,168.90498,-199.80693
move,170.13905,-199.78986
move,171.5425,-199.76788
move,172.77643,-199.74594
move,173.99745,-199.79121
move,175.2122,-199.92142
move,176.4497,-200.14713
move,177.80795,-200.54411
move,178.96346,-201.01
move,180.20105,-201.67003
move,181.21378,-202.39531
move,182.27716,-203.34732
move,183.26617,-204.39345
move,184.0614,-205.3372
move,184.83527,-206.28307
move,185.76724,-207.38033
move,186.82533,-208.29895
move,187.90071,-208.90147
move,189.2236,-209.40321
move,190.39906,-209.73727
move,191.78438,-210.02676
move,192.99783,-210.17111
move,194.4096,-210.2743
move,195.8128,-210.2982
move,197.03485,-210.28722
move,198.29312,-210.27081
move,199.69656,-210.26048
move,200.93074,-210.25537
move,202.3462,-210.23125
move,203.5674,-210.18509
move,204.78674,-210.10373
move,205.98856,-209.96541
move,207.37053,-209.66228
move,208.70764,-209.19948
move,209.82848,-208.71255
move,211.1207,-208.16478
move,212.25012,-207.66739
move,213.47195,-206.97928
move,214.44511,-206.2404
move,215.5253,-205.307
move,216.52525,-204.32246
move,217.32181,-203.39635
move,218.1114,-202.20798
move,218.77501,-200.93059
move,219.30423,-199.6572
move,219.68704,-198.47154
move,219.99487,-197.11487
move,220.23766,-195.7202
move,220.44958,-194.3204
move,220.65799,-192.92007
move,220.89244,-191.561
move,221.20103,-190.36636
move,221.64622,-189.02269
move,222.16147,-187.75671
move,222.8252,-186.52103
move,223.54254,-185.51791
move,224.39047,-184.60538
move,225.35947,-183.80373
move,226.52501,-183.04454
move,227.624,-182.4573
move,228.91335,-181.87325
move,230.0554,-181.4385
move,231.22981,-181.05988
move,232.42316,-180.7992
move,233.63605,-180.65295
move,234.94067,-180.58238
move,236.25954,-180.5803
move,237.54176,-180.6095
move,238.77548,-180.64362
move,240.10641,-180.64969
move,241.3639,-180.60384
move,242.80783,-180.45607
move,244.1701,-180.1741
move,245.3738,-179.85178
move,246.51422,-179.41623
move,247.52106,-178.72993
move,248.35422,-177.82182
move,249.0323,-176.79161
move,249.64297,-175.52893
move,250.04083,-174.34853
move,250.30283,-173.15544
move,250.51021,-171.75507
move,250.7315,-170.34473
move,251.109,-169.17198
move,251.85794,-168.01828
move,252.86328,-167.04153
move,253.96379,-166.15103
move,254.91522,-165.38403
move,255.97835,-164.46884
move,256.82773,-163.35548
move,257.4782,-162.09917
move,257.89282,-160.92488
move,258.23557,-159.5639
move,258.49463,-158.3449
move,258.7497,-157.06322
move,258.97067,-155.77536
move,259.16953,-154.38591
move,259.3208,-153.14885
move,259.4435,-151.92085
move,259.53165,-150.65347
move,259.59576,-149.43307
move,259.66058,-148.18845
move,259.7283,-146.95607
move,259.79672,-145.7116
move,259.85944,-144.49112
move,259.91672,-143.25824
move,259.9735,-142.01321
move,260.02255,-140.75578
move,260.05072,-139.53401
move,260.07938,-138.25172
move,260.10712,-137.00575
move,260.13486,-135.75978
move,260.16238,-134.5259
move,260.18958,-133.30411
move,260.21716,-132.07022
move,260.24393,-130.83632
move,260.25986,-129.42075
move,260.26984,-128.02939
move,260.27866,-126.80731
move,260.28766,-125.561035
move,260.29782,-124.15746
move,260.30664,-122.93539
move,260.31253,-121.54391
move,260.30566,-120.33393
move,260.2905,-119.09983
move,260.27332,-117.72054
move,260.26486,-116.304886
move,260.27588,-114.889244
move,260.2963,-113.65522
move,260.3447,-112.107185
move,260.5368,-108.61566
move,260.60397,-107.35914
move,260.68127,-106.01829
move,260.7908,-104.71611
move,260.83374,-103.507835
move,260.782,-102.226295
move,260.7436,-100.92009
move,260.73492,-99.49241
move,260.7799,-98.21075
move,260.8957,-96.96986
move,261.03616,-95.58546
move,261.14752,-94.23489
move,261.17963,-92.880455
move,261.10382,-91.5276
move,260.95978,-90.19231
move,260.7816,-88.83668
move,260.59763,-87.481834
move,260.45166,-86.13456
move,260.3375,-84.76008
move,260.26205,-83.39487
move,260.18597,-82.01758
move,260.14203,-80.61492
move,260.16238,-79.235695
move,260.20245,-77.856895
move,260.25098,-76.45413
move,260.30325,-75.051506
move,260.37573,-73.67403
move,260.49957,-72.31246
move,260.69812,-70.9477
move,261.03372,-69.610565
move,261.5129,-68.304985
move,262.17883,-67.08439
move,262.93634,-65.94648
move,263.83722,-64.88799
move,264.8454,-64.00149
move,265.9129,-63.207085
move,267.0231,-62.518513
move,268.24725,-61.910583
move,269.4889,-61.46942
move,270.78214,-61.155952
move,272.08948,-60.906223
move,273.38828,-60.676792
move,274.67517,-60.44946
move,276.00995,-60.21486
move,277.21405,-60.00588
move,278.4131,-59.769695
move,279.80624,-59.408913
move,280.95416,-58.957237
move,282.2151,-58.264473
move,283.26614,-57.529907
move,284.33212,-56.655003
move,285.21872,-55.814377
move,286.12668,-54.77659
move,286.94327,-53.665325
move,287.6659,-52.448772
move,288.22812,-51.176838
move,288.66574,-49.86894
move,289.0453,-48.53033
move,289.3552,-47.18635
move,289.58176,-45.801533
move,289.71362,-44.41646
move,289.79633,-43.051674
move,289.8727,-41.710747
move,289.94354,-40.369503
move,290.01334,-39.052444
move,290.07227,-37.722775
move,290.10083,-36.31949
move,290.11893,-35.097523
move,290.1353,-33.86343
move,290.1532,-32.520447
move,290.16714,-31.21372
move,290.17355,-29.955341
move,290.1788,-28.721163
move,290.1837,-27.486979
move,290.18796,-26.143877
move,290.19443,-24.861296
move,290.20544,-23.62714
move,290.2199,-22.405125
move,290.23392,-21.158895
move,290.24933,-19.936893
move,290.26636,-18.593903
move,290.2835,-17.347723
move,290.30203,-16.08946
move,290.32318,-14.794932
move,290.33292,-13.524475
move,290.32837,-12.290284
move,290.3216,-11.068205
move,290.3214,-9.809812
move,290.3425,-8.503196
move,290.37787,-7.208984
move,290.42972,-5.927473
move,290.55438,-4.6149635
move,290.85962,-3.396257
move,291.55057,-2.1793792
move,292.60873,-1.236405
move,293.91724,-0.8239573
move,295.32877,-0.7258267
move,296.7199,-0.6939942
move,298.12033,-0.6019354
move,299.3388,-0.5086851
move,300.73944,-0.418448
move,302.12906,-0.34648684
move,303.36234,-0.3002638
move,304.75366,-0.28136832
move,305.98782,-0.28622296
move,307.21,-0.2990346
move,308.61343,-0.31734717
move,310.04095,-0.3385854
move,311.26266,-0.36978018
move,312.4961,-0.4122262
move,313.7054,-0.454539
move,315.133,-0.4754835
move,316.53555,-0.42921704
move,317.94455,-0.29432085
move,319.2385,-0.11190227
move,320.49326,0.087781616
move,321.89777,0.26363462
move,323.28784,0.31501463
move,324.70218,0.25489742
move,325.93384,0.17578413
move,327.21252,0.07595243
move,328.514,-0.042015526
move,329.91943,-0.21112886
move,331.1626,-0.40617105
move,332.39108,-0.61683834
move,333.62033,-0.8226976
move,334.8686,-0.97948575
move,336.11273,-1.0495101
move,337.37073,-1.0333804
move,338.6271,-0.9638803
move,339.8597,-0.9010964
move,341.09366,-0.8772547
move,342.47296,-0.89522433
move,343.7428,-0.93528926
move,345.08417,-1.0034579
move,346.31656,-1.069809
move,347.55,-1.113949
move,348.78293,-1.1689548
move,350.00354,-1.2268863
move,351.2236,-1.2970325
move,352.45605,-1.3613473
move,353.73788,-1.4050827
move,354.99585,-1.4374678
move,356.3265,-1.4136622
move,357.62976,-1.3188484
move,358.87057,-1.2028698
move,360.12405,-1.0917716
move,361.41458,-0.9879872
move,362.0905,-0.9413829
cluster,2565
move,-359.5,-1.758337E-06
move,-358.3856,-0.045710348
move,-357.239,-0.090484194
move,-356.10233,-0.103449576
move,-354.98773,-0.14571223
move,-353.89496,-0.19578688
move,-352.78278,-0.28060493
move,-351.6595,-0.36105317
move,-350.54642,-0.43222046
move,-349.34183,-0.56224644
move,-348.2161,-0.72127765
move,-347.12115,-0.8674097
move,-346.00143,-0.98681766
move,-344.85684,-1.0690897
move,-343.7313,-1.0960383
move,-342.60538,-1.0751083
move,-341.45917,-1.0208849
move,-340.32657,-0.92272866
move,-339.163,-0.81042945
move,-337.9985,-0.7067571
move,-336.8958,-0.6408119
move,-335.74857,-0.61920136
move,-334.55835,-0.6438086
move,-333.36844,-0.6792123
move,-332.25308,-0.6935239
move,-331.09525,-0.73377144
move,-329.91708,-0.7957055
move,-328.7495,-0.85477704
move,-327.6135,-0.89794165
move,-326.45523,-0.9117884
move,-325.27542,-0.92380726
move,-324.12784,-0.9354985
move,-322.94806,-0.9475176
move,-321.76822,-0.9595369
move,-320.63135,-0.97111946
move,-319.48376,-0.98281157
move,-318.33618,-0.994504
move,-317.1993,-1.0060875
move,-316.3895,-1.0143396
move,-315.43582,-0.97200924
move,-314.31073,-0.9220478
move,-313.15347,-0.8706061
move,-312.00693,-0.8196397
move,-310.8932,-0.7593435
move,-309.69833,-0.67365354
move,-308.28775,-0.6052958
move,-306.8906,-0.5326341
move,-305.45554,-0.4296093
move,-304.04855,-0.30723056
move,-302.63748,-0.106048904
move,-301.2615,0.21123344
move,-299.9287,0.6356604
move,-298.62274,1.2055196
move,-297.41693,1.9124445
move,-296.3403,2.8435853
move,-295.41888,3.8958347
move,-294.56226,5.002093
move,-293.66833,6.1120715
move,-292.63953,7.077192
move,-291.4904,7.873916
move,-290.24057,8.529199
move,-288.89395,9.0332365
move,-287.50174,9.39488
move,-286.08685,9.653352
move,-284.6706,9.813551
move,-283.24918,9.920923
move,-281.79883,9.986208
move,-280.38742,10.037953
move,-278.93628,10.088502
move,-277.4991,10.157999
move,-276.05026,10.253099
move,-274.56378,10.376453
move,-273.13354,10.53177
move,-271.65698,10.742468
move,-270.24954,11.039012
move,-268.86526,11.476033
move,-267.5355,12.023944
move,-266.30853,12.771571
move,-265.19763,13.68504
move,-264.1914,14.675309
move,-263.2339,15.818499
move,-262.37775,16.991026
move,-261.58212,18.189722
move,-260.87372,19.411142
move,-260.29852,20.685827
move,-259.84024,22.021473
move,-259.46796,23.37007
move,-259.17868,24.752275
move,-258.97186,26.122614
move,-258.83405,27.554607
move,-258.77097,28.939034
move,-258.76855,30.39094
move,-258.80884,31.789513
move,-258.87576,33.187103
move,-258.94672,34.59771
move,-259.0165,35.981945
move,-259.0789,37.379757
move,-259.13858,38.777706
move,-259.19595,40.17573
move,-259.24442,41.547653
move,-259.28214,42.999165
move,-259.3069,44.39814
move,-259.325,45.810417
move,-259.3389,47.16994
move,-259.34888,48.529495
move,-259.34436,49.91547
move,-259.32404,51.288113
move,-259.29236,52.66054
move,-259.2343,54.04528
move,-259.14642,55.377735
move,-258.9986,56.639256
move,-258.75662,57.91089
move,-258.43607,59.152546
move,-257.96753,60.51326
move,-257.40295,61.663906
move,-256.7093,62.71287
move,-255.85413,63.732185
move,-254.94841,64.622505
move,-253.92863,65.55132
move,-252.94385,66.58478
move,-252.1513,67.53056
move,-251.43837,68.56692
move,-250.81013,69.64296
move,-250.34557,70.83562
move,-250.12798,72.06168
move,-249.95645,73.33276
move,-249.68027,74.658165
move,-249.23566,75.79531
move,-248.56656,76.9579
move,-247.63055,78.031334
move,-246.64813,78.753586
move,-245.53052,79.20369
move,-244.3079,79.35931
move,-242.91652,79.35934
move,-241.50107,79.33178
move,-240.07355,79.30335
move,-238.86389,79.31868
move,-237.43918,79.41086
move,-236.21098,79.53208
move,-234.82895,79.693886
move,-233.42403,79.86803
move,-232.04338,80.041695
move,-230.81833,80.191765
move,-229.43675,80.35761
move,-228.2106,80.49787
move,-226.81543,80.651436
move,-225.58844,80.7841
move,-224.363,80.9308
move,-223.127,81.09092
move,-221.72482,81.28603
move,-220.49417,81.482704
move,-219.3059,81.76488
move,-218.13586,82.224915
move,-216.94942,82.99145
move,-216.05606,83.82448
move,-215.22838,84.72323
move,-214.46416,85.7073
move,-213.7905,86.74109
move,-213.21034,87.829735
move,-212.74646,88.98594
move,-212.32845,90.33824
move,-212.03238,91.536224
move,-211.79529,92.73508
move,-211.56866,93.94828
move,-211.34572,95.14988
move,-211.12149,96.37583
move,-210.90103,97.60248
move,-210.68517,98.82994
move,-210.47105,100.057724
move,-210.23863,101.39285
move,-210.01562,102.6559
move,-209.77432,103.90315
move,-209.44025,105.10308
move,-208.96625,106.28133
move,-208.41776,107.4004
move,-207.84346,108.520096
move,-207.25107,109.67136
move,-206.59288,110.92474
move,-205.99007,112.04311
move,-205.37044,113.138374
move,-204.72955,114.207184
move,-204.0197,115.21604
move,-203.16385,116.103004
move,-202.13304,116.843216
move,-200.83827,117.47154
move,-199.69583,117.93817
move,-198.53741,118.363815
move,-197.35367,118.7533
move,-196.14008,119.0341
move,-194.9166,119.19582
move,-193.68811,119.31462
move,-192.47101,119.42553
move,-191.2539,119.53643
move,-190.0127,119.649574
move,-188.69853,119.761024
move,-187.4435,119.8533
move,-186.18852,119.94617
move,-184.80255,120.06978
move,-183.54105,120.22025
move,-182.31044,120.41737
move,-181.07367,120.64926
move,-179.83818,120.98925
move,-178.68512,121.52031
move,-177.5887,122.183754
move,-176.58653,122.98316
move,-175.6778,123.92078
move,-174.88113,124.98649
move,-174.14433,126.00649
move,-173.29051,126.94573
move,-172.2927,127.76832
move,-171.1884,128.41826
move,-170.0168,128.90659
move,-168.7858,129.26492
move,-167.44395,129.52658
move,-165.99825,129.75793
move,-164.78983,129.9403
move,-163.54552,130.12811
move,-162.19319,130.32977
move,-160.96846,130.48132
move,-159.65338,130.5804
move,-158.35974,130.63257
move,-157.02881,130.63603
move,-155.78317,130.59515
move,-154.44115,130.54222
move,-153.17174,130.49162
move,-151.85396,130.43913
move,-150.54828,130.3871
move,-149.2547,130.33556
move,-147.94911,130.28075
move,-146.64915,130.15193
move,-145.37485,129.92467
move,-144.05522,129.61649
move,-142.80281,129.28874
move,-141.57014,128.93436
move,-140.39172,128.56757
move,-139.16869,128.14354
move,-138.0829,127.5141
move,-137.07767,126.69898
move,-136.16516,125.83279
move,-135.28386,124.91764
move,-134.38942,123.9985
move,-133.38869,123.15977
move,-132.30977,122.467766
move,-131.19823,121.90477
move,-130.02393,121.42073
move,-128.75061,120.993576
move,-127.56064,120.66688
move,-126.35171,120.41943
move,-125.13549,120.20977
move,-123.89076,120.02485
move,-122.64513,119.846146
move,-121.432045,119.69879
move,-120.21386,119.60202
move,-118.94437,119.55287
move,-117.72239,119.53568
move,-116.29472,119.51725
move,-115.03644,119.501015
move,-113.71765,119.484
move,-112.471466,119.46791
move,-111.21318,119.45166
move,-109.882225,119.440765
move,-108.62385,119.431564
move,-107.35337,119.42231
move,-105.99829,119.40568
move,-104.70438,119.36064
move,-103.43599,119.28851
move,-102.16171,119.14431
move,-100.88463,118.932594
move,-99.64812,118.59514
move,-98.46006,118.054344
move,-97.392845,117.366356
move,-96.40276,116.590164
move,-95.42278,115.725784
move,-94.456154,114.81103
move,-93.5972,113.85931
move,-92.84096,112.82384
move,-92.18379,111.765114
move,-91.57569,110.64983
move,-91.041664,109.48404
move,-90.60264,108.26647
move,-90.28214,107.02504
move,-90.02427,105.756294
move,-89.77479,104.48585
move,-89.53352,103.22616
move,-89.2797,101.981316
move,-88.95689,100.75282
move,-88.53609,99.51589
move,-88.01785,98.303566
move,-87.42158,97.223656
move,-86.70952,96.17179
move,-85.891174,95.10703
move,-85.040306,94.14788
move,-84.1132,93.29805
move,-83.09846,92.57637
move,-81.981544,91.97219
move,-80.86213,91.48247
move,-79.68009,91.05113
move,-78.40867,90.65789
move,-77.13045,90.33304
move,-75.85095,90.06809
move,-74.38819,89.87146
move,-73.158066,89.77232
move,-71.852585,89.716866
move,-70.63054,89.70731
move,-69.38428,89.71437
move,-68.15053,89.74779
move,-66.9171,89.792336
move,-65.67158,89.83732
move,-64.42605,89.88229
move,-63.18047,89.92487
move,-61.93428,89.92884
move,-60.70062,89.89298
move,-59.44288,89.85249
move,-58.18457,89.84501
move,-56.842407,89.89064
move,-55.423916,90.047935
move,-54.238678,90.41622
move,-53.234604,91.12859
move,-52.3806,92.050446
move,-51.706955,93.111626
move,-51.202778,94.28933
move,-50.904186,95.68299
move,-50.83089,96.951004
move,-50.78256,98.390045
move,-50.709457,99.622055
move,-50.626442,100.853455
move,-50.539547,102.12097
move,-50.457706,103.37672
move,-50.387165,104.70586
move,-50.329224,105.96294
move,-50.27268,107.30484
move,-50.221718,108.562195
move,-50.168938,109.855804
move,-50.11289,111.185616
move,-50.054268,112.44264
move,-49.98006,113.698845
move,-49.886192,115.02652
move,-49.791325,116.32987
move,-49.70232,117.57299
move,-49.6114,118.87661
move,-49.514687,120.240456
move,-49.425457,121.471436
move,-49.323017,122.82276
move,-49.22663,124.04107
move,-49.12555,125.307556
move,-49.01756,126.658424
move,-48.90334,127.99665
move,-48.744312,129.2325
move,-48.47961,130.43727
move,-47.9273,131.64241
move,-47.099575,132.6036
move,-46.10013,133.48204
move,-45.13802,134.23547
move,-44.078724,135.0608
move,-43.195824,135.9885
move,-42.469543,137.05946
move,-41.991932,138.18355
move,-41.591724,139.37654
move,-41.2249,140.5802
move,-40.904144,141.8843
move,-40.668457,143.14476
move,-40.492306,144.41518
move,-40.292336,145.7065
move,-40.09274,146.94893
move,-39.896576,148.17967
move,-39.779575,149.44417
move,-39.766182,150.69032
move,-39.79226,151.93631
move,-39.86726,153.19244
move,-39.96144,154.42307
move,-40.104362,155.75847
move,-40.2988,157.00148
move,-40.578243,158.21582
move,-40.932407,159.39792
move,-41.368584,160.56508
move,-41.912117,161.68596
move,-42.600178,162.72363
move,-43.438602,163.62712
move,-44.507793,164.3959
move,-45.558292,165.02043
move,-46.62575,165.68628
move,-47.54735,166.50258
move,-48.237137,167.52267
move,-48.74605,168.64622
move,-49.130527,169.84355
move,-49.388565,171.05
move,-49.54256,172.28664
move,-49.628307,173.51752
move,-49.68977,174.77444
move,-49.750633,176.01929
move,-49.803635,177.36124
move,-49.825195,178.692
move,-49.821556,179.9263
move,-49.815952,181.26944
move,-49.804073,182.50354
move,-49.786243,183.72556
move,-49.75006,184.9592
move,-49.681892,186.3611
move,-49.55576,187.5764
move,-49.328724,188.78923
move,-49.01905,189.99606
move,-48.478737,191.26266
move,-47.81085,192.28488
move,-46.903717,193.32297
move,-46.00736,194.18872
move,-44.948162,195.10957
move,-43.98334,195.8595
move,-42.86961,196.71327
move,-42.016724,197.60226
move,-41.229233,198.76315
move,-40.56188,200.02472
move,-40.08315,201.34273
move,-39.801037,202.64296
move,-39.646435,203.97665
move,-39.58879,205.33058
move,-39.56286,206.6855
move,-39.553078,208.02855
move,-39.545547,209.37164
move,-39.533558,210.69043
move,-39.509308,212.02121
move,-39.475754,213.37604
move,-39.436394,214.70645
move,-39.37098,215.96309
move,-39.208782,217.24678
move,-38.874523,218.6091
move,-38.423306,219.86053
move,-37.840458,221.00156
move,-37.072445,222.0728
move,-36.25091,222.9935
move,-35.23052,223.97467
move,-34.33008,224.80089
move,-33.413677,225.66312
move,-32.607365,226.58047
move,-31.878618,227.57625
move,-31.233086,228.6835
move,-30.784426,229.88312
move,-30.51442,231.12413
move,-30.330715,232.41779
move,-30.23997,233.66054
move,-30.196533,234.94241
move,-30.158386,236.27287
move,-30.123512,237.54286
move,-30.085707,238.83702
move,-30.048933,240.14331
move,-30.026283,241.38937
move,-30.001204,242.68378
move,-29.91686,243.97557
move,-29.739418,245.24551
move,-29.44413,246.50539
move,-28.952675,247.71277
move,-28.024372,248.53484
move,-26.791805,248.9104
move,-25.529703,249.05377
move,-24.247303,249.2251
move,-23.021059,249.66682
move,-21.987274,250.37872
move,-21.096182,251.29869
move,-20.433468,252.37912
move,-20.113749,253.61586
move,-20.066122,254.9694
move,-20.096043,256.2759
move,-20.12673,257.5703
move,-20.091356,258.87607
move,-19.904428,260.11908
move,-19.431515,261.30692
move,-18.686024,262.37708
move,-17.761576,263.31656
move,-16.755573,264.11075
move,-15.693262,264.85086
move,-14.632527,265.59314
move,-13.667065,266.46924
move,-12.869235,267.53314
move,-12.219799,268.66626
move,-11.668385,269.8507
move,-11.226578,271.09296
move,-10.888519,272.42993
move,-10.642813,273.6764
move,-10.454056,274.99384
move,-10.302665,276.32834
move,-10.183104,277.77524
move,-10.107051,279.0677
move,-10.044783,280.37305
move,-9.997289,281.7153
move,-9.961174,283.0459
move,-9.931482,284.30396
move,-9.898638,285.6225
move,-9.831316,286.93948
move,-9.663633,288.25937
move,-9.3579235,289.5538
move,-8.863898,290.78665
move,-8.103271,291.84616
move,-7.1740894,292.78052
move,-6.110931,293.58032
move,-5.0150857,294.35678
move,-3.9092534,295.1607
move,-2.9017024,296.06357
move,-2.1062331,297.17303
move,-1.4641734,298.3661
move,-0.9237929,299.6085
move,-0.43510127,300.92404
move,-0.059028544,302.23807
move,0.17813128,303.5597
move,0.34185946,304.89282
move,0.48036152,306.2287
move,0.5261094,307.55814
move,0.47703296,308.88815
move,0.3928459,310.21658
move,0.30758747,311.58118
move,0.23086962,312.8979
move,0.19126855,314.2526
move,0.15987405,315.58328
move,0.105564035,316.93726
move,-0.00045370916,318.31247
move,-0.10442543,319.68796
move,-0.18544148,321.01642
move,-0.24533361,322.3702
move,-0.27740422,323.73706
move,-0.29534248,325.10428
move,-0.31156465,326.4716
move,-0.3185414,327.86313
move,-0.31694788,329.2304
move,-0.3072964,330.63416
move,-0.29006323,332.01358
move,-0.26367816,333.38055
move,-0.23242544,334.6386
move,-0.19618934,336.0056
move,-0.16321352,337.25162
move,-0.12670867,338.59433
move,-0.083886944,339.91248
move,-0.030230317,341.2424
move,0.041705847,342.58353
move,0.13210312,343.92365
move,0.2215049,345.2638
move,0.31095368,346.5918
move,0.39188647,347.93237
move,0.41993025,349.2751
move,0.4584808,350.65393
move,0.5120298,351.99597
move,0.5733535,353.28925
move,0.63639677,354.61877
move,0.70115924,355.98456
move,0.7624831,357.27783
move,0.8272459,358.64362
move,0.8874237,359.91272
move,0.95161325,361.26642
move,0.9945976,362.1729
cluster,1203
move,-10,-352.5
move,-9.569726,-351.6482
move,-9.151362,-350.56854
move,-8.734754,-349.41907
move,-8.247816,-348.43143
move,-7.4413204,-347.48663
move,-6.498505,-346.7102
move,-5.4845605,-346.04724
move,-4.431276,-345.4263
move,-3.410031,-344.75595
move,-2.5508676,-343.8907
move,-1.8825028,-342.84317
move,-1.3609774,-341.72595
move,-0.9024199,-340.558
move,-0.49479195,-339.39407
move,-0.1516001,-338.1319
move,-0.02448626,-336.8853
move,-0.0619423,-335.6313
move,-0.16625015,-334.38083
move,-0.28635383,-333.30316
move,-0.39901718,-332.06427
move,-0.47912377,-330.96243
move,-0.5365885,-329.87006
move,-0.56604993,-328.6156
move,-0.5634588,-327.51093
move,-0.54266125,-326.24548
move,-0.493385,-325.1528
move,-0.4152718,-323.90045
move,-0.38485247,-322.7748
move,-0.40457946,-321.50967
move,-0.46468344,-320.42816
move,-0.5110709,-319.31378
move,-0.5021853,-318.02686
move,-0.46625218,-316.89056
move,-0.38600066,-315.8104
move,-0.25071278,-314.56302
move,-0.13209395,-313.47565
move,-0.02209583,-312.398
move,0.05764929,-311.26398
move,0.11616283,-309.96768
move,0.14583384,-308.8311
move,0.14328475,-307.53348
move,0.08828202,-306.4087
move,0.009826282,-305.28546
move,-0.104478404,-304.12207
move,-0.24380569,-303.01553
move,-0.49868917,-301.83136
move,-0.8369215,-300.79126
move,-1.2743368,-299.67282
move,-1.7567613,-298.70343
move,-2.3433075,-297.79318
move,-3.1885273,-296.74615
move,-4.1330023,-295.80606
move,-5.1283164,-294.89938
move,-6.152202,-293.9652
move,-7.1148877,-293.0058
move,-7.965856,-291.84827
move,-8.571671,-290.6318
move,-9.056836,-289.32043
move,-9.3856,-287.9476
move,-9.570925,-286.54785
move,-9.657395,-285.1648
move,-9.671253,-283.7527
move,-9.548407,-282.32004
move,-9.261099,-280.92426
move,-8.779349,-279.56982
move,-8.095668,-278.3505
move,-7.2111006,-277.20108
move,-6.1881576,-276.17117
move,-5.1525292,-275.2501
move,-4.0922112,-274.31705
move,-3.032866,-273.32434
move,-2.1423643,-272.31522
move,-1.3180363,-271.0277
move,-0.8000404,-269.75787
move,-0.43475103,-268.367
move,-0.22114752,-267.02463
move,-0.09436477,-265.60486
move,-0.00915017,-264.1819
move,0.06380074,-262.63925
move,0.11195587,-261.13528
move,0.15882516,-259.61816
move,0.20689894,-258.12738
move,0.25458685,-256.62338
move,0.29271463,-255.15868
move,0.30420634,-253.786
move,0.31287584,-252.43968
move,0.32140413,-250.90857
move,0.32880557,-249.57542
move,0.33810085,-248.0311
move,0.34783703,-246.68481
move,0.35914907,-245.18015
move,0.37053528,-243.67548
move,0.37407807,-242.18385
move,0.3744233,-240.78458
move,0.3714215,-239.2665
move,0.37531227,-237.78806
move,0.4537749,-236.27248
move,0.6459059,-234.76688
move,1.0177925,-233.22948
move,1.6058983,-231.96443
move,2.6677084,-230.91371
move,3.8705328,-230.43579
move,5.2097683,-230.23676
move,6.5516677,-230.1878
move,7.8701057,-230.2182
move,9.272961,-230.26335
move,10.567636,-230.26663
move,11.910623,-230.25146
move,13.264542,-230.19275
move,14.557934,-230.13449
move,15.911901,-230.07707
move,17.266466,-230.03574
move,18.621035,-229.99442
move,19.975567,-229.95198
move,21.32999,-229.90622
move,22.696356,-229.85553
move,24.098995,-229.80339
move,25.489542,-229.75172
move,26.904554,-229.70963
move,28.245958,-229.7642
move,29.645903,-229.8654
move,31.046955,-229.94913
move,32.401325,-229.99522
move,33.756275,-229.98184
move,35.144684,-229.8914
move,36.52786,-229.73982
move,37.871017,-229.5596
move,39.218918,-229.42192
move,40.609844,-229.39221
move,42.011547,-229.46169
move,43.406563,-229.61636
move,44.82518,-229.77686
move,46.27507,-229.85419
move,47.699463,-229.95143
move,49.120625,-230.08876
move,50.563194,-230.2534
move,51.966866,-230.43729
move,53.339947,-230.66267
move,54.53811,-230.9028
move,55.89935,-231.28839
move,57.010185,-231.79254
move,58.137867,-232.6815
move,58.883,-233.64594
move,59.44285,-234.95477
move,59.64803,-236.21942
move,59.74101,-237.632
move,59.77156,-238.91415
move,59.761524,-240.30554
move,59.745224,-241.76956
move,59.73947,-243.0764
move,59.72794,-244.29845
move,59.654747,-245.67583
move,59.566525,-247.0888
move,59.475677,-248.538
move,59.388145,-249.96312
move,59.313454,-251.41316
move,59.253456,-252.876
move,59.198902,-254.32701
move,59.157223,-255.77843
move,59.153355,-257.1941
move,59.154297,-258.64612
move,59.19828,-259.855
move,59.317814,-261.27786
move,59.422737,-262.51978
move,59.53217,-263.74908
move,59.67135,-265.1943
move,59.821465,-266.45575
move,60.01467,-267.6869
move,60.27867,-269.1021
move,60.62079,-270.27448
move,61.06726,-271.48975
move,61.590725,-272.63336
move,62.372383,-273.9135
move,63.12015,-274.9251
move,63.98956,-275.85007
move,65.15399,-276.81375
move,66.1973,-277.4719
move,67.34047,-278.02435
move,68.55129,-278.44675
move,69.80925,-278.7996
move,71.04301,-279.04654
move,72.250534,-279.23453
move,73.496925,-279.40762
move,74.78602,-279.5241
move,76.02001,-279.53986
move,77.3026,-279.53616
move,78.54888,-279.53238
move,79.80727,-279.52716
move,81.101944,-279.51675
move,82.34797,-279.49142
move,83.581566,-279.4532
move,85.057274,-279.41534
move,86.460655,-279.3917
move,87.682655,-279.3772
move,89.00152,-279.37497
move,90.2357,-279.37646
move,91.56667,-279.3862
move,92.994446,-279.39688
move,94.228615,-279.4061
move,95.63218,-279.41574
move,96.89038,-279.3961
move,98.327576,-279.31146
move,99.59873,-279.1438
move,101.01148,-278.81265
move,102.21881,-278.38116
move,103.30452,-277.82376
move,104.30946,-277.02957
move,105.170135,-276.11243
move,106.09116,-274.95877
move,106.88573,-273.9518
move,107.821686,-272.9894
move,108.78432,-272.142
move,109.81006,-271.37476
move,110.911316,-270.85007
move,112.11128,-270.51538
move,113.437904,-270.2393
move,114.8014,-270.03064
move,116.06172,-269.87064
move,117.30289,-269.75827
move,118.714676,-269.6532
move,120.176125,-269.56604
move,121.396835,-269.50812
move,122.63083,-269.4994
move,124.02041,-269.56915
move,125.23871,-269.66544
move,126.637695,-269.77924
move,128.07613,-269.8368
move,129.51587,-269.85007
move,130.9436,-269.8587
move,132.3713,-269.8686
move,133.60533,-269.84973
move,135.04327,-269.77655
move,136.27438,-269.6894
move,137.59718,-269.54373
move,138.92845,-269.29236
move,140.15013,-268.94516
move,141.4956,-268.4335
move,142.61414,-267.85907
move,143.65031,-267.1462
move,144.65656,-266.33182
move,145.56966,-265.5198
move,146.4681,-264.58847
move,147.21,-263.603
move,147.87096,-262.47623
move,148.41664,-261.32922
move,148.91666,-260.0054
move,149.26523,-258.69638
move,149.49205,-257.3852
move,149.63889,-256.01392
move,149.71298,-254.72137
move,149.73962,-253.42702
move,149.73593,-252.13226
move,149.72035,-250.81346
move,149.70102,-249.53099
move,149.68114,-248.21222
move,149.64226,-246.93024
move,149.59082,-245.6244
move,149.54591,-244.3184
move,149.50945,-242.98793
move,149.48788,-241.66924
move,149.48125,-240.31404
move,149.48514,-239.01929
move,149.50371,-237.70052
move,149.53912,-236.46683
move,149.60172,-235.14949
move,149.71892,-233.90889
move,149.89987,-232.63919
move,150.13675,-231.40356
move,150.48402,-230.15686
move,150.99498,-229.03574
move,151.7228,-228.02654
move,152.6166,-227.15973
move,153.61581,-226.39531
move,154.6824,-225.66135
move,155.89705,-224.82242
move,156.91777,-224.02722
move,157.70714,-223.0965
move,158.34773,-222.01468
move,158.85292,-220.84933
move,159.28973,-219.59244
move,159.60219,-218.36143
move,159.7838,-217.09227
move,159.86609,-215.87302
move,159.92433,-214.61592
move,159.98503,-213.29834
move,160.04288,-212.0412
move,160.10239,-210.75992
move,160.16756,-209.47896
move,160.2495,-208.22328
move,160.34247,-206.95618
move,160.45026,-205.70242
move,160.57782,-204.43834
move,160.71863,-203.20001
move,160.89899,-201.9546
move,161.14091,-200.64587
move,161.44402,-199.45
move,161.92944,-198.22505
move,162.68306,-196.97157
move,163.47382,-195.93176
move,164.37366,-194.96878
move,165.3666,-194.12051
move,166.52983,-193.40463
move,167.65218,-192.92252
move,168.8238,-192.53525
move,170.23473,-192.19534
move,171.44241,-192.00865
move,172.65112,-191.82837
move,173.87183,-191.6463
move,175.16481,-191.45682
move,176.45035,-191.3036
move,177.72733,-191.18391
move,179.03114,-191.0949
move,180.32272,-191.00465
move,181.60156,-190.90681
move,182.89241,-190.80707
move,184.231,-190.69724
move,185.45255,-190.52202
move,186.72514,-190.28447
move,187.93484,-189.98564
move,189.15962,-189.60555
move,190.29108,-189.14462
move,191.59108,-188.47227
move,192.6723,-187.82843
move,193.7191,-187.17484
move,194.86722,-186.34785
move,195.81778,-185.48772
move,196.76292,-184.43436
move,197.50526,-183.4486
move,198.17262,-182.41089
move,198.82706,-181.11574
move,199.29858,-179.75603
move,199.66354,-178.36325
move,199.9159,-177.14294
move,200.1275,-175.69446
move,200.2662,-174.46808
move,200.3956,-173.25285
move,200.53043,-171.9652
move,200.71149,-170.50024
move,200.99147,-169.11357
move,201.41238,-167.90332
move,202.09642,-166.58311
move,202.79474,-165.55154
move,203.627,-164.6251
move,204.63649,-163.77786
move,205.68968,-163.0901
move,206.8802,-162.46954
move,208.0761,-161.97424
move,209.31766,-161.5683
move,210.5771,-161.26886
move,211.88683,-161.03336
move,213.18433,-160.87802
move,214.64243,-160.7456
move,215.96916,-160.63896
move,217.34499,-160.54007
move,218.64859,-160.44861
move,219.90463,-160.37103
move,221.34262,-160.29521
move,222.62354,-160.22795
move,224.07362,-160.15181
move,225.3183,-160.0865
move,226.55089,-160.0232
move,227.7712,-159.9568
move,229.01218,-159.84526
move,230.28868,-159.56895
move,231.68365,-159.08829
move,232.78227,-158.52925
move,233.7885,-157.7368
move,234.75793,-156.65732
move,235.5492,-155.57242
move,236.30983,-154.46545
move,237.09076,-153.38803
move,237.99078,-152.46188
move,239.1131,-151.77563
move,240.29921,-151.32259
move,241.5956,-150.97255
move,242.87097,-150.68785
move,244.13649,-150.48114
move,245.34741,-150.31618
move,246.58218,-150.14653
move,247.78084,-149.98114
move,249.05127,-149.80484
move,250.29865,-149.63846
move,251.5102,-149.47876
move,252.76976,-149.31287
move,254.20924,-149.12315
move,255.42159,-148.96884
move,256.68246,-148.81256
move,258.12167,-148.6201
move,259.53818,-148.36229
move,260.72357,-148.06595
move,261.94318,-147.71008
move,263.13544,-147.308
move,264.25772,-146.79686
move,265.4434,-145.98347
move,266.3493,-145.14575
move,267.20245,-144.20508
move,267.94144,-143.20209
move,268.57928,-142.16
move,269.12686,-141.04118
move,269.55096,-139.89543
move,269.8727,-138.69194
move,270.0788,-137.47539
move,270.21014,-136.01747
move,270.27026,-134.73633
move,270.32727,-133.43083
move,270.3817,-132.18579
move,270.44006,-130.79552
move,270.48688,-129.33217
move,270.52042,-128.09846
move,270.54742,-126.646736
move,270.56686,-125.17066
move,270.58328,-123.93657
move,270.59537,-122.52089
move,270.6059,-121.286705
move,270.60303,-119.87105
move,270.55243,-118.468414
move,270.49173,-117.05403
move,270.43643,-115.61522
move,270.3874,-114.188255
move,270.3453,-112.8216
move,270.30936,-111.43057
move,270.27536,-110.01531
move,270.2464,-108.58782
move,270.22253,-107.17232
move,270.21805,-105.7325
move,270.28873,-104.30671
move,270.4122,-103.05444
move,270.61096,-101.68959
move,270.95245,-100.279045
move,271.3995,-99.0909
move,272.12036,-97.90261
move,272.9881,-96.89451
move,273.8962,-96.02352
move,274.84668,-95.18052
move,275.81946,-94.326096
move,276.78668,-93.44756
move,277.6188,-92.52105
move,278.46066,-91.181625
move,278.986,-90.03842
move,279.4534,-88.80543
move,279.82062,-87.5893
move,280.12967,-86.15892
move,280.2728,-84.690605
move,280.25644,-83.26326
move,280.19952,-81.84873
move,280.136,-80.42238
move,280.08786,-79.189125
move,280.05603,-77.83429
move,280.0274,-76.45519
move,280.00797,-75.07592
move,279.95093,-73.73412
move,279.79135,-72.36473
move,279.50406,-70.97863
move,279.13687,-69.58677
move,278.665,-68.27816
move,278.1418,-67.094154
move,277.49066,-65.892334
move,276.71512,-64.79696
move,275.78598,-63.745712
move,274.77246,-62.829136
move,273.62735,-62.040733
move,272.37003,-61.391575
move,271.0307,-60.86422
move,269.73315,-60.473755
move,268.2973,-60.13114
move,266.96838,-59.865437
move,265.59897,-59.61884
move,264.21915,-59.439316
move,262.88165,-59.31832
move,261.50293,-59.28843
move,260.13562,-59.283424
move,258.73206,-59.278282
move,257.38898,-59.27383
move,256.11844,-59.264977
move,254.65443,-59.25976
move,253.40834,-59.283775
move,251.95668,-59.316048
move,250.7228,-59.342155
move,249.42822,-59.362602
move,248.2064,-59.389168
move,246.80373,-59.44092
move,245.40189,-59.510372
move,243.96387,-59.582317
move,242.55002,-59.653057
move,241.1845,-59.721363
move,239.77065,-59.792084
move,238.3447,-59.863403
move,236.9183,-59.92587
move,235.52702,-59.928062
move,234.11717,-59.806847
move,232.75208,-59.445377
move,231.52971,-58.696255
move,230.69539,-57.5357
move,230.26288,-56.115917
move,230.13112,-54.756096
move,230.16656,-53.281128
move,230.25781,-52.038204
move,230.35538,-50.650143
move,230.45352,-49.322865
move,230.52531,-48.066525
move,230.63248,-46.764145
move,230.74216,-45.3163
move,230.79715,-43.901917
move,230.75755,-42.450745
move,230.64615,-41.100227
move,230.47244,-39.658745
move,230.28276,-38.31689
move,230.09438,-36.889496
move,229.9883,-35.51441
move,229.94218,-34.159996
move,229.93542,-32.780712
move,229.93396,-31.377121
move,229.93256,-30.02192
move,229.94537,-28.58211
move,229.97054,-27.215038
move,229.99643,-25.884289
move,230.02403,-24.456757
move,230.05226,-23.07765
move,230.07822,-21.734804
move,230.10175,-20.379808
move,230.14775,-19.01337
move,230.2309,-17.648603
move,230.32973,-16.260637
move,230.43823,-14.946215
move,230.57242,-13.573385
move,230.75284,-12.267036
move,231.02899,-10.91581
move,231.41713,-9.643291
move,232.00713,-8.343996
move,232.68507,-7.1428633
move,233.44197,-6.004799
move,234.27126,-4.995566
move,235.2779,-4.036676
move,236.35275,-3.2119546
move,237.56793,-2.4637039
move,238.80006,-1.8720955
move,240.11652,-1.4247755
move,241.49158,-1.1456479
move,242.8581,-0.95823115
move,244.22835,-0.8002364
move,245.61147,-0.6468983
move,246.85033,-0.5103796
move,248.27182,-0.37618104
move,249.67134,-0.26954243
move,250.93843,-0.17658013
move,252.19345,-0.0845067
move,253.52095,0.012142756
move,254.75256,0.09172018
move,256.15347,0.17780778
move,257.39758,0.253655
move,258.82285,0.34054545
move,260.05493,0.412289
move,261.28757,0.4758959
move,262.55658,0.5371155
move,263.78958,0.5925832
move,265.05896,0.6490318
move,266.32828,0.705797
move,267.57263,0.77392846
move,268.82788,0.8627434
move,270.08658,1.0295753
move,271.2888,1.3951638
move,272.4127,1.930711
move,273.40924,2.6956873
move,274.28488,3.5989153
move,275.08716,4.567931
move,275.86105,5.605843
move,276.5968,6.6118035
move,277.40152,7.5288033
move,278.43668,8.192439
move,279.83636,8.5693865
move,281.10077,8.785074
move,282.32126,8.968698
move,283.51944,9.137596
move,284.7833,9.266167
move,286.19714,9.33465
move,287.41925,9.340025
move,288.665,9.306547
move,290.0636,9.102581
move,291.24545,8.674944
move,292.46036,7.9747415
move,293.58585,7.078227
move,294.5746,6.0325804
move,295.5287,4.938053
move,296.33984,4.0240703
move,297.29398,3.028057
move,298.3924,2.0616138
move,299.64502,1.3075862
move,300.9164,0.8073505
move,302.24173,0.4747864
move,303.62473,0.23548393
move,305.01505,0.04397034
move,306.40216,-0.057747643
move,307.79285,-0.04331221
move,309.16724,0.07352792
move,310.4203,0.1882015
move,311.77258,0.2756367
move,313.04245,0.31314757
move,314.39755,0.3021859
move,315.75153,0.24579719
move,317.115,0.14250238
move,318.44098,0.027087128
move,319.78943,-0.10856783
move,321.0999,-0.25818932
move,322.5071,-0.4133422
move,323.90265,-0.5632538
move,325.32645,-0.66841114
move,326.76547,-0.7158899
move,328.19296,-0.6930059
move,329.5712,-0.64338374
move,330.9488,-0.71426105
move,332.31543,-0.75095314
move,333.6101,-0.7546545
move,334.8684,-0.7690626
move,336.21094,-0.808224
move,337.52332,-0.9293772
move,338.7907,-1.1929405
move,340.05396,-1.5272367
move,341.3179,-1.9432482
move,342.50342,-2.4616194
move,343.6253,-3.1527076
move,344.61084,-4.0086584
move,345.46884,-4.9935718
move,346.30347,-6.030331
move,347.18542,-7.0264745
move,348.174,-7.8978186
move,349.28525,-8.582443
move,350.52496,-9.127995
move,351.7734,-9.511551
move,353.07715,-9.777829
move,354.43124,-9.966929
move,355.81543,-10.107114
move,357.20364,-10.200606
move,358.4249,-10.244917
move,359.85013,-10.328612
move,361.09326,-10.41731
move,362.46835,-10.524943
move,363.89322,-10.616535
move,365.3195,-10.679337
move,366.7109,-10.67876
move,368.13513,-10.583778
move,369.39575,-10.426332
move,370.12344,-10.302889
cluster,4388
move,-365.5,-250
move,-364.97488,-249.98755
move,-363.7327,-250.05457
move,-362.65057,-250.0815
move,-361.45044,-249.86139
move,-360.2782,-249.44551
move,-359.12744,-248.97289
move,-357.99274,-248.48955
move,-356.99133,-248.04933
move,-355.90442,-247.4673
move,-354.84186,-246.84103
move,-353.79086,-246.17558
move,-352.89288,-245.53246
move,-352.01532,-244.84409
move,-351.2017,-244.06702
move,-350.50623,-243.18207
move,-349.89343,-242.16217
move,-349.5045,-241.07516
move,-349.39136,-239.9564
move,-349.42862,-238.80977
move,-349.5124,-237.6545
move,-349.5492,-236.52911
move,-349.58237,-235.34987
move,-349.61984,-234.18144
move,-349.64536,-233.01277
move,-349.6482,-231.86522
move,-349.63705,-230.6534
move,-349.6055,-229.45268
move,-349.53217,-228.27522
move,-349.42535,-227.02498
move,-349.3022,-225.86246
move,-349.1561,-224.65941
move,-348.98926,-223.44818
move,-348.83328,-222.34372
move,-348.65005,-221.1566
move,-348.43362,-219.97511
move,-348.14822,-218.8421
move,-347.74863,-217.74428
move,-347.2338,-216.65932
move,-346.64728,-215.62375
move,-345.94205,-214.67947
move,-345.11212,-213.78198
move,-344.1857,-212.93646
move,-343.09778,-212.21213
move,-342.01974,-211.7094
move,-340.8649,-211.3446
move,-339.69,-211.09563
move,-338.5123,-210.92172
move,-337.2754,-210.78954
move,-336.09818,-210.71461
move,-334.70096,-210.68272
move,-333.20978,-210.70772
move,-331.71902,-210.75604
move,-330.16245,-210.81192
move,-328.6872,-210.90804
move,-327.21277,-211.01636
move,-325.69843,-211.11949
move,-324.23392,-211.16193
move,-322.75626,-211.12527
move,-321.21667,-211.00377
move,-319.81076,-210.91371
move,-318.4314,-210.89937
move,-317.0277,-210.91017
move,-315.63657,-210.945
move,-314.1969,-210.96414
move,-312.81876,-210.9123
move,-311.49615,-210.76706
move,-310.15125,-210.4187
move,-308.89978,-209.84169
move,-307.7339,-209.08453
move,-306.70685,-208.1831
move,-305.75272,-207.15419
move,-304.90402,-206.06738
move,-304.0813,-204.88574
move,-303.23703,-203.75035
move,-302.2477,-202.80939
move,-301.0657,-202.0565
move,-299.76465,-201.47081
move,-298.45004,-201.01514
move,-297.06525,-200.62225
move,-295.719,-200.32196
move,-294.3085,-200.03218
move,-292.93494,-199.7436
move,-291.55237,-199.43907
move,-290.1612,-199.1183
move,-288.74368,-198.75203
move,-287.55438,-198.3804
move,-286.36954,-197.83229
move,-285.34622,-197.1231
move,-284.31244,-196.21037
move,-283.3409,-195.16515
move,-282.6125,-194.16933
move,-281.89615,-192.977
move,-281.3034,-191.73193
move,-280.80142,-190.4216
move,-280.38986,-189.05473
move,-280.1155,-187.69131
move,-279.94888,-186.26115
move,-279.80756,-184.90118
move,-279.6372,-183.49596
move,-279.36835,-182.14348
move,-278.94583,-180.81902
move,-278.43283,-179.71016
move,-277.7681,-178.51558
move,-276.973,-177.34508
move,-276.01404,-176.3055
move,-274.92303,-175.38536
move,-273.79193,-174.55441
move,-272.67166,-173.69002
move,-271.73596,-172.61667
move,-271.14264,-171.52205
move,-270.62283,-170.25786
move,-270.1759,-168.86401
move,-269.8661,-167.49554
move,-269.6494,-166.0844
move,-269.45306,-164.70691
move,-269.239,-163.27078
move,-268.98163,-161.8912
move,-268.68164,-160.70674
move,-268.22565,-159.32861
move,-267.6925,-157.95224
move,-267.17807,-156.84396
move,-266.46613,-155.57922
move,-265.75388,-154.57184
move,-264.9256,-153.62517
move,-263.7968,-152.67644
move,-262.69394,-152.02394
move,-261.55087,-151.52867
move,-260.37292,-151.16185
move,-259.18262,-150.88503
move,-257.91107,-150.64188
move,-256.64447,-150.44014
move,-255.2361,-150.20634
move,-254.03435,-149.92683
move,-252.70633,-149.37671
move,-251.62607,-148.64497
move,-250.7226,-147.72108
move,-250.04185,-146.59448
move,-249.6278,-145.43353
move,-249.39882,-144.02611
move,-249.34044,-142.80562
move,-249.30946,-141.36606
move,-249.28343,-140.13214
move,-249.25337,-138.71677
move,-249.22691,-137.49495
move,-249.19247,-136.24913
move,-249.19171,-135.02707
move,-249.17975,-133.72032
move,-249.13536,-132.30537
move,-249.08798,-131.08423
move,-248.99846,-129.67139
move,-248.88132,-128.40636
move,-248.73393,-127.13247
move,-248.60179,-125.795906
move,-248.49069,-124.53034
move,-248.44301,-123.06721
move,-248.50441,-121.8229
move,-248.65178,-120.56114
move,-248.83952,-119.31682
move,-248.95337,-117.906456
move,-248.96764,-116.68458
move,-248.87518,-115.45478
move,-248.62224,-114.26169
move,-247.98695,-113.15457
move,-247.091,-112.32665
move,-245.80577,-111.69347
move,-244.57098,-111.458595
move,-243.10948,-111.25233
move,-241.95634,-110.858215
move,-240.8574,-109.91073
move,-240.27118,-108.57769
move,-240.08961,-107.358086
move,-240.0243,-105.84705
move,-239.87737,-104.42794
move,-239.5876,-103.22967
move,-238.99214,-102.11495
move,-238.11479,-101.21724
move,-237.03853,-100.593506
move,-235.82196,-100.23373
move,-234.5831,-100.11865
move,-233.31308,-100.15555
move,-232.0676,-100.20019
move,-230.78595,-100.24633
move,-229.49132,-100.23581
move,-228.2329,-100.22976
move,-226.79362,-100.196144
move,-225.47798,-100.1042
move,-224.13095,-99.95636
move,-222.91473,-99.83994
move,-221.64467,-99.809746
move,-220.33798,-99.80225
move,-219.00787,-99.84934
move,-217.71967,-99.97647
move,-216.46245,-100.159454
move,-215.15446,-100.32878
move,-213.78426,-100.48759
move,-212.55623,-100.61043
move,-211.27747,-100.70886
move,-209.96,-100.76967
move,-208.64128,-100.78836
move,-207.28616,-100.79379
move,-206.02892,-100.843544
move,-204.74008,-100.96447
move,-203.43024,-101.11883
move,-202.1217,-101.28385
move,-200.78764,-101.439224
move,-199.53154,-101.51223
move,-198.23705,-101.521065
move,-196.9329,-101.44428
move,-195.65671,-101.23021
move,-194.39653,-100.933784
move,-193.12933,-100.61457
move,-191.8418,-100.39365
move,-190.5509,-100.30083
move,-189.25633,-100.30928
move,-187.92711,-100.37654
move,-186.62442,-100.480194
move,-185.30818,-100.55984
move,-183.96516,-100.57226
move,-182.64616,-100.5714
move,-181.27876,-100.5702
move,-180.0085,-100.547195
move,-178.68994,-100.51827
move,-177.34726,-100.48516
move,-175.98036,-100.451904
move,-174.6988,-100.400566
move,-173.36992,-100.32708
move,-171.9974,-100.19121
move,-170.75134,-100.01552
move,-169.38565,-99.75127
move,-168.17818,-99.323555
move,-167.06035,-98.67331
move,-166.03868,-97.78632
move,-165.25839,-96.83104
move,-164.52254,-95.73673
move,-163.78656,-94.58441
move,-163.05927,-93.57351
move,-162.13928,-92.63048
move,-161.10286,-91.81641
move,-159.92087,-91.1565
move,-158.66896,-90.67301
move,-157.43497,-90.37465
move,-156.10028,-90.22967
move,-154.86772,-90.165565
move,-153.55031,-90.1009
move,-152.23341,-90.02891
move,-150.98251,-89.895905
move,-149.72514,-89.54807
move,-148.53383,-88.957756
move,-147.51518,-88.201324
move,-146.60413,-87.26575
move,-145.76514,-86.21719
move,-145.06152,-85.2036
move,-144.3887,-84.11164
move,-143.65485,-83.0614
move,-142.68092,-82.21315
move,-141.54019,-81.60424
move,-140.3037,-81.22369
move,-139.02257,-80.96653
move,-137.7288,-80.78374
move,-136.41315,-80.69783
move,-135.04736,-80.635155
move,-133.7057,-80.572655
move,-132.42493,-80.503975
move,-131.09573,-80.43487
move,-129.69379,-80.36597
move,-128.3879,-80.318665
move,-127.04509,-80.28999
move,-125.70217,-80.26603
move,-124.347084,-80.24572
move,-123.00412,-80.22493
move,-121.69747,-80.20659
move,-120.33019,-80.20465
move,-119.03551,-80.20415
move,-117.72872,-80.21139
move,-116.397736,-80.21518
move,-115.00646,-80.19689
move,-113.67743,-80.12562
move,-112.33893,-80.01496
move,-111.04152,-79.85894
move,-109.72377,-79.60439
move,-108.42646,-79.17532
move,-107.2529,-78.52828
move,-106.190445,-77.669075
move,-105.2433,-76.6679
move,-104.404785,-75.5728
move,-103.616196,-74.51563
move,-102.788124,-73.44299
move,-101.85433,-72.46288
move,-100.77134,-71.62999
move,-99.556725,-70.98007
move,-98.295456,-70.51934
move,-97.00398,-70.15109
move,-95.668274,-69.86019
move,-94.28545,-69.619545
move,-92.9742,-69.391136
move,-91.562,-69.11081
move,-90.29666,-68.836845
move,-89.00767,-68.55779
move,-87.7248,-68.2525
move,-86.49158,-67.82307
move,-85.306366,-67.24569
move,-84.198944,-66.531845
move,-83.23965,-65.66408
move,-82.3923,-64.65445
move,-81.68574,-63.556175
move,-81.10806,-62.37117
move,-80.660965,-61.118237
move,-80.34748,-59.86233
move,-80.08371,-58.582493
move,-79.8499,-57.296783
move,-79.62327,-56.022076
move,-79.35393,-54.731136
move,-79.00355,-53.54844
move,-78.44849,-52.38171
move,-77.57495,-51.419735
move,-76.46277,-50.788746
move,-75.21379,-50.4094
move,-73.98506,-50.204456
move,-72.69369,-50.1167
move,-71.41125,-50.09524
move,-70.12878,-50.075012
move,-68.8584,-50.055008
move,-67.53962,-50.034554
move,-66.281456,-50.010532
move,-64.97498,-49.98097
move,-63.69263,-49.95519
move,-62.434277,-49.95055
move,-61.16398,-49.971363
move,-59.906223,-50.011597
move,-58.624123,-50.04824
move,-57.35412,-50.08452
move,-56.0719,-50.11629
move,-54.81404,-50.153027
move,-53.568443,-50.19477
move,-52.2867,-50.241753
move,-51.005005,-50.290146
move,-49.783806,-50.33757
move,-48.52594,-50.374203
move,-47.26799,-50.40782
move,-46.022102,-50.439777
move,-44.764183,-50.474453
move,-43.494183,-50.510075
move,-42.006466,-50.55179
move,-40.72438,-50.587933
move,-39.478886,-50.632538
move,-38.161243,-50.690186
move,-36.916145,-50.74491
move,-35.562317,-50.805977
move,-34.281006,-50.863792
move,-32.902996,-50.925964
move,-31.621693,-50.98378
move,-30.376665,-51.03996
move,-29.10746,-51.09723
move,-27.838255,-51.15449
move,-27.376505,-51.17533
move,-27.380415,-50.963615
move,-27.437298,-49.94528
move,-27.622532,-48.91339
move,-27.87891,-47.88617
move,-28.134335,-46.87854
move,-28.365795,-45.83605
move,-28.498997,-44.795425
move,-28.635115,-43.735752
move,-28.771263,-42.676075
move,-28.907942,-41.606792
move,-29.036818,-40.565617
move,-29.166279,-39.52451
move,-29.293327,-38.5025
move,-29.41959,-37.47069
move,-29.519783,-36.426468
move,-29.534443,-35.348988
move,-29.42527,-34.364597
move,-29.135553,-33.34696
move,-28.74875,-32.361614
move,-28.236805,-31.458735
move,-27.48265,-30.70893
move,-26.57489,-30.250698
move,-25.546328,-30.007837
move,-24.50329,-29.897503
move,-23.475555,-29.831121
move,-22.419184,-29.760263
move,-21.345352,-29.665874
move,-20.297596,-29.517092
move,-19.298864,-29.232237
move,-18.326447,-28.839111
move,-17.330038,-28.379976
move,-16.364973,-27.858564
move,-15.509963,-27.268566
move,-14.708481,-26.562746
move,-13.942562,-25.72484
move,-13.341152,-24.948957
move,-12.712274,-24.085354
move,-12.119386,-23.151108
move,-11.65948,-22.251575
move,-11.277859,-21.274658
move,-10.970565,-20.271847
move,-10.721683,-19.223072
move,-10.503477,-18.167387
move,-10.297469,-17.158327
move,-10.097132,-16.118721
move,-9.903785,-15.077778
move,-9.705157,-14.008443
move,-9.509201,-12.958195
move,-9.299668,-11.969689
move,-9.008633,-10.931783
move,-8.642963,-9.677201
move,-8.187233,-8.427128
move,-7.6161513,-7.1985955
move,-6.9414454,-6.0097036
move,-6.209629,-4.9272823
move,-5.373845,-3.8610697
move,-4.3667626,-2.8685613
move,-3.3235948,-2.1240122
move,-2.1414037,-1.5146565
move,-0.8781462,-1.0611409
move,0.42513555,-0.7938538
move,1.7576884,-0.62700766
move,3.0695214,-0.49065912
move,4.4175415,-0.3513507
move,5.7173357,-0.21620427
move,7.089341,-0.07356429
move,8.35385,0.049494695
move,9.646581,0.11750882
move,10.953054,0.14553449
move,12.259837,0.14502995
move,13.614968,0.13103014
move,14.861198,0.11787526
move,16.216322,0.10356879
move,17.486752,0.09015369
move,18.878218,0.08175828
move,20.22132,0.084013395
move,21.552324,0.08751919
move,22.931728,0.09115389
move,24.262733,0.09465668
move,25.666338,0.09835426
move,27.033646,0.10111624
move,28.388695,0.08341044
move,29.815668,0.03503426
move,31.170074,-0.011112817
move,32.63332,-0.060969625
move,34.084644,-0.10466909
move,35.306496,-0.1291357
move,36.63722,-0.1554782
move,38.00435,-0.17697203
move,39.419876,-0.1992499
move,40.859592,-0.22118185
move,42.178013,-0.25610882
move,43.54486,-0.29078346
move,44.972214,-0.32583266
move,46.303116,-0.33540472
move,47.645924,-0.30760562
move,48.96453,-0.2803924
move,50.307404,-0.2558211
move,51.65032,-0.23402871
move,53.005394,-0.21550497
move,54.36047,-0.19856708
move,55.642952,-0.18252668
move,56.94963,-0.1661858
move,58.29265,-0.15772244
move,59.610485,-0.20763816
move,60.90219,-0.29543054
move,62.276398,-0.41477057
move,63.647526,-0.5647422
move,64.95534,-0.7354619
move,66.301476,-0.89179
move,67.65071,-1.0175502
move,69.005165,-1.0581092
move,70.32404,-1.0648766
move,71.75081,-1.1138214
move,73.101845,-1.2196449
move,74.39339,-1.3096066
move,75.636734,-1.3951626
move,76.97654,-1.4889073
move,78.26998,-1.5427909
move,79.55122,-1.4946351
move,80.790504,-1.3632691
move,82.0718,-1.1776849
move,83.329384,-0.9973651
move,84.65013,-0.83286226
move,85.902016,-0.70499504
move,87.25381,-0.60915226
move,88.521675,-0.52754647
move,89.826805,-0.46317112
move,91.18119,-0.41570517
move,92.535515,-0.36701208
move,93.84189,-0.33508188
move,95.20802,-0.380106
move,96.581276,-0.5095937
move,97.88959,-0.6759853
move,99.24961,-0.9054927
move,100.54901,-1.1929724
move,101.84048,-1.6704425
move,102.98265,-2.374189
move,103.99147,-3.2934647
move,104.80089,-4.379009
move,105.589264,-5.5106187
move,106.528656,-6.466002
move,107.68589,-7.235765
move,108.90378,-7.8293543
move,110.17401,-8.3974085
move,111.47256,-8.896561
move,112.799,-9.2733755
move,114.26161,-9.546225
move,115.642105,-9.719716
move,116.953026,-9.864518
move,118.2758,-10.012255
move,119.68264,-10.17046
move,121.02932,-10.322188
move,122.37321,-10.49674
move,123.7285,-10.677473
move,125.09579,-10.859804
move,126.39111,-11.03255
move,127.757,-11.225098
move,129.13089,-11.445553
move,130.41087,-11.707671
move,131.70238,-12.150485
move,132.89114,-12.79888
move,134.00523,-13.631034
move,134.97523,-14.488296
move,135.92474,-15.438158
move,136.87927,-16.400097
move,137.88217,-17.31127
move,138.98354,-18.119692
move,140.1825,-18.749357
move,141.47307,-19.196632
move,142.76512,-19.460161
move,144.10974,-19.7086
move,145.41481,-20.025078
move,146.72833,-20.358278
move,148.0184,-20.685526
move,149.31851,-21.022299
move,150.61676,-21.410715
move,151.83784,-21.840729
move,153.08037,-22.380169
move,154.17923,-23.039932
move,155.22578,-23.879961
move,156.09123,-24.84123
move,156.83305,-25.93066
move,157.44463,-27.071642
move,158.04163,-28.247643
move,158.53185,-29.458183
move,158.93117,-30.715126
move,159.26433,-32.003414
move,159.48679,-33.31536
move,159.65201,-34.636044
move,159.80223,-35.958515
move,159.92754,-37.307896
move,160.0379,-38.646465
move,160.14987,-40.00917
move,160.21487,-41.338253
move,160.22166,-42.681324
move,160.28403,-44.131424
move,160.4676,-45.388134
move,160.79886,-46.701214
move,161.41255,-47.917824
move,162.3579,-48.896362
move,163.43983,-49.455326
move,164.77954,-49.77616
move,166.15256,-49.903378
move,167.63963,-49.960484
move,168.99019,-50.071968
move,170.36223,-50.214382
move,171.7225,-50.352608
move,173.08607,-50.45117
move,174.45277,-50.437252
move,175.78226,-50.373577
move,177.16037,-50.31465
move,178.51416,-50.252964
move,179.87984,-50.187046
move,181.24686,-50.170635
move,182.58951,-50.203148
move,183.93028,-50.27951
move,185.29225,-50.400375
move,186.6451,-50.47741
move,188.01237,-50.487602
move,189.41585,-50.49984
move,190.74672,-50.514244
move,192.10173,-50.53673
move,193.44307,-50.475895
move,194.82718,-50.332703
move,196.15504,-50.243343
move,197.47202,-50.17119
move,198.78654,-50.06694
move,200.10387,-49.87865
move,201.38411,-49.522636
move,202.56273,-48.907715
move,203.59856,-48.095444
move,204.48753,-47.10563
move,205.35927,-45.990185
move,206.23816,-44.849644
move,207.06523,-43.77608
move,207.97397,-42.691467
move,209.07118,-41.862827
move,210.33891,-41.33125
move,211.72556,-41.12338
move,213.09909,-40.996475
move,214.46167,-40.882797
move,215.89677,-40.765324
move,217.28577,-40.681236
move,218.63951,-40.617855
move,220.04172,-40.553894
move,221.43182,-40.49019
move,222.88232,-40.42325
move,224.27164,-40.34521
move,225.65923,-40.241337
move,227.10371,-40.093758
move,228.46033,-39.92313
move,229.82632,-39.661808
move,231.17659,-39.23816
move,232.39743,-38.655743
move,233.51001,-37.76542
move,234.43135,-36.645466
move,235.26665,-35.472595
move,235.97824,-34.464165
move,236.79088,-33.31979
move,237.64365,-32.190018
move,238.67148,-31.205978
move,239.90147,-30.591965
move,241.25702,-30.232203
move,242.65796,-30.029299
move,244.05096,-29.85706
move,245.41995,-29.68775
move,246.85022,-29.521372
move,248.33046,-29.367018
move,249.77628,-29.236013
move,251.23898,-29.172798
move,252.62968,-29.125439
move,254.1176,-29.097216
move,255.52098,-29.117476
move,256.93628,-29.153635
move,258.35165,-29.189808
move,259.75516,-29.210203
move,261.14673,-29.223963
move,262.5383,-29.23516
move,263.94186,-29.228258
move,265.32092,-29.191916
move,266.72403,-29.152172
move,268.1625,-29.087341
move,269.54865,-28.96974
move,270.90405,-28.717548
move,272.17145,-28.21485
move,273.27707,-27.377378
move,274.16708,-26.234144
move,274.81964,-25.102037
move,275.50797,-23.87888
move,276.24298,-22.684355
move,277.1872,-21.63404
move,278.4014,-20.968407
move,279.7793,-20.663412
move,281.18466,-20.492577
move,282.6002,-20.30684
move,283.9802,-20.050602
move,285.40567,-19.774254
move,286.8222,-19.515896
move,288.25174,-19.260973
move,289.69025,-18.98793
move,291.13885,-18.703579
move,292.59332,-18.338387
move,293.95618,-17.839106
move,295.1997,-17.036663
move,296.12317,-15.904009
move,296.8513,-14.635308
move,297.44058,-13.282245
move,297.95587,-11.911965
move,298.36188,-10.493216
move,298.63507,-9.227786
move,298.88412,-7.650347
move,299.02896,-6.2056174
move,299.16455,-4.9667687
move,299.48096,-3.5402732
move,300.251,-2.2889392
move,301.44473,-1.5357236
move,302.81628,-1.0283127
move,304.24936,-0.7328582
move,305.70828,-0.6162226
move,307.1965,-0.6237631
move,308.73282,-0.66020817
move,310.14813,-0.69365764
move,311.62415,-0.7161284
move,312.83408,-0.7015736
move,314.2599,-0.6313244
move,315.7637,-0.47077796
move,317.16327,-0.25839138
move,318.5891,0.015915127
move,320.0347,0.24469067
move,321.4592,0.33684275
move,322.9469,0.3771524
move,324.36258,0.3858576
move,325.82666,0.3808372
move,327.27863,0.39979762
move,328.7184,0.39888364
move,330.16928,0.34111366
move,331.63034,0.24588476
move,332.96808,0.12680046
move,334.34003,-0.015290155
move,335.7225,-0.17377852
move,337.14685,-0.12351251
move,338.45956,0.156154
move,339.7874,0.57130396
move,341.07852,1.0891513
move,342.362,1.7138442
move,343.52097,2.4152496
move,344.6091,3.2021122
move,345.655,4.0821295
move,346.5969,5.0886517
move,347.41757,6.1817017
move,348.17276,7.3927045
move,348.79865,8.742081
move,349.28824,10.210811
move,349.63684,11.706817
move,349.8146,13.183908
move,349.89145,14.403565
move,349.95157,15.672631
move,349.98825,16.906279
move,350.033,18.442312
move,350.0743,19.845295
move,350.1115,21.28471
move,350.1704,22.735489
move,350.2359,24.16179
move,350.30527,25.624239
move,350.39346,27.061417
move,350.5184,28.580833
move,350.68427,29.937914
move,350.9057,31.151716
move,351.30194,32.522663
move,351.86,33.783276
move,352.59653,35.00518
move,353.52625,36.08602
move,354.65024,36.983223
move,355.88416,37.699715
move,357.2125,38.314747
move,358.5684,38.86683
move,359.95517,39.334553
move,361.3941,39.65754
move,362.68256,39.780937
move,364.14566,39.826523
move,365.37897,39.78363
move,366.8019,39.667103
move,368.23743,39.450954
move,369.68832,39.121826
move,370.8467,38.733414
move,372.11014,38.15221
move,373.37427,37.368805
move,374.06003,36.831863
cluster,4133
move,10,384.5
move,9.930541,384.27448
move,9.616539,383.23764
move,9.257673,382.0128
move,8.895249,380.96954
move,8.385681,379.7762
move,7.9076114,378.78058
move,7.385525,377.81946
move,6.7741036,376.91324
move,6.0404563,376.07373
move,5.2316813,375.30615
move,4.3713036,374.61368
move,3.4825313,373.95767
move,2.6394732,373.27844
move,1.91179,372.43713
move,1.3947788,371.46173
move,1.005535,370.4645
move,0.7298787,369.5124
move,0.48983213,368.5506
move,0.28982866,367.55048
move,0.16566412,366.54764
move,0.084585756,365.55
move,0.044924956,364.5691
move,0.035785403,363.54895
move,0.05360475,362.51926
move,0.058903147,361.5279
move,0.044495735,360.50772
move,0.015163358,359.51685
move,-0.032238793,358.51706
move,-0.1065712,357.4996
move,-0.20976749,356.46524
move,-0.33686447,355.49176
move,-0.5167388,354.48752
move,-0.73043454,353.5097
move,-1.0029721,352.38733
move,-1.2416555,351.41528
move,-1.4170017,350.4497
move,-1.5426874,349.45667
move,-1.6715573,348.47382
move,-1.7497838,347.48572
move,-1.7971278,346.50522
move,-1.8214154,345.48538
move,-1.7691348,344.4764
move,-1.6821222,343.43088
move,-1.6153424,342.4514
move,-1.5416433,341.43387
move,-1.4897131,340.41504
move,-1.4376389,339.3865
move,-1.3551625,338.3696
move,-1.2411964,337.34607
move,-1.144669,336.3208
move,-1.0400907,335.2479
move,-0.8887488,333.82034
move,-0.7589208,332.47147
move,-0.6664147,331.22867
move,-0.61133385,329.8868
move,-0.598229,328.6284
move,-0.57691264,327.39438
move,-0.5830092,326.1602
move,-0.62945867,324.91473
move,-0.7085726,323.64673
move,-0.8109468,322.19833
move,-0.89576685,320.95496
move,-1.0003588,319.7009
move,-1.1037523,318.4347
move,-1.1370357,317.17725
move,-1.098852,315.90732
move,-1.0581379,314.62534
move,-0.98452795,313.28424
move,-0.9408564,312.051
move,-0.92624116,310.69586
move,-0.9209417,309.46167
move,-0.9019824,308.16714
move,-0.8964669,306.87247
move,-0.8971789,305.57776
move,-0.9136518,304.2469
move,-0.9414131,302.9163
move,-1.0237659,301.66092
move,-1.2613181,300.40167
move,-1.7145686,299.15253
move,-2.3316827,298.08527
move,-3.1569877,297.0895
move,-4.1132517,296.1995
move,-5.0840564,295.37988
move,-6.070002,294.55954
move,-7.039511,293.66647
move,-7.896161,292.68097
move,-8.613413,291.56183
move,-9.129602,290.41483
move,-9.550926,289.16562
move,-9.831109,287.8776
move,-9.906427,286.57376
move,-9.831109,287.8776
move,-9.900906,285.26697
move,-9.788707,283.9533
move,-9.575645,282.62747
move,-9.210278,281.3115
move,-8.650291,280.10593
move,-7.882945,279.0055
move,-6.994051,277.9831
move,-5.9917107,277.0187
move,-4.968552,276.14862
move,-3.9391615,275.28595
move,-2.95925,274.40457
move,-2.1417916,273.34167
move,-1.525602,272.13596
move,-1.0816808,270.9202
move,-0.75131303,269.66873
move,-0.5329622,268.33188
move,-0.44037783,267.02856
move,-0.40718257,265.6497
move,-0.42137757,264.3307
move,-0.42875457,263.08435
move,-0.406287,261.8021
move,-0.38064352,260.58035
move,-0.34706473,259.26193
move,-0.33974347,258.0035
move,-0.33126873,256.72086
move,-0.31919432,255.47452
move,-0.3161516,254.01035
move,-0.3185057,252.69135
move,-0.3225114,251.40865
move,-0.32774743,250.13805
move,-0.3309646,248.87956
move,-0.3313852,247.60896
move,-0.33120278,246.31416
move,-0.32957366,245.05566
move,-0.32633352,243.78511
move,-0.30827373,242.5511
move,-0.28347427,241.31715
move,-0.2664758,240.05888
move,-0.26195106,238.75198
move,-0.25438416,237.48146
move,-0.26873887,236.22319
move,-0.33040863,234.8937
move,-0.43441868,233.66393
move,-0.5957708,232.37946
move,-0.8374899,231.09557
move,-1.201937,229.84132
move,-1.704179,228.58302
move,-2.302707,227.43596
move,-3.055942,226.35422
move,-2.302707,227.43596
move,-3.940346,225.34422
move,-4.870226,224.46117
move,-5.8897963,223.58696
move,-6.996386,222.7238
move,-8.080641,221.99501
move,-9.231269,221.35115
move,-10.490063,220.7882
move,-11.755756,220.33942
move,-12.988875,219.98741
move,-14.338434,219.7038
move,-15.657829,219.53018
move,-16.948154,219.42503
move,-18.241571,219.36829
move,-19.559872,219.32845
move,-20.890419,219.29465
move,-22.209097,219.31625
move,-23.502878,219.36377
move,-24.831982,219.43478
move,-26.197334,219.50777
move,-27.49128,219.54887
move,-28.592278,219.56386
move,-30.237726,219.58621
move,-31.616999,219.60486
move,-32.923733,219.61642
move,-34.23047,219.60458
move,-35.53701,219.57925
move,-36.853413,219.5025
move,-38.182777,219.31406
move,-39.468243,218.93062
move,-40.633762,218.31758
move,-41.692516,217.49284
move,-42.67519,216.5775
move,-43.625248,215.62837
move,-44.52291,214.62952
move,-45.413506,213.59201
move,-46.36575,212.6124
move,-47.451515,211.82538
move,-48.707092,211.22818
move,-50.003082,210.79495
move,-51.372356,210.48787
move,-52.686024,210.27504
move,-54.061577,210.18007
move,-55.440872,210.16345
move,-56.8081,210.14911
move,-58.22337,210.11676
move,-59.552067,210.03932
move,-60.952152,209.94012
move,-62.27848,209.8287
move,-63.61686,209.71631
move,-64.930916,209.60338
move,-66.29144,209.46729
move,-67.627144,209.32658
move,-68.936295,209.16737
move,-70.21771,208.9141
move,-71.63438,208.42221
move,-72.80599,207.84569
move,-73.83747,207.12639
move,-74.80745,206.28813
move,-75.750984,205.29918
move,-76.554306,204.33076
move,-77.32298,203.27434
move,-77.99635,202.14075
move,-78.5805,200.95859
move,-79.06335,199.77069
move,-79.49407,198.51144
move,-79.828514,197.28603
move,-80.064606,196.0011
move,-80.209366,194.72682
move,-80.324814,193.44943
move,-80.43848,192.1355
move,-80.51932,190.89188
move,-80.60306,189.55142
move,-80.6852,188.28358
move,-80.81787,186.95952
move,-81.02474,185.57123
move,-81.21875,184.27893
move,-81.42023,182.91435
move,-81.61001,181.5725
move,-81.79629,180.3035
move,-82.081184,179.00426
move,-82.59476,177.73953
move,-83.26328,176.64583
move,-84.11981,175.55005
move,-85.06432,174.59613
move,-86.1981,173.67104
move,-87.3051,172.9782
move,-88.58292,172.34154
move,-89.81928,171.78682
move,-88.58292,172.34154
move,-91.07001,171.29802
move,-92.40245,170.89822
move,-93.810005,170.59671
move,-95.09198,170.41637
move,-96.466064,170.2971
move,-97.8321,170.23906
move,-99.223434,170.2383
move,-100.602425,170.27177
move,-101.981384,170.30644
move,-103.38468,170.33511
move,-104.73987,170.33968
move,-106.118416,170.2967
move,-107.510155,170.12054
move,-108.88075,169.81914
move,-110.03344,169.4176
move,-111.211815,168.70525
move,-112.26554,167.81635
move,-113.25005,166.8
move,-114.09507,165.72563
move,-114.9731,164.53899
move,-115.79389,163.49178
move,-116.78841,162.53816
move,-117.924675,161.71593
move,-119.16827,161.0152
move,-120.41497,160.39769
move,-121.63041,159.91922
move,-122.86791,159.58473
move,-124.14774,159.39539
move,-125.441376,159.35394
move,-126.74736,159.39752
move,-128.07663,159.46512
move,-129.38173,159.53148
move,-130.63849,159.59541
move,-131.859,159.6575
move,-133.15218,159.71962
move,-134.59155,159.73398
move,-135.83485,159.65059
move,-137.08533,159.51015
move,-138.36906,159.3421
move,-139.5757,159.08615
move,-140.81932,158.6858
move,-141.98082,158.17314
move,-143.19055,157.43896
move,-144.17355,156.7133
move,-145.1193,155.84792
move,-145.95628,154.92482
move,-146.866,153.7627
move,-147.68057,152.57558
move,-148.28867,151.48862
move,-148.83049,150.14253
move,-149.18332,148.92233
move,-149.43547,147.43233
move,-149.5351,146.02023
move,-149.60141,144.78784
move,-149.68622,143.54453
move,-149.87534,142.32556
move,-150.20403,141.13641
move,-150.73254,139.7848
move,-151.36487,138.72649
move,-152.13652,137.74844
move,-153.00397,136.85439
move,-153.9802,136.04208
move,-155.0299,135.28441
move,-156.24579,134.49095
move,-157.29802,133.84589
move,-158.32216,133.15878
move,-159.19267,132.27151
move,-159.83203,131.23187
move,-160.28952,130.08678
move,-160.58044,128.86295
move,-160.80566,127.6372
move,-161.02834,126.41098
move,-161.251,125.18472
move,-161.47398,123.958534
move,-161.69562,122.744385
move,-161.95447,121.327934
move,-162.18752,120.06669
move,-162.37007,118.83426
move,-162.41148,117.43199
move,-162.40242,116.173615
move,-162.39172,114.68534
move,-162.38269,113.42696
move,-162.41614,112.18161
move,-162.5558,110.93112
move,-162.82382,109.65319
move,-163.2186,108.44578
move,-163.70645,107.22078
move,-164.25392,106.11516
move,-164.96199,104.9744
move,-165.77863,103.97097
move,-166.81175,102.951225
move,-167.74959,102.168274
move,-168.84798,101.43953
move,-169.94873,100.85565
move,-171.18317,100.32761
move,-172.35512,99.94146
move,-173.5406,99.646255
move,-174.77179,99.454285
move,-175.98463,99.30437
move,-177.22737,99.21375
move,-178.6791,99.18838
move,-179.9374,99.172676
move,-181.19566,99.16286
move,-182.45393,99.155266
move,-183.7485,99.14746
move,-184.99469,99.13785
move,-186.26454,99.09778
move,-187.56902,99.019615
move,-188.89523,98.90726
move,-190.16272,98.71585
move,-191.47885,98.34717
move,-192.62971,97.902916
move,-193.74403,97.34541
move,-194.82635,96.70405
move,-195.82722,95.9631
move,-196.71324,95.08779
move,-197.48967,94.12901
move,-198.17645,93.089516
move,-198.869,91.759415
move,-199.31395,90.53154
move,-199.62984,89.30124
move,-199.8379,88.06047
move,-199.97084,86.73639
move,-200.02657,85.44295
move,-200.08463,84.14961
move,-200.21616,82.910484
move,-200.45686,81.62677
move,-200.85503,80.382484
move,-201.29984,79.14092
move,-201.84523,77.96818
move,-202.65085,76.92756
move,-203.6556,76.075806
move,-204.71593,75.42197
move,-205.84134,74.806694
move,-207.02827,74.152756
move,-208.05609,73.472
move,-208.99203,72.56432
move,-209.58525,71.39356
move,-209.9011,70.12591
move,-210.09367,68.8707
move,-210.21346,67.593704
move,-210.3332,66.3167
move,-210.4529,65.0397
move,-210.54427,63.772625
move,-210.59846,62.491154
move,-210.65152,61.24597
move,-210.67986,59.87934
move,-210.64294,58.56097
move,-210.61311,57.278744
move,-210.6113,55.85098
move,-210.62534,54.423244
move,-210.63257,53.007587
move,-210.67891,51.569313
move,-210.9261,50.164104
move,-211.22957,48.955997
move,-211.92284,47.74805
move,-213.03065,46.85464
move,-214.29172,46.186977
move,-215.59174,45.568108
move,-216.64125,44.968956
move,-217.65852,43.99043
move,-218.46027,42.84008
move,-219.13744,41.611237
move,-219.65881,40.322865
move,-219.97496,38.906933
move,-220.07736,37.568993
move,-220.07555,36.18963
move,-220.06784,34.79815
move,-220.06586,33.430885
move,-220.17802,31.947323
move,-220.3168,30.6966
move,-220.47412,29.277496
move,-220.60573,28.02601
move,-220.67162,26.769676
move,-220.66635,25.317701
move,-220.65825,23.962526
move,-220.6497,22.522652
move,-220.64143,21.131178
move,-220.63304,19.727602
move,-220.62445,18.384535
move,-220.61342,16.980991
move,-220.58873,15.589733
move,-220.55745,14.1985855
move,-220.52562,12.783244
move,-220.50456,11.379809
move,-220.48674,9.976326
move,-220.46944,8.633332
move,-220.47278,7.2179403
move,-220.51865,5.863517
move,-220.5659,4.460713
move,-220.57976,3.0935147
move,-220.57912,1.7383156
move,-220.56848,0.5162775
move,-220.54773,-0.8750674
move,-220.52779,-2.218019
move,-220.5074,-3.585167
move,-220.48668,-4.9765124
move,-220.4663,-6.343661
move,-220.44662,-7.6624146
move,-220.42534,-9.005348
move,-220.40302,-10.372473
move,-220.3805,-11.751695
move,-220.35895,-13.070421
move,-220.3366,-14.43754
move,-220.31653,-15.828893
move,-220.30748,-17.159851
move,-220.30424,-18.430351
move,-220.30214,-19.84606
move,-220.30003,-21.273869
move,-220.29803,-22.677479
move,-220.29622,-23.899588
move,-220.29419,-25.291098
move,-220.29204,-26.755207
move,-220.28998,-28.231413
move,-220.28786,-29.69552
move,-220.28592,-30.990229
move,-220.28416,-32.236526
move,-220.28207,-33.67641
move,-220.24614,-34.958202
move,-220.1534,-36.24956
move,-220.0354,-37.53866
move,-219.8083,-38.82516
move,-219.46469,-39.99703
move,-218.93486,-41.164192
move,-218.25206,-42.277508
move,-217.50679,-43.291294
move,-216.70157,-44.27376
move,-215.84328,-45.193832
move,-214.91974,-46.04795
move,-213.92458,-46.797466
move,-212.90666,-47.473606
move,-211.824,-48.138336
move,-210.5515,-48.837097
move,-209.20596,-49.41209
move,-208.01143,-49.765297
move,-206.78738,-49.998306
move,-205.5514,-50.15745
move,-204.28387,-50.240593
move,-203.01347,-50.251385
move,-201.76727,-50.259644
move,-200.52109,-50.251125
move,-199.14261,-50.201298
move,-197.8488,-50.153194
move,-196.51808,-50.127537
move,-194.14665,-50.15844
move,-192.47725,-50.195892
move,-190.98929,-50.22791
move,-189.54973,-50.259495
move,-186.64839,-50.379456
move,-185.1159,-50.49287
move,-183.59511,-50.60132
move,-182.35071,-50.781456
move,-180.998,-51.154076
move,-179.79695,-51.567886
move,-178.48503,-52.099346
move,-177.37216,-52.63223
move,-176.09456,-53.439064
move,-175.06409,-54.353775
move,-174.12689,-55.43002
move,-173.29094,-56.630943
move,-172.69563,-57.697887
move,-172.14333,-58.86864
move,-171.70094,-60.046097
move,-171.36191,-61.257763
move,-171.0912,-62.49889
move,-170.8657,-63.77376
move,-170.6951,-65.00816
move,-170.57785,-66.27322
move,-170.45302,-67.52543
move,-170.32353,-68.825836
move,-170.20549,-70.06651
move,-170.15872,-71.347824
move,-170.20271,-72.617516
move,-170.15872,-71.347824
move,-170.25137,-73.86286
move,-170.28918,-75.18121
move,-170.3101,-76.46364
move,-170.31535,-77.78253
move,-170.3185,-79.05302
move,-170.31924,-80.3598
move,-170.3137,-81.66656
move,-170.29016,-82.96104
move,-170.26546,-84.291794
move,-170.2407,-85.62256
move,-170.21616,-86.94122
move,-170.19238,-88.2236
move,-170.16583,-89.57857
move,-170.1329,-90.93337
move,-170.08669,-92.21512
move,-170.02687,-93.544754
move,-169.95422,-94.946465
move,-169.85979,-96.28625
move,-169.72755,-97.64704
move,-169.4873,-98.930565
move,-169.03835,-100.194275
move,-168.35811,-101.34962
move,-167.40337,-102.426186
move,-166.36407,-103.36897
move,-165.24577,-104.27594
move,-164.1911,-105.12691
move,-163.12578,-105.98397
move,-162.13535,-106.88838
move,-161.3619,-107.95432
move,-160.8075,-109.16193
move,-160.44202,-110.39107
move,-160.15529,-111.678185
move,-159.96971,-112.94692
move,-159.90259,-114.2514
move,-159.93526,-115.581856
move,-159.99973,-116.9234
move,-160.06343,-118.24077
move,-160.12894,-119.5944
move,-160.2069,-120.95934
move,-160.3807,-122.27881
move,-160.56673,-123.63341
move,-160.72867,-125.00301
move,-160.79675,-126.33226
move,-160.82233,-127.71124
move,-160.80045,-129.0784
move,-160.75035,-130.4084
move,-160.67458,-131.7858
move,-160.58702,-133.17455
move,-160.46951,-134.5489
move,-160.30429,-135.95476
move,-160.03656,-137.34425
move,-159.64314,-138.65314
move,-159.1135,-139.89964
move,-158.38829,-141.18433
move,-157.51234,-142.27905
move,-156.5236,-143.20485
move,-155.42958,-144.06445
move,-154.2878,-144.90128
move,-153.12245,-145.74693
move,-152.07347,-146.7123
move,-151.23354,-147.90797
move,-150.6697,-149.21803
move,-150.25981,-150.59787
move,-149.97806,-151.98494
move,-149.76926,-153.39732
move,-149.5674,-154.82301
move,-149.36705,-156.24892
move,-149.18161,-157.6768
move,-148.9907,-159.12842
move,-148.72424,-160.53046
move,-148.30254,-161.91895
move,-147.6757,-163.18564
move,-146.83688,-164.36995
move,-146.00958,-165.30132
move,-145.01901,-166.20709
move,-143.86128,-167.0204
move,-142.59506,-167.75499
move,-141.2863,-168.4103
move,-139.96361,-168.94676
move,-138.79938,-169.31743
move,-137.52084,-169.64072
move,-136.22366,-169.87708
move,-134.88889,-170.02484
move,-133.53651,-170.11052
move,-132.17068,-170.174
move,-130.72083,-170.2543
move,-129.24658,-170.33025
move,-127.80775,-170.38455
move,-126.56212,-170.42548
move,-125.13514,-170.47458
move,-123.66057,-170.54329
move,-122.25036,-170.66614
move,-120.820305,-170.9132
move,-119.45715,-171.29285
move,-118.08385,-171.86371
move,-116.81298,-172.61198
move,-115.726494,-173.49875
move,-114.78383,-174.4885
move,-113.859726,-175.52885
move,-112.9379,-176.55496
move,-111.97769,-177.56194
move,-110.90877,-178.5073
move,-109.78947,-179.26993
move,-108.54327,-179.88551
move,-107.178505,-180.30028
move,-105.75956,-180.54109
move,-104.32718,-180.68672
move,-102.868,-180.80688
move,-101.39632,-180.92284
move,-99.9368,-181.0391
move,-98.489716,-181.1589
move,-97.05468,-181.27762
move,-95.65537,-181.38779
move,-94.18296,-181.49356
move,-92.82041,-181.60722
move,-91.413826,-181.76645
move,-90.07574,-181.98022
move,-88.81408,-182.26895
move,-87.538475,-182.68799
move,-86.37063,-183.1872
move,-85.236046,-183.83372
move,-84.17964,-184.64178
move,-83.251724,-185.56007
move,-82.44821,-186.62012
move,-81.75699,-187.74303
move,-81.16752,-188.92233
move,-80.69745,-190.19247
move,-80.396965,-191.47617
move,-80.207794,-192.78116
move,-80.090096,-194.1069
move,-80.01352,-195.48412
move,-79.949005,-196.89835
move,-79.884514,-198.26402
move,-79.800255,-199.7256
move,-79.67675,-201.06294
move,-79.492874,-202.35666
move,-79.261536,-203.6796
move,-78.9874,-205.00677
move,-78.675644,-206.32556
move,-78.34762,-207.6404
move,-77.98637,-208.92139
move,-77.59308,-210.21823
move,-77.165054,-211.49113
move,-76.623535,-212.78557
move,-75.976776,-213.91934
move,-75.03848,-214.99329
move,-73.94911,-215.89557
move,-72.703026,-216.70868
move,-71.423386,-217.39388
move,-70.13886,-217.95926
move,-68.79695,-218.48114
move,-67.46187,-218.95189
move,-66.13279,-219.36359
move,-64.73647,-219.71448
move,-63.409386,-219.98857
move,-62.03647,-220.21443
move,-60.64313,-220.38261
move,-59.185,-220.5144
move,-57.772972,-220.6162
move,-56.396317,-220.70302
move,-54.946674,-220.78552
move,-53.60541,-220.85577
move,-52.29138,-220.9635
move,-50.95765,-221.20096
move,-49.661854,-221.59152
move,-48.446888,-222.2411
move,-47.39486,-223.0545
move,-46.42386,-224.03337
move,-45.50701,-225.08006
move,-44.580856,-226.15073
move,-43.566616,-227.11978
move,-42.466957,-228.03003
move,-41.31549,-228.80984
move,-40.08601,-229.40477
move,-38.755623,-229.85028
move,-37.39685,-230.14708
move,-36.061916,-230.29066
move,-34.731865,-230.33598
move,-33.389183,-230.36716
move,-32.09539,-230.41623
move,-30.813711,-230.46477
move,-29.543602,-230.4953
move,-28.297323,-230.50089
move,-26.966335,-230.50536
move,-25.502281,-230.51732
move,-24.135145,-230.5382
move,-22.864977,-230.56728
move,-21.461647,-230.5941
move,-20.20325,-230.59283
move,-18.957045,-230.57776
move,-17.723127,-230.55139
move,-16.489481,-230.5144
move,-15.243919,-230.47151
move,-13.9984865,-230.42491
move,-12.765146,-230.37885
move,-11.519713,-230.33235
move,-10.262188,-230.28545
move,-8.810838,-230.24501
move,-7.373732,-230.32942
move,-5.917412,-230.47632
move,-4.642878,-230.70317
move,-3.4542975,-231.0708
move,-2.3667743,-231.72154
move,-1.5172647,-232.59486
move,-0.96917516,-233.69519
move,-0.69096386,-234.88365
move,-0.5771623,-236.17256
move,-0.5958426,-237.40636
move,-0.6904743,-238.8431
move,-0.8028945,-240.30287
move,-0.9023041,-241.5209
move,-0.99308693,-242.75174
move,-1.0488074,-244.00877
move,-1.0353765,-245.2671
move,-1.0183483,-246.50117
move,-0.9981724,-247.81995
move,-1.0213298,-249.10207
move,-1.0849034,-250.34674
move,-1.1454259,-251.64003
move,-1.1940359,-252.9217
move,-1.2448622,-254.26385
move,-1.2856575,-255.57
move,-1.3009725,-256.901
move,-1.3153607,-258.20786
move,-1.3222059,-259.61148
move,-1.2938226,-260.92993
move,-1.2173369,-262.36777
move,-1.1348172,-263.6114
move,-1.0611771,-264.90387
move,-1.005867,-266.22153
move,-0.9862738,-267.5887
move,-1.0461397,-268.88165
move,-1.2225369,-270.13956
move,-1.502274,-271.4032
move,-1.9696453,-272.6346
move,-2.66692,-273.72244
move,-3.5896194,-274.67987
move,-4.5580196,-275.4832
move,-5.7386537,-276.38913
move,-6.8624563,-277.2096
move,-8.027791,-278.11505
move,-8.933292,-279.19632
move,-9.44722,-280.48627
move,-9.694232,-281.86652
move,-9.808244,-283.31387
move,-9.82472,-284.69308
move,-9.752844,-285.99762
move,-9.572123,-287.3279
move,-9.235919,-288.6146
move,-8.730344,-289.845
move,-8.122888,-290.96042
move,-7.3852644,-292.05328
move,-6.505032,-293.0501
move,-5.5283294,-293.93558
move,-4.4979396,-294.69876
move,-3.4239588,-295.46423
move,-2.455367,-296.32053
move,-1.7873998,-297.43475
move,-1.4101888,-298.64716
move,-1.1561166,-299.90384
move,-1.018019,-301.19073
move,-0.96215564,-302.48416
move,-0.9307011,-303.7301
move,-0.9177345,-305.00055
move,-0.9321224,-306.2468
move,-0.9369514,-307.51736
move,-0.9081558,-308.83594
move,-0.8317929,-310.29803
move,-0.71748644,-311.7455
move,-0.61186606,-312.97513
move,-0.49553308,-314.2646
move,-0.36252692,-315.67398
move,-0.22177988,-317.13126
move,-0.13446878,-318.5927
move,-0.10517487,-320.0081
move,-0.12070505,-321.45993
move,-0.16140036,-322.68134
move,-0.22721846,-324.15604
move,-0.33341536,-325.62833
move,-0.46926224,-327.04965
move,-0.5878577,-328.42386
move,-0.66903263,-329.8615
move,-0.7508165,-331.2384
move,-0.8363654,-332.67575
move,-0.8770836,-334.0788
move,-0.929269,-335.46927
move,-1.0008806,-336.88336
move,-1.0751482,-338.28516
move,-1.2198483,-339.7538
move,-1.5623325,-341.13727
move,-2.2346659,-342.36496
move,-3.1659458,-343.39606
move,-4.2651224,-344.28708
move,-5.4011707,-345.0693
move,-6.59308,-345.87717
move,-7.682531,-346.73987
move,-8.5363035,-347.84955
move,-9.21844,-349.19818
move,-9.665505,-350.42535
move,-9.970658,-351.63327
move,-10.169199,-352.92438
move,-10.274165,-354.37247
move,-10.295827,-355.7757
move,-10.246117,-357.14197
move,-10.156947,-358.54272
move,-10.06085,-359.89468
move,-9.987019,-361.27206
move,-9.959603,-362.51807
move,-9.968764,-363.74008
move,-10.020666,-364.99738
move,-10.107919,-366.25278
move,-10.218345,-367.51843
move,-10.302842,-368.76178
move,-10.4316225,-370.06207
cluster,1607
move,-40,365.5
move,-40.170597,365.4698
move,-41.269985,365.27515
move,-42.341877,365.09103
move,-41.269985,365.27515
move,-43.416637,364.92422
move,-44.519146,364.69687
move,-45.505093,364.40015
move,-46.543438,364.01715
move,-47.48622,363.6273
move,-48.5177,363.19998
move,-49.564106,362.81076
move,-50.602364,362.4559
move,-51.65982,362.0688
move,-52.687878,361.65872
move,-53.70182,361.21487
move,-54.689823,360.73776
move,-55.67651,360.2153
move,-56.64107,359.6724
move,-57.604652,359.10837
move,-58.5461,358.54477
move,-59.49003,357.96674
move,-60.441765,357.38303
move,-61.385296,356.80432
move,-62.312416,356.2357
move,-63.247734,355.66202
move,-64.19123,355.08328
move,-64.26401,355.03864
move,-64.61124,354.95953
move,-65.67865,354.70544
move,-66.74808,354.5099
move,-68.0227,354.42764
move,-69.0959,354.68887
move,-70.04827,355.0262
move,-71.064354,355.55392
move,-71.93933,356.04016
move,-72.81163,356.53113
move,-73.803856,357.08377
move,-74.795044,357.5751
move,-75.8463,357.9497
move,-76.93976,358.25586
move,-78.04446,358.47327
move,-79.16545,358.6556
move,-80.13889,358.78238
move,-81.213844,358.86197
move,-82.19462,358.9056
move,-83.300476,358.9531
move,-84.473694,359.00262
move,-85.74535,359.03656
move,-87.184814,359.07114
move,-88.64825,359.11526
move,-90.11072,359.18393
move,-91.36399,359.2951
move,-92.60141,359.44366
move,-93.82633,359.59467
move,-95.12289,359.758
move,-96.553696,359.91898
move,-97.99807,360.0675
move,-99.411415,360.1399
move,-100.887184,360.1133
move,-102.12044,360.0655
move,-103.55922,360.00934
move,-104.80455,359.96075
move,-106.03806,359.9198
move,-107.160805,359.89194
move,-108.20966,359.8692
move,-109.200806,359.84824
move,-110.19207,359.83777
move,-111.18234,359.87726
move,-112.324936,359.95697
move,-113.486725,360.03802
move,-114.481964,360.58514
move,-115.495056,361.13977
move,-116.50669,361.6769
move,-117.42257,362.28235
move,-117.95955,363.294
move,-118.37723,364.3693
move,-118.68985,365.461
move,-118.94178,366.56836
move,-119.138916,367.69644
move,-119.31244,368.81888
move,-119.485115,369.94144
move,-119.66132,371.06342
move,-119.84799,372.18372
move,-120.05028,373.26215
move,-120.31459,374.35602
move,-120.73223,375.38025
move,-121.2777,376.33127
move,-121.96005,377.1884
move,-122.78618,377.9237
move,-123.69518,378.55392
move,-124.678474,379.06097
move,-125.68774,379.49127
move,-126.73384,379.88123
move,-127.7882,380.24847
move,-128.86667,380.60452
move,-129.81953,380.87738
move,-130.81969,381.07764
move,-131.83372,381.25772
move,-132.88556,381.44473
move,-133.92798,381.6299
move,-135.00632,381.833
move,-135.97871,382.06995
move,-136.97641,382.39352
move,-138.01967,382.84204
move,-138.91664,383.24112
move,-139.95403,383.70346
move,-141.01099,384.16925
move,-141.91458,384.55304
move,-142.81421,384.89456
move,-143.76343,385.1799
move,-144.8834,385.4174
move,-146.01347,385.528
move,-147.15623,385.6056
move,-148.14607,385.66003
move,-149.26147,385.70908
move,-150.27107,385.75348
move,-151.42494,385.8042
move,-152.3961,385.8469
move,-153.38652,385.89044
move,-154.5596,385.94202
move,-155.49828,385.98325
move,-156.64915,386.0803
move,-157.78049,386.1801
move,-158.90189,386.28314
move,-160.04527,386.44513
move,-161.17535,386.68204
move,-162.2555,386.96454
move,-163.36946,387.26956
move,-164.45135,387.582
move,-165.37541,387.8513
move,-166.47469,388.17297
move,-167.42227,388.46436
move,-168.35101,388.7515
move,-169.46367,389.09558
move,-170.55792,389.4339
move,-171.66139,389.77512
move,-172.76494,390.11603
move,-173.87914,390.4198
move,-174.9956,390.62592
move,-176.13385,390.75104
move,-177.12418,390.79407
move,-178.10577,390.81226
move,-179.25102,390.8311
move,-180.39624,390.84964
move,-181.39725,390.855
move,-182.53302,390.8576
move,-183.62068,390.858
move,-184.69695,390.80185
move,-185.78769,390.68353
move,-186.82487,390.5265
move,-187.90633,390.29095
move,-188.96652,390.04797
move,-189.99709,389.8055
move,-191.01857,389.52786
move,-192.04977,389.18216
move,-193.2047,388.78156
move,-194.36317,388.39264
move,-195.56099,388.0486
move,-196.53143,387.80344
move,-197.49219,387.60193
move,-198.47552,387.41513
move,-199.4685,387.2272
move,-200.64787,387.04565
move,-201.78714,386.9275
move,-202.78006,386.8019
move,-203.75346,386.61447
move,-204.7046,386.37198
move,-205.65894,386.0406
move,-206.56326,385.65875
move,-207.44489,385.20633
move,-208.28922,384.66913
move,-209.10338,384.08685
move,-209.9349,383.46317
move,-210.84666,382.73862
move,-211.64207,382.06943
move,-212.38834,381.41678
move,-213.12805,380.7424
move,-213.8546,380.05383
move,-214.56621,379.34988
move,-215.2706,378.6253
move,-215.95633,377.89606
move,-216.68753,377.104
move,-217.30724,376.3312
move,-217.84999,375.47882
move,-218.37694,374.62775
move,-218.93918,373.74213
move,-219.54701,372.97247
move,-220.3102,372.29715
move,-221.14276,371.76007
move,-222.08972,371.30984
move,-223.0209,370.9704
move,-224.03822,370.67822
move,-224.98906,370.4769
move,-225.98666,370.3157
move,-226.99617,370.16812
move,-227.9962,370.02206
move,-229.00577,369.8748
move,-230.02484,369.72604
move,-231.02487,369.58014
move,-232.06131,369.41797
move,-233.04779,369.24823
move,-234.11322,369.03027
move,-235.0616,368.77695
move,-236.15106,368.42395
move,-237.23883,368.0081
move,-238.14626,367.6334
move,-239.165,367.20053
move,-240.22731,366.74716
move,-241.27187,366.3012
move,-242.29874,365.8629
move,-243.3344,365.42072
move,-244.37897,364.97485
move,-245.41473,364.53287
move,-246.43318,364.09937
move,-247.4809,363.68686
move,-248.5113,363.33896
move,-249.55377,362.99655
move,-250.59625,362.6542
move,-251.64714,362.3066
move,-252.67487,361.95053
move,-253.70245,361.59418
move,-254.73003,361.23782
move,-255.76634,360.8773
move,-256.79343,360.51938
move,-257.82047,360.1615
move,-258.8384,359.8068
move,-259.8655,359.44888
move,-260.89255,359.091
move,-261.93777,358.72678
move,-262.9467,358.3752
move,-263.97372,358.01733
move,-265.0007,357.65945
move,-266.00052,357.31107
move,-266.40454,357.1703
move,-266.91928,357.32996
move,-267.93106,357.7018
move,-268.91974,358.10648
move,-269.92645,358.58728
move,-270.82077,359.15344
move,-271.6703,359.816
move,-272.4776,360.55896
move,-273.07388,361.33737
move,-273.70935,362.26715
move,-274.3235,363.16467
move,-274.96494,364.10196
move,-275.59546,365.02335
move,-275.64523,365.09607
quest
move,-274.5124,364.96634
move,-274.2814,363.89368
move,-273.96008,362.79456
move,-273.59155,361.69998
move,-273.19485,360.6255
move,-272.8604,359.7127
move,-272.5125,358.7947
move,-272.16653,357.70355
move,-271.91553,356.75443
move,-271.61737,355.64856
move,-271.36682,354.71927
move,-271.0862,353.67844
move,-270.82065,352.6934
move,-270.5175,351.56894
move,-270.25943,350.61176
move,-270.0316,349.76666
move,-270.0241,349.37213
move,-270.02533,348.24603
move,-270.06894,347.28464
move,-270.14764,346.1419
move,-270.21854,344.99887
move,-270.25284,343.84442
move,-270.28983,342.72858
move,-270.37024,341.75027
move,-270.48013,340.70697
move,-270.61472,339.57913
move,-270.7545,338.45206
move,-270.9105,337.32712
move,-271.08823,336.18604
move,-271.27475,335.05597
move,-271.44894,333.9435
move,-271.5823,332.82532
move,-271.80255,331.72147
move,-272.1277,330.6438
move,-272.494,329.75394
move,-272.97678,328.7153
move,-273.4878,327.75537
move,-274.06607,326.77786
move,-274.658,325.81995
move,-275.29297,324.8901
move,-275.9857,324.0271
move,-276.65466,323.2826
move,-277.33557,322.5489
move,-278.10483,321.68735
move,-278.88867,320.80792
move,-279.7194,319.8788
move,-280.5575,318.9401
move,-281.46255,317.93134
move,-282.39447,316.86548
move,-283.35022,315.77225
move,-284.1545,314.85208
move,-285.07034,313.80438
move,-285.98615,312.75665
move,-286.92578,311.68158
move,-287.85742,310.61566
move,-288.5277,309.39035
move,-289.10565,308.11133
move,-289.56097,306.97736
move,-289.95883,305.6199
move,-290.20496,304.25055
move,-290.4339,302.82898
move,-290.60953,301.4365
move,-290.72638,300.2079
move,-290.83704,298.78445
move,-290.94586,297.34888
move,-291.0451,295.92474
move,-291.0687,294.50946
move,-291.05045,293.0454
move,-290.98813,291.6191
move,-290.8702,290.37848
move,-290.67123,288.96472
move,-290.48483,287.74472
move,-290.30115,286.52432
move,-290.13672,285.28888
move,-289.9975,283.89252
move,-289.9178,282.44266
move,-289.8526,280.9922
move,-289.85046,279.57648
move,-289.8741,278.13696
move,-289.89365,276.95148
move,-289.93616,275.53638
move,-289.98636,274.13345
move,-290.03775,272.6943
move,-290.08224,271.4486
move,-290.13373,270.00943
move,-290.18304,268.63074
move,-290.22733,267.39716
move,-290.2606,266.46988
move,-290.16864,266.22006
move,-289.72287,264.8007
move,-289.47897,263.37186
move,-289.3808,261.92322
move,-289.15863,260.55212
move,-288.7393,259.22662
move,-288.1215,257.9949
move,-287.36383,256.82806
move,-286.56897,255.6712
move,-285.77734,254.5268
move,-284.9969,253.3749
move,-284.30804,252.1806
move,-283.76572,251.00537
move,-283.341,249.80843
move,-283.0784,248.55397
move,-282.95422,247.27763
move,-282.91592,245.98361
move,-282.92102,244.71307
move,-282.956,243.43098
move,-283.01715,242.01663
move,-283.0827,240.79628
move,-283.1603,239.38264
move,-283.23923,237.94492
move,-283.3213,236.50735
move,-283.38742,235.34763
move,-283.47546,233.80133
move,-283.55005,232.49664
move,-283.62946,231.19228
move,-283.7588,229.91676
move,-284.02393,228.6376
move,-284.40045,227.34875
move,-284.8125,226.1598
move,-285.27408,224.93745
move,-285.86844,223.77435
move,-286.51254,222.69334
move,-287.22922,221.64471
move,-288.03168,220.6446
move,-288.875,219.69446
move,-289.75598,218.7457
move,-290.6223,217.83298
move,-291.4984,216.89629
move,-292.33295,215.92258
move,-293.09805,214.89348
move,-293.79584,213.81764
move,-294.42007,212.67
move,-294.95856,211.46638
move,-295.38715,210.13104
move,-295.6211,208.76021
move,-295.6822,207.4317
move,-295.49762,206.07932
move,-295.06522,204.75807
move,-294.44153,203.50215
move,-293.66257,202.45631
move,-292.68042,201.67336
move,-291.44012,201.0489
move,-290.0913,200.66434
move,-288.85876,200.48462
move,-287.56717,200.39491
move,-286.26202,200.33026
move,-284.92197,200.24036
move,-283.6549,200.14497
move,-282.31564,200.04218
move,-281.06107,199.94415
move,-279.8306,199.84856
move,-278.61246,199.75005
move,-277.21396,199.63072
move,-275.82895,199.49783
move,-274.42093,199.35083
move,-273.03897,199.19055
move,-271.69815,198.87329
move,-270.43192,198.36043
move,-269.2198,197.67914
move,-268.1668,196.81075
move,-267.29935,195.75616
move,-266.587,194.61784
move,-265.88824,193.4568
move,-265.07562,192.40504
move,-264.0865,191.49779
move,-263.06848,190.67848
move,-262.0772,189.73978
move,-261.36557,188.60631
move,-260.9935,187.3449
move,-260.88443,186.00725
move,-260.9141,184.67686
move,-260.96957,183.34702
move,-261.00958,181.99243
move,-261.04584,180.64986
move,-261.07776,179.27087
move,-261.0902,177.92792
move,-261.10025,176.52448
move,-261.0959,175.14517
move,-261.05838,173.79056
move,-260.9844,172.57077
move,-260.8808,171.1467
move,-260.7677,169.90558
move,-260.62128,168.47305
move,-260.47934,167.11313
move,-260.32974,165.69324
move,-260.204,164.35608
move,-260.11252,162.97984
move,-260.09415,161.62491
move,-260.15186,160.29518
move,-260.2331,158.93028
move,-260.2977,157.6009
move,-260.34573,156.23447
move,-260.37506,154.91586
move,-260.37955,153.56078
move,-260.3584,152.22993
move,-260.3338,150.8749
move,-260.31577,149.53195
move,-260.3168,148.20084
move,-260.3188,146.83342
move,-260.32077,145.5265
move,-260.32452,144.14699
move,-260.32812,142.82799
move,-260.3255,141.52112
move,-260.31314,140.17805
move,-260.24155,138.84904
move,-260.08917,137.51485
move,-259.86404,136.1909
move,-259.51465,134.88277
move,-258.98508,133.66331
move,-258.24872,132.5575
move,-257.31195,131.6329
move,-256.18878,130.92331
move,-254.95949,130.44931
move,-253.65059,130.09892
move,-252.35973,129.77464
move,-251.0603,129.35037
move,-249.83995,128.79192
move,-248.73178,128.05698
move,-247.69809,127.18099
move,-246.71652,126.22934
move,-245.80605,125.25854
move,-244.8291,124.33951
move,-243.77405,123.50844
move,-242.71387,122.66432
move,-241.64594,121.83007
move,-240.53711,121.11884
move,-239.35062,120.63449
move,-238.03651,120.25826
move,-236.62291,119.9871
move,-235.26459,119.83402
move,-233.8628,119.77098
move,-232.4237,119.72919
move,-230.99712,119.67151
move,-229.6187,119.61827
move,-228.1919,119.56283
move,-226.78949,119.50602
move,-225.36292,119.447495
move,-223.93617,119.393036
move,-222.49669,119.35959
move,-221.06882,119.357475
move,-219.61674,119.3605
move,-218.17699,119.37409
move,-216.73724,119.396835
move,-215.50317,119.41636
move,-214.0392,119.43267
move,-212.57526,119.44289
move,-211.12332,119.45267
move,-209.6954,119.45874
move,-208.24338,119.4556
move,-206.80411,119.41498
move,-205.37842,119.3374
move,-203.96895,119.206375
move,-202.57977,119.00724
move,-201.23984,118.637474
move,-199.91101,118.18544
move,-198.61876,117.738884
move,-197.29443,117.27396
move,-196.04074,116.702644
move,-194.89867,115.93211
move,-193.90608,114.97603
move,-193.07584,113.87612
move,-192.36922,112.705894
move,-191.77821,111.46061
move,-191.34563,110.164085
move,-191.00516,108.81507
move,-190.72917,107.43902
move,-190.50375,106.065895
move,-190.28261,104.67982
move,-190.05295,103.258354
move,-189.77747,101.88226
move,-189.46217,100.63917
move,-188.99353,99.25287
move,-188.3383,97.946205
move,-187.41228,96.831474
move,-186.51576,95.965904
move,-185.57803,95.16368
move,-184.62817,94.3757
move,-183.64633,93.56941
move,-182.60184,92.80506
move,-181.55928,92.19173
move,-180.39417,91.62768
move,-179.26682,91.156265
move,-178.08423,90.72626
move,-176.87604,90.375984
move,-175.63963,90.143166
move,-174.3924,89.977325
move,-173.17487,89.87416
move,-171.94098,89.852646
move,-170.7069,89.86426
move,-169.46072,89.87582
move,-168.21455,89.88605
move,-166.98035,89.88697
move,-165.69809,89.85955
move,-164.45271,89.811874
move,-163.14685,89.76162
move,-161.88924,89.71827
move,-160.49849,89.674484
move,-159.11984,89.63024
move,-157.7049,89.584236
move,-156.32623,89.53941
move,-154.94756,89.49457
move,-153.56902,89.44562
move,-152.16891,89.34908
move,-150.8368,89.108025
move,-149.50049,88.64356
move,-148.2962,88.00036
move,-147.24242,87.15086
move,-146.25899,86.08356
move,-145.46388,85.108246
move,-144.53954,83.98885
move,-143.6475,83.13701
move,-142.6596,82.418526
move,-141.62448,81.74638
move,-140.52678,81.10735
move,-139.2348,80.530266
move,-138.06488,80.13868
move,-136.88062,79.894264
move,-135.44804,79.75384
move,-134.2272,79.69925
move,-132.99394,79.65147
move,-131.54332,79.5885
move,-130.32254,79.53175
move,-129.03032,79.45218
move,-127.58241,79.3438
move,-126.29235,79.23431
move,-124.83378,79.107765
move,-123.439064,78.95105
move,-122.03509,78.69278
move,-120.709175,78.31584
move,-119.37924,77.76474
move,-118.12747,77.1308
move,-116.93604,76.32427
move,-115.90372,75.37455
move,-114.943344,74.318214
move,-114.02035,73.26079
move,-113.13868,72.36395
move,-112.03132,71.502914
move,-110.8157,70.77865
move,-109.51059,70.20173
move,-108.35568,69.84222
move,-107.0678,69.559326
move,-105.75202,69.36029
move,-104.460976,69.26645
move,-103.130226,69.24778
move,-101.79954,69.27466
move,-100.46908,69.31214
move,-99.12618,69.33585
move,-97.867905,69.35544
move,-96.62172,69.37482
move,-95.39973,69.39384
move,-94.177734,69.410576
move,-92.907295,69.42412
move,-91.685234,69.42526
move,-90.46368,69.38933
move,-89.00038,69.34084
move,-87.77895,69.30038
move,-86.545815,69.25041
move,-85.31317,69.18875
move,-84.06913,69.114075
move,-82.82691,69.01377
move,-81.58807,68.87826
move,-80.35664,68.68769
move,-79.12973,68.40928
move,-77.93281,68.022675
move,-76.79465,67.51615
move,-75.7146,66.8723
move,-74.71099,66.056206
move,-73.867676,65.12421
move,-73.16873,64.04983
move,-72.61362,62.881413
move,-72.21018,61.65176
move,-71.89853,60.420113
move,-71.5979,59.1608
move,-71.272705,57.782967
move,-70.957664,56.4649
move,-70.574684,55.17801
move,-70.04697,53.944374
move,-69.31898,52.86352
move,-68.36847,52.044773
move,-67.22251,51.503284
move,-65.978485,51.196037
move,-64.74397,51.025826
move,-63.495464,50.868378
move,-62.224102,50.69919
move,-60.98585,50.475895
move,-59.73292,50.201855
move,-58.48203,49.918617
move,-57.248314,49.670887
move,-55.99741,49.448673
move,-54.739395,49.272053
move,-53.452,49.13488
move,-52.197166,49.040665
move,-50.94184,48.952744
move,-49.661037,48.889523
move,-48.403904,48.939182
move,-47.13664,49.02969
move,-45.869453,49.121357
move,-44.62504,49.188744
move,-43.36689,49.20929
move,-42.096504,49.2245
move,-40.81399,49.237698
move,-39.579906,49.22307
move,-38.32272,49.168827
move,-37.05511,49.08365
move,-35.803116,48.958073
move,-34.51844,48.797268
move,-33.231514,48.65597
move,-31.951733,48.57304
move,-30.633356,48.538296
move,-29.375046,48.547867
move,-28.093374,48.595615
move,-26.849226,48.66839
move,-25.59502,48.77093
move,-24.35209,48.862312
move,-23.108139,48.938416
move,-21.851442,49.003883
move,-20.594852,49.0713
move,-19.350695,49.14424
move,-18.118397,49.212837
move,-16.861868,49.281532
move,-15.592913,49.344074
move,-14.36036,49.40777
move,-13.128027,49.47562
move,-11.871407,49.542316
move,-10.625585,49.573864
move,-9.391394,49.5784
move,-8.13301,49.579727
move,-6.8158426,49.64133
move,-5.5166855,49.78168
move,-4.2619987,49.9802
move,-2.9336677,50.344402
move,-1.8743166,50.969555
move,-0.97987694,51.86767
move,-0.38831475,52.972443
move,-0.1305097,54.164513
move,-0.07718682,55.408947
move,-0.11944191,56.666542
move,-0.19011876,57.898712
move,-0.24073043,59.192398
move,-0.24862967,60.438564
move,-0.21040566,61.720547
move,-0.13641147,62.964596
move,-0.017918836,64.25381
move,0.123293325,65.50426
move,0.2380023,66.78171
move,0.31203997,68.08617
move,0.31151837,69.33243
move,0.3069504,70.61501
move,0.3123309,71.88546
move,0.33513233,73.167854
move,0.36332014,74.42592
move,0.45344016,75.70511
move,0.57618856,76.98181
move,0.63661534,78.27468
move,0.5944608,79.55647
move,0.4966771,80.84742
move,0.35248291,82.14618
move,0.18287657,83.44191
move,-0.008873485,84.7468
move,-0.18463396,86.0416
move,-0.29507148,87.36794
move,-0.376045,88.67218
move,-0.3084772,89.952225
move,-0.185303,91.24102
move,-0.06361242,92.529976
move,0.05617997,93.831276
move,0.17387848,95.12061
move,0.29354224,96.434074
move,0.46355268,97.72949
move,0.6699373,98.99522
move,1.0461671,100.232254
move,1.6543059,101.3588
move,2.485565,102.33235
move,3.456542,103.1881
move,4.492773,104.00404
move,5.510838,104.86045
move,6.416958,105.8503
move,7.110188,106.955986
move,7.656092,108.14283
move,8.134539,109.37184
move,8.557293,110.62091
move,8.8897505,111.92194
move,9.158927,113.28702
move,9.358064,114.62737
move,9.485134,115.98857
move,9.534313,117.29418
move,9.516498,118.56453
move,9.49888,119.847
move,9.484211,121.11738
move,9.469296,122.41195
move,9.509653,123.69369
move,9.581717,124.99846
move,9.675663,126.25331
move,9.824871,127.52708
move,10.086627,128.76936
move,10.502381,129.95667
move,11.018174,131.09065
move,11.662494,132.1849
move,12.412747,133.20995
move,13.22629,134.18561
move,14.24848,135.25026
move,15.127903,136.13335
move,16.008377,137.06561
move,16.760757,138.07294
move,17.39581,139.14479
move,17.92136,140.30092
move,18.350857,141.5091
move,18.666658,142.71442
move,18.898092,143.93892
move,19.076263,145.1479
move,19.250956,146.43085
move,19.419613,147.64128
move,19.643225,148.87947
move,19.940704,150.0771
move,20.396275,151.42952
move,20.949938,152.70561
move,21.665838,154.0098
move,22.420689,155.17844
move,23.248482,156.29663
move,24.160635,157.28108
move,25.243752,158.13258
move,26.383148,158.74507
move,27.571978,159.2251
move,28.786242,159.59749
move,30.03972,159.86772
move,31.295904,160.05699
move,32.5608,160.17502
move,33.84195,160.2324
move,35.160664,160.21967
move,36.43063,160.18327
move,37.748997,160.14574
move,39.043297,160.11418
move,40.32568,160.09103
move,41.65663,160.085
move,42.914658,160.11258
move,44.21794,160.20543
move,45.56995,160.4061
move,46.87062,160.73824
move,48.168285,161.32378
move,49.146633,162.26865
move,49.750286,163.38347
move,50.13254,164.78142
move,50.2671,166.02016
move,50.317173,167.36217
move,50.295246,168.70488
move,50.160206,170.10175
move,50.01777,171.4251
move,49.87238,172.78464
move,49.754574,174.1347
move,49.660946,175.45023
move,49.566425,176.7778
move,49.43925,178.10263
move,49.290894,179.38881
move,49.129665,180.71
move,48.97795,182.00797
move,48.846733,183.32028
move,48.750706,184.69624
move,48.71104,185.92986
move,48.66534,187.4175
move,48.62779,188.63904
move,48.58475,190.13887
move,48.56931,191.54236
move,48.57462,192.93388
move,48.598576,194.34946
move,48.619564,195.78923
move,48.619316,197.20503
move,48.538315,198.61711
move,48.198883,199.97755
move,47.677868,201.30551
move,46.938007,202.43822
move,45.996616,203.42798
move,44.908478,204.35219
move,43.89222,205.19284
move,42.84194,206.10487
move,41.961956,207.16472
move,41.304794,208.37544
move,40.83006,209.68242
move,40.500134,211.05844
move,40.28032,212.40776
move,40.120472,213.82649
move,39.98895,215.23608
move,39.88676,216.63594
move,39.770233,218.07109
move,39.660877,219.38545
move,39.556274,220.82144
move,39.52173,222.12766
move,39.522945,223.48296
move,39.52435,224.82616
move,39.525574,226.21776
move,39.504387,227.59695
move,39.370113,228.95702
move,39.108116,230.21167
move,38.59432,231.51553
move,37.84161,232.66891
move,37.00018,233.63603
move,36.086,234.50002
move,35.09122,235.32863
move,34.051365,236.1787
move,33.058365,236.9905
move,32.02191,237.8446
move,31.164392,238.82399
move,30.564383,240.03732
move,30.200703,241.31595
move,29.994884,242.59387
move,29.866085,243.96718
move,29.799454,245.24802
move,29.714441,246.58838
move,29.628834,247.94078
move,29.558388,249.3184
move,29.487532,250.73232
move,29.420212,252.0495
move,29.34735,253.45123
move,29.279045,254.81682
move,29.220167,256.19498
move,29.167837,257.63412
move,29.13024,259.01303
move,29.086143,260.3796
move,29.026148,261.794
move,28.970264,263.20862
move,28.930159,264.57532
move,28.873388,265.9655
move,28.72571,267.33685
move,28.51769,268.6391
move,28.154356,269.96875
move,27.60535,271.33807
move,27.015272,272.4355
move,26.286024,273.56268
move,25.472178,274.6308
move,24.627172,275.69028
move,23.790146,276.75607
move,22.971348,277.86606
move,22.207855,278.9708
move,21.53377,280.1731
move,21.022142,281.42764
move,20.613914,282.69406
move,20.324802,284.02975
move,20.165812,285.3388
move,20.026752,286.67468
move,19.845766,287.98087
move,19.506588,289.25443
move,19.018219,290.50513
move,18.443134,291.70523
move,17.781721,292.85983
move,16.9774,293.93436
move,16.031536,294.9375
move,14.945113,295.8437
move,13.844861,296.592
move,12.601608,297.2932
move,11.465568,297.83414
move,10.30911,298.29825
move,9.104232,298.70074
move,7.88901,299.07135
move,6.6731625,299.43985
move,5.4799547,299.7997
move,4.2350793,300.23193
move,3.1615326,300.94708
move,2.2909698,301.88577
move,1.6080091,302.98306
move,1.1554942,304.15533
move,0.8934497,305.42224
move,0.77184945,306.67453
move,0.6593579,307.9278
move,0.45442465,309.1815
move,0.22606519,310.43127
move,0.029604016,311.64963
move,-0.097822584,312.8649
move,-0.16877438,314.08496
move,-0.22579612,315.39047
move,-0.2596967,316.69684
move,-0.26024315,318.00363
move,-0.2523186,319.2742
move,-0.23157972,320.56863
move,-0.18957059,321.83838
move,-0.11734903,323.14316
move,-0.019870533,324.39777
move,0.09535947,325.66302
move,0.21220756,326.916
move,0.32038116,328.1454
move,0.4090149,329.40063
move,0.4588192,330.62155
move,0.45255628,331.84357
move,0.38326335,333.33
move,0.23052521,334.76154
move,-0.011138349,336.19293
move,-0.35359973,337.6039
move,-0.6847969,338.7802
move,-1.1518313,340.16742
move,-1.7217607,341.44965
move,-2.3706338,342.61124
move,-3.1371171,343.69858
move,-3.9827414,344.66217
move,-4.9701214,345.5536
move,-6.051402,346.32877
move,-7.1894593,346.9945
move,-8.386999,347.5746
move,-9.634078,348.07224
move,-10.828555,348.4264
move,-12.168378,348.69696
move,-13.39295,348.84875
move,-14.781595,348.9352
move,-16.136044,348.97998
move,-17.502707,349.02173
move,-18.869394,349.06253
move,-20.22383,349.10806
move,-21.55359,349.16492
move,-22.868576,349.26492
move,-24.192778,349.39914
move,-25.55021,349.56277
move,-26.866066,349.7625
move,-28.167587,350.0392
move,-29.421799,350.40564
move,-30.68315,350.86578
move,-31.86939,351.44077
move,-33.00111,352.11755
move,-34.155346,352.95667
move,-35.16777,353.92728
move,-36.07253,355.01544
move,-36.86077,356.2051
move,-37.524586,357.4278
move,-38.128937,358.70795
move,-38.68984,360.03387
move,-39.1225,361.36856
move,-39.445904,362.70935
move,-39.66792,364.08237
move,-39.68477,365.4955
move,-39.45977,366.8187
move,-39.07433,368.10425
move,-38.49191,369.29904
move,-37.68299,370.35416
move,-36.77861,371.34708
move,-35.837814,372.3724
move,-35.232414,373.03214
cluster,4107
move,-10,-352.5
move,-9.257859,-351.39264
move,-8.575968,-350.21652
move,-7.9203286,-349.05573
move,-7.1855383,-347.75772
move,-6.478223,-346.5967
move,-5.676857,-345.46646
move,-4.798202,-344.39462
move,-3.8864439,-343.38632
move,-2.9429204,-342.37112
move,-2.0146933,-341.37772
move,-1.060233,-340.35452
move,-0.1715281,-339.27484
move,0.5671818,-338.0591
move,0.9550995,-336.51694
move,1.0034041,-335.15897
move,0.92804635,-333.77527
move,0.80340195,-332.36844
move,0.6662587,-331.0159
move,0.57682973,-329.61978
move,0.5395795,-328.2343
move,0.56583476,-326.83554
move,0.65084237,-325.41263
move,0.8015303,-324.00842
move,0.996423,-322.5829
move,1.169333,-321.16776
move,1.3416167,-319.75266
move,1.4981472,-318.2842
move,1.4337895,-316.88666
move,1.381598,-315.48846
move,1.3414155,-314.01047
move,1.3039463,-312.6116
move,1.2647076,-311.10715
move,1.2094681,-309.6564
move,1.0031159,-308.126
move,0.8050896,-306.7142
move,0.56272,-305.26962
move,0.2257135,-303.93927
move,-0.22338806,-302.64252
move,-0.8553523,-301.29224
move,-1.5562015,-300.11234
move,-2.4068635,-298.8712
move,-3.2926102,-297.7209
move,-4.1986246,-296.6032
move,-5.103214,-295.5531
move,-6.0766225,-294.44034
move,-6.9978237,-293.28433
move,-7.8212614,-292.0738
move,-8.43949,-290.64673
move,-8.8102,-289.28455
move,-9.044945,-287.79877
move,-9.132723,-286.31003
move,-9.119884,-284.7923
move,-9.006048,-283.2788
move,-8.781693,-281.79144
move,-8.361768,-280.2794
move,-7.737314,-278.92642
move,-6.9843426,-277.7012
move,-6.060882,-276.4638
move,-5.1449227,-275.35422
move,-4.240737,-274.1684
move,-3.4531927,-272.93314
move,-2.7083023,-271.6258
move,-2.0382433,-270.2643
move,-1.5572662,-268.85373
move,-1.248463,-267.3411
move,-1.0290579,-265.90573
move,-0.85483134,-264.35822
move,-0.74532515,-262.85745
move,-0.6651521,-261.42087
move,-0.58278435,-259.9315
move,-0.4989582,-258.4157
move,-0.3706669,-256.09592
move,-0.2795492,-254.44833
move,-0.20665422,-253.13031
move,-0.13084316,-251.75957
move,-0.05284447,-250.3493
move,0.021509796,-249.00494
move,0.09333775,-247.70628
move,0.23845106,-247.08786
move,0.4591789,-246.0918
move,0.67387974,-245.04523
move,0.8816619,-244.01688
move,1.071487,-243.02426
move,1.206227,-242.02296
move,1.2676296,-241.00471
move,1.2965939,-239.94633
move,1.2945572,-238.97423
move,1.2479093,-237.95517
move,1.1508231,-236.92036
move,0.97580034,-235.92543
move,0.7133464,-234.9899
move,0.31127754,-234.05316
move,-0.18954602,-233.19838
move,-0.84017295,-232.42743
move,-1.6817982,-231.78807
move,-2.6032877,-231.37968
move,-3.5648642,-231.1886
move,-4.621438,-231.13092
move,-5.612799,-231.13564
move,-6.709904,-231.12045
move,-7.6912327,-231.09169
move,-8.758818,-231.0506
move,-9.912963,-231.00636
move,-11.028641,-230.96353
move,-12.048141,-230.92441
move,-13.038787,-230.88637
move,-14.067904,-230.84682
move,-15.058551,-230.80879
move,-16.07805,-230.76967
move,-17.059072,-230.73203
move,-18.030476,-230.69475
move,-19.011497,-230.6571
move,-19.158838,-230.65144
move,-20.043108,-230.60713
move,-21.092022,-230.586
move,-22.237162,-230.56308
move,-23.324585,-230.542
move,-24.412006,-230.521
move,-25.499323,-230.49545
move,-26.595816,-230.45488
move,-27.70127,-230.39891
move,-28.844988,-230.33736
move,-29.931194,-230.28183
move,-31.007788,-230.22675
move,-32.093987,-230.17113
move,-33.20885,-230.1109
move,-34.303516,-230.03642
move,-35.470943,-229.9112
move,-36.549023,-229.76749
move,-37.62336,-229.5993
move,-38.72256,-229.24887
move,-39.777008,-228.80307
move,-40.724693,-228.23274
move,-41.62626,-227.5273
move,-42.455975,-226.7379
move,-43.277145,-225.92569
move,-43.982777,-225.22934
move,-44.697155,-224.52814
move,-45.390087,-223.84633
move,-46.21887,-223.12817
move,-47.18657,-222.57565
move,-48.285725,-222.13683
move,-49.220398,-221.87099
move,-50.361134,-221.63725
move,-51.5457,-221.42676
move,-52.705368,-221.24289
move,-53.84041,-221.08936
move,-55.02145,-220.91743
move,-56.154972,-220.75314
move,-57.31026,-220.60628
move,-58.47783,-220.48132
move,-59.637363,-220.373
move,-60.80856,-220.28848
move,-61.961433,-220.21837
move,-63.1336,-220.14825
move,-64.305756,-220.0781
move,-65.4683,-220.00856
move,-66.640335,-219.93668
move,-68.04756,-219.82323
move,-69.519684,-219.60999
move,-70.94317,-219.18147
move,-72.28985,-218.50017
move,-73.4615,-217.56473
move,-74.47551,-216.50975
move,-75.41642,-215.35669
move,-76.30597,-214.14894
move,-77.07487,-212.8754
move,-77.64014,-211.75131
move,-78.09156,-210.61621
move,-78.462234,-209.27556
move,-78.71981,-207.84706
move,-78.895195,-206.45445
move,-79.043625,-205.03441
move,-79.17572,-203.72206
move,-79.31508,-202.33748
move,-79.4416,-201.01245
move,-79.5668,-199.61441
move,-79.68634,-198.26447
move,-79.810326,-196.89067
move,-79.94764,-195.6033
move,-80.12837,-194.2359
move,-80.354324,-192.93654
move,-80.63803,-191.6115
move,-81.01055,-190.32162
move,-81.47193,-189.06047
move,-82.02269,-187.83594
move,-82.675545,-186.70486
move,-83.503555,-185.60275
move,-84.50109,-184.56558
move,-85.60696,-183.6634
move,-86.83343,-182.84265
move,-88.10445,-182.16785
move,-89.254616,-181.72173
move,-90.563934,-181.37463
move,-91.803635,-181.15927
move,-93.04851,-180.97517
move,-94.39031,-180.78516
move,-95.71196,-180.62885
move,-97.10116,-180.55283
move,-98.45563,-180.50761
move,-99.858765,-180.47237
move,-101.22563,-180.43953
move,-102.616684,-180.40584
move,-104.018456,-180.3381
move,-105.40259,-180.19687
move,-106.7836,-179.94917
move,-108.10253,-179.59113
move,-109.38087,-179.0749
move,-110.56355,-178.43993
move,-111.642426,-177.6421
move,-112.556404,-176.72627
move,-113.41209,-175.69115
move,-114.215904,-174.6762
move,-115.02534,-173.65034
move,-115.92356,-172.65253
move,-116.96242,-171.78473
move,-118.223976,-171.0449
move,-119.425766,-170.60092
move,-120.77025,-170.36057
move,-122.12367,-170.29944
move,-123.515114,-170.28961
move,-124.87029,-170.28664
move,-126.27388,-170.28358
move,-127.65327,-170.2806
move,-129.05695,-170.27753
move,-130.41225,-170.27455
move,-131.80376,-170.26897
move,-133.195,-170.24344
move,-134.59818,-170.20866
move,-135.90173,-170.12074
move,-137.2331,-169.94435
move,-138.63522,-169.67673
move,-139.8321,-169.33101
move,-141.08452,-168.84665
move,-142.31021,-168.24182
move,-143.42403,-167.53645
move,-144.4799,-166.72673
move,-145.47078,-165.8036
move,-146.3151,-164.8069
move,-147.05753,-163.71771
move,-147.6809,-162.52888
move,-148.18085,-161.2698
move,-148.5762,-159.94865
move,-148.89561,-158.6317
move,-148.5762,-159.94865
move,-149.17145,-157.31729
move,-149.4271,-155.94954
move,-149.68053,-154.54436
move,-149.934,-153.13925
move,-150.23776,-151.80673
move,-150.69495,-150.4422
move,-151.30118,-149.2454
move,-152.03879,-148.16718
move,-152.88702,-147.12624
move,-153.77676,-146.18594
move,-154.72134,-145.283
move,-155.70047,-144.36363
move,-156.62993,-143.47983
move,-157.50941,-142.51425
move,-158.21509,-141.45934
move,-158.7591,-140.29913
move,-159.16116,-139.05655
move,-159.4489,-137.80673
move,-159.67406,-136.5443
move,-159.8163,-135.25764
move,-159.91681,-133.93045
move,-160.02228,-132.64005
move,-160.12482,-131.38583
move,-160.2231,-130.10704
move,-160.29247,-128.7658
move,-160.3301,-127.54424
move,-160.36708,-126.27425
move,-160.40445,-124.99215
move,-160.44182,-123.71006
move,-160.47917,-122.42797
move,-160.5202,-121.15816
move,-160.56647,-119.85216
move,-160.61533,-118.534164
move,-160.65605,-117.26432
move,-160.69608,-115.92183
move,-160.71254,-114.63933
move,-160.74149,-113.405556
move,-160.82419,-112.11358
move,-160.98651,-110.81725
move,-161.24884,-109.59926
move,-161.66008,-108.33436
move,-162.19464,-107.22276
move,-162.894,-106.10548
move,-163.68864,-105.114876
move,-164.62318,-104.15073
move,-165.57773,-103.24061
move,-166.53122,-102.31218
move,-167.39014,-101.29609
move,-168.17297,-100.235
move,-168.86981,-99.032135
move,-169.35449,-97.81928
move,-169.69882,-96.54686
move,-169.9174,-95.173
move,-170.03452,-93.82308
move,-170.0775,-92.517044
move,-170.10812,-91.186356
move,-170.13036,-89.75873
move,-170.16293,-88.42813
move,-170.19814,-87.03708
move,-170.22755,-85.658035
move,-170.2439,-84.32714
move,-170.23988,-82.9841
move,-170.2123,-81.713905
move,-170.18216,-80.35905
move,-170.15399,-79.08886
move,-170.12596,-77.70974
move,-170.12341,-76.45137
move,-170.12584,-75.156685
move,-170.13007,-73.8499
move,-170.13062,-72.50681
move,-170.15994,-71.273
move,-170.20755,-69.95497
move,-170.25134,-68.69733
move,-170.28761,-67.366844
move,-170.32962,-66.072845
move,-170.41698,-64.781204
move,-170.56815,-63.532127
move,-170.78711,-62.182537
move,-171.02965,-60.923218
move,-171.41292,-59.485813
move,-171.86108,-58.310467
move,-172.43672,-57.137657
move,-173.09021,-56.034428
move,-173.86076,-54.9647
move,-174.66504,-54.029068
move,-175.60013,-53.134655
move,-176.61418,-52.370407
move,-177.71046,-51.72966
move,-178.91956,-51.20412
move,-180.15334,-50.773674
move,-181.36853,-50.44778
move,-182.73395,-50.180317
move,-184.02866,-50.0045
move,-185.28136,-49.88485
move,-186.65773,-49.793697
move,-187.89008,-49.72708
move,-189.2312,-49.655598
move,-190.56024,-49.58476
move,-191.81717,-49.524418
move,-193.14684,-49.463516
move,-194.40402,-49.407032
move,-195.71048,-49.382133
move,-196.95668,-49.372734
move,-198.23929,-49.371616
move,-199.57011,-49.39228
move,-201.08199,-49.4363
move,-202.33986,-49.473087
move,-203.63403,-49.510956
move,-204.90404,-49.545055
move,-206.13812,-49.541943
move,-207.43109,-49.477665
move,-208.74075,-49.325462
move,-210.14067,-48.99318
move,-211.3432,-48.51632
move,-212.4417,-47.90353
move,-213.649,-47.07581
move,-214.77292,-46.13874
move,-215.64671,-45.21741
move,-216.42043,-44.195244
move,-217.08385,-43.112
move,-217.69185,-41.9418
move,-218.20267,-40.752388
move,-218.59894,-39.558453
move,-218.90057,-38.287342
move,-219.11868,-36.986824
move,-219.28506,-35.7029
move,-219.4444,-34.381477
move,-219.56116,-33.164974
move,-219.67874,-31.87562
move,-219.7971,-30.598505
move,-219.92236,-29.285566
move,-220.03941,-28.044773
move,-220.13403,-26.814207
move,-220.22675,-25.583492
move,-220.32,-24.2558
move,-220.36095,-22.877018
move,-220.40152,-21.401379
move,-220.42596,-20.167425
move,-220.45059,-18.751934
move,-220.47449,-17.372742
move,-220.4996,-15.93306
move,-220.51181,-14.529537
move,-220.49979,-13.1623
move,-220.4807,-11.783033
move,-220.46013,-10.391687
move,-220.4396,-9.00034
move,-220.41898,-7.6089935
move,-220.39784,-6.181351
move,-220.3777,-4.8263006
move,-220.36028,-3.4591162
move,-220.34386,-2.0314105
move,-220.32864,-0.6520953
move,-220.3018,0.75123316
move,-220.26993,2.1544712
move,-220.23744,3.5819016
move,-220.20973,4.803687
move,-220.17934,6.206957
move,-220.15797,7.4409733
move,-220.13345,8.856462
move,-220.11697,10.151052
move,-220.10687,11.603017
move,-220.09666,12.885569
move,-220.08415,14.22861
move,-220.07404,15.535365
move,-220.05743,16.890465
move,-220.05118,18.233538
move,-220.0528,19.637138
move,-220.05434,20.98024
move,-220.0566,22.347538
move,-220.07178,23.702644
move,-220.081,25.130379
move,-220.06947,26.606535
move,-220.06181,27.828611
move,-220.0548,29.050688
move,-220.04004,30.284798
move,-220.0166,31.53086
move,-219.9597,32.77576
move,-219.84232,34.004257
move,-219.68303,35.215893
move,-219.4354,36.658707
move,-219.15697,37.89824
move,-218.8089,39.094635
move,-218.32872,40.256786
move,-217.66554,41.35311
move,-216.8634,42.337227
move,-215.96033,43.15862
move,-214.99689,43.929947
move,-214.03363,44.70158
move,-213.12213,45.514973
move,-212.28842,46.407925
move,-211.45099,47.54749
move,-210.88426,48.656296
move,-210.38486,50.006203
move,-210.03065,51.37626
move,-209.82552,52.60545
move,-209.67702,53.84268
move,-209.6106,55.208214
move,-209.58987,56.68426
move,-209.57219,58.015133
move,-209.53526,59.285076
move,-209.47453,60.71158
move,-209.40782,61.943974
move,-209.3292,63.212032
move,-209.20753,64.67099
move,-209.04868,65.919205
move,-208.80096,67.16502
move,-208.47256,68.4047
move,-208.0677,69.57015
move,-207.53477,70.70953
move,-206.86674,71.84606
move,-206.0554,72.946205
move,-205.2632,73.892456
move,-204.35727,74.90028
move,-203.47125,75.87725
move,-202.70892,76.84651
move,-202.05333,77.93448
move,-201.45872,79.04329
move,-200.96655,80.18782
move,-200.56938,81.39425
move,-200.28441,82.60717
move,-200.08119,83.84893
move,-199.9159,85.09639
move,-199.74826,86.380226
move,-199.50946,87.82441
move,-199.20296,89.05718
move,-198.7046,90.418625
move,-198.11174,91.5285
move,-197.42601,92.82211
move,-196.85323,93.9153
move,-196.23396,94.982086
move,-195.41331,95.981026
move,-194.35344,96.93661
move,-193.34657,97.69071
move,-192.20215,98.39254
move,-191.06296,98.95424
move,-189.81233,99.44278
move,-188.62474,99.82027
move,-187.40913,100.09162
move,-186.15918,100.2349
move,-184.92691,100.30345
move,-183.65764,100.35954
move,-182.33968,100.4109
move,-181.0701,100.45944
move,-179.78862,100.51318
move,-178.32584,100.57484
move,-177.0571,100.641594
move,-175.83775,100.72366
move,-174.3899,100.833046
move,-172.94347,100.95987
move,-171.69223,101.09417
move,-170.3041,101.30065
move,-169.06035,101.558876
move,-167.70256,101.957275
move,-166.40709,102.524734
move,-165.32892,103.194336
move,-164.27943,104.14227
move,-163.44305,105.08195
move,-162.63521,106.199425
move,-161.92645,107.424324
move,-161.31497,108.740845
move,-160.80424,110.07399
move,-160.40425,111.30518
move,-160.09435,112.48717
move,-159.85178,113.75854
move,-159.69623,115.17765
move,-159.58807,116.52851
move,-159.4936,117.96531
move,-159.40567,119.37832
move,-159.32921,120.81616
move,-159.29951,122.231514
move,-159.2803,123.68337
move,-159.25656,124.91732
move,-159.22224,126.3205
move,-159.13066,127.58716
move,-158.87497,128.95432
move,-158.42711,130.43565
move,-157.80537,131.6369
move,-157.05998,132.60437
move,-156.06743,133.66231
move,-154.92621,134.51788
move,-153.74045,135.33478
move,-152.7384,136.07379
move,-152.05438,137.33615
move,-151.75414,138.58252
move,-151.4965,139.96231
move,-151.26608,141.19946
move,-150.99054,142.61272
move,-150.75241,143.81139
move,-150.50673,145.04552
move,-150.27,146.26907
move,-150.02484,147.54031
move,-149.77237,148.74829
move,-149.3985,150.08804
move,-148.92642,151.42258
move,-148.26527,152.69928
move,-147.42175,153.84938
move,-146.543,154.7328
move,-145.54323,155.68315
move,-144.42155,156.56418
move,-143.18344,157.32138
move,-141.91286,157.97235
move,-140.79842,158.47374
move,-139.44817,158.93466
move,-138.24156,159.19252
move,-137.00642,159.35751
move,-135.60596,159.44794
move,-134.17883,159.49127
move,-132.71527,159.53178
move,-131.34814,159.55228
move,-130.04147,159.5717
move,-128.81953,159.59315
move,-127.40404,159.61922
move,-126.02582,159.67517
move,-124.72841,159.8262
move,-123.40223,160.15765
move,-122.20363,160.49908
move,-121.03114,160.84369
move,-119.792885,161.22147
move,-118.668465,161.75064
move,-117.71304,162.53027
move,-116.83127,163.4106
move,-116.01658,164.36928
move,-115.22416,165.39311
move,-114.42575,166.36473
move,-113.4844,167.18011
move,-112.48202,167.87843
move,-111.371704,168.4947
move,-110.15723,169.0072
move,-108.995155,169.38446
move,-107.74773,169.6812
move,-106.31244,169.89601
move,-105.0575,169.989
move,-103.77709,170.0631
move,-102.32754,170.14711
move,-101.08334,170.21964
move,-99.82722,170.29543
move,-98.583954,170.38179
move,-97.36603,170.57793
move,-96.12994,170.8138
move,-94.70266,171.08058
move,-93.24565,171.31769
move,-91.79895,171.54276
move,-90.3734,171.81718
move,-89.19274,172.13177
move,-88.00127,172.57019
move,-86.72711,173.31033
move,-85.78489,174.08769
move,-84.90528,174.98672
move,-84.140854,175.95529
move,-83.42684,176.99136
move,-82.78013,178.04239
move,-82.19019,179.19437
move,-81.73753,180.35504
move,-81.39525,181.52794
move,-81.11086,182.77846
move,-80.8714,184.18594
move,-80.71954,185.4107
move,-80.58903,186.68672
move,-80.4392,188.10663
move,-80.2426,189.31252
move,-79.97712,190.78923
move,-79.7537,192.0399
move,-79.556564,193.30719
move,-79.376305,194.56477
move,-79.19775,195.81035
move,-78.99592,197.21152
move,-78.76197,198.66891
move,-78.44943,200.06172
move,-78.01148,201.47073
move,-77.42234,202.80988
move,-76.77688,203.86032
move,-75.99866,204.81697
move,-74.92413,205.81007
move,-73.93602,206.5891
move,-72.93917,207.2956
move,-71.85764,207.91335
move,-70.52385,208.48541
move,-69.130516,208.89134
move,-67.916336,209.10995
move,-66.54521,209.26
move,-65.09922,209.39186
move,-63.652866,209.51968
move,-62.253834,209.63272
move,-60.84231,209.74155
move,-59.623688,209.83363
move,-58.20078,209.95152
move,-56.74897,210.13806
move,-55.347427,210.41008
move,-54.16702,210.67557
move,-52.75969,211.03287
move,-51.578312,211.34572
move,-50.39694,211.65846
move,-48.995533,212.03821
move,-47.833748,212.48518
move,-46.698,213.24171
move,-45.717274,214.26003
move,-44.922043,215.41547
move,-44.161106,216.63783
move,-43.277897,217.77249
move,-42.167458,218.64616
move,-40.892117,219.31235
move,-39.54728,219.78941
move,-38.176834,220.08746
move,-36.790955,220.20735
move,-35.42406,220.23114
move,-34.044685,220.2207
move,-32.677406,220.20973
move,-31.346441,220.21008
move,-30.124447,220.22577
move,-28.720974,220.24457
move,-27.244907,220.26439
move,-25.926125,220.28195
move,-24.60734,220.29962
move,-23.24016,220.31793
move,-21.921375,220.33553
move,-20.529999,220.35411
move,-19.162819,220.37242
move,-17.856544,220.40707
move,-16.529222,220.5055
move,-15.143532,220.63185
move,-13.800237,220.81012
move,-12.437459,221.02357
move,-11.142298,221.27202
move,-9.822593,221.62747
move,-8.5220995,222.12108
move,-7.31327,222.70564
move,-6.1361012,223.42366
move,-5.0129685,224.24443
move,-4.0099463,225.13657
move,-3.097275,226.18565
move,-2.327297,227.31497
move,-1.6600609,228.49403
move,-1.0883826,229.74886
move,-0.6625661,231.00941
move,-0.330146,232.3105
move,-0.081569366,233.6056
move,0.065013774,234.91583
move,0.10344158,236.22185
move,0.08821214,237.52852
move,0.034911808,238.83415
move,-0.051550776,240.12592
move,-0.13627312,241.41786
move,-0.2080572,242.68634
move,-0.27545944,243.97931
move,-0.34054357,245.24814
move,-0.40747002,246.55322
move,-0.4667224,247.82236
move,-0.5183993,249.10394
move,-0.5662275,250.38565
move,-0.6053989,251.6556
move,-0.64459264,252.94965
move,-0.67089134,254.2803
move,-0.67974615,255.55067
move,-0.6889392,256.8696
move,-0.67974615,255.55067
move,-0.6916842,258.10385
move,-0.6699159,259.5556
move,-0.64725405,260.92258
move,-0.6293546,262.20496
move,-0.6267183,263.4513
move,-0.65884244,264.70923
move,-0.7319262,266.07443
move,-0.8710182,267.31277
move,-1.095312,268.61237
move,-1.4309781,269.86182
move,-1.9060519,271.00015
move,-2.54092,272.11356
move,-3.310278,273.15396
move,-4.2279654,274.11713
move,-5.2097106,274.97894
move,-6.273753,275.81824
move,-7.3150096,276.64728
move,-8.272838,277.6195
move,-8.967658,278.75232
move,-9.502422,279.9836
move,-9.896703,281.30478
move,-10.146096,282.58707
move,-10.289679,283.88583
move,-10.318289,285.20377
move,-10.213761,286.49377
move,-10.008543,287.79623
move,-9.663708,289.08078
move,-9.175872,290.20023
move,-8.471217,291.28394
move,-7.5582223,292.16473
move,-6.5367665,292.8988
move,-5.489762,293.5749
move,-4.4383893,294.26633
move,-3.4254696,295.03238
move,-2.4819438,295.95215
move,-1.7061322,296.9722
move,-1.0602986,298.05182
move,-0.52451724,299.1765
move,-0.13240261,300.34586
move,0.11989769,301.5535
move,0.28587717,302.9832
move,0.25651026,304.20425
move,0.14460124,305.43332
move,0.019099178,306.64886
move,-0.10227172,307.93787
move,-0.20396921,309.2527
move,-0.25796124,310.59467
move,-0.29737443,311.8645
move,-0.32507902,313.09845
move,-0.3158802,314.33273
move,-0.30326408,315.57913
move,-0.2911147,316.7892
move,-0.2764632,318.21713
move,-0.253064,319.63263
move,-0.21560936,321.02362
move,-0.15355073,322.38943
move,-0.063535325,323.76587
move,0.04946665,325.11636
move,0.14816912,326.46786
move,0.23791343,327.82007
move,0.32671478,329.13593
move,0.41997647,330.47574
move,0.45255947,331.8181
move,0.4242595,333.14883
move,0.38095966,334.4792
move,0.3182298,335.83292
move,0.23676859,337.19775
move,0.1523663,338.53812
move,0.06655387,339.90265
move,-0.017011259,341.23096
move,-0.10213761,342.59555
move,-0.18210971,343.94836
move,-0.2500046,345.30185
move,-0.29960832,346.644
move,-0.3249273,347.98682
move,-0.30543235,349.3297
move,-0.25632262,350.65976
move,-0.17443457,351.92752
move,-0.061041113,353.21722
move,0.0758457,354.50467
move,0.20174432,355.7932
move,0.32589418,357.06976
move,0.47262725,358.33173
move,0.6322907,359.6409
move,0.775292,360.98853
move,0.93354475,362.31003
move,1.1066016,363.56873
move,1.3043523,364.92166
move,1.4746543,366.2051
move,1.6398687,367.46484
move,1.8215978,368.77112
move,2.1011424,370.02155
move,2.6867785,371.1562
move,3.61473,372.1077
move,4.6525764,372.94095
move,5.68974,373.77502
move,6.6592846,374.66794
move,7.489189,375.70657
move,8.133823,376.88315
move,8.642415,378.16504
move,9.048966,379.34302
move,9.429044,380.60587
move,9.731753,381.9016
move,9.9265175,383.2424
move,10.023716,384.53336
move,10.096755,385.85028
move,10.166231,387.1673
cluster,726
move,365.5,40
move,364.35925,39.78087
move,363.0432,39.567944
move,361.66003,39.35756
move,360.21765,39.100876
move,358.92642,38.722218
move,357.67914,38.15429
move,356.5719,37.34535
move,355.53937,36.440666
move,354.56448,35.512306
move,353.5798,34.481667
move,352.58713,33.19846
move,351.80865,31.850101
move,351.29962,30.604435
move,350.9036,29.331549
move,350.54974,28.04623
move,350.21878,26.714025
move,349.9748,25.376669
move,349.8565,23.983189
move,349.84448,22.54615
move,349.84702,21.160145
move,349.8496,19.78734
move,349.82498,18.428009
move,349.76855,17.082829
move,349.6746,15.673602
move,349.53058,14.335174
move,349.29608,13.009612
move,348.95258,11.680825
move,348.512,10.353047
move,348.95258,11.680825
move,347.91003,8.873915
move,347.32266,7.6626854
move,346.6293,6.5247684
move,345.79883,5.4492087
move,344.68216,4.308271
move,343.6135,3.4266992
move,342.4736,2.7121103
move,341.02823,2.033895
move,339.73486,1.5362031
move,338.22644,1.0536735
move,336.9223,0.7195998
move,335.60614,0.4358914
move,334.27316,0.16828924
move,332.92798,-0.10577475
move,331.57236,-0.39451462
move,330.26532,-0.657057
move,328.76624,-0.8957589
move,327.41782,-1.0684794
move,325.91827,-1.1920221
move,324.54584,-1.211184
move,323.17456,-1.1500859
move,321.82208,-1.0124208
move,320.3985,-0.8049856
move,319.1001,-0.5669411
move,317.7065,-0.33855322
move,316.27597,-0.1850947
move,314.86896,-0.06303163
move,313.51068,-0.09888573
move,311.94073,-0.14441761
move,310.56787,-0.16067857
move,309.22144,-0.16402656
move,307.66486,-0.20857453
move,306.3089,-0.41326445
move,305.02237,-0.80751354
move,303.73422,-1.3524587
move,302.59143,-2.036709
move,301.4092,-3.1067672
move,300.6031,-4.1832724
move,299.90503,-5.6023936
move,299.50552,-6.9563313
move,299.15445,-8.324379
move,298.75943,-9.693957
move,298.24362,-11.007672
move,297.53958,-12.306898
move,296.76813,-13.473885
move,295.92136,-14.536955
move,294.95984,-15.4966
move,293.8508,-16.303364
move,292.41974,-17.096981
move,291.18567,-17.698292
move,289.94757,-18.259975
move,288.68478,-18.763174
move,287.38257,-19.152208
move,286.04013,-19.438238
move,284.73724,-19.649864
move,283.35635,-19.875397
move,281.8527,-20.163425
move,280.4438,-20.605434
move,279.24493,-21.215052
move,277.96494,-22.145182
move,276.96234,-23.082216
move,275.92075,-24.221928
move,274.8853,-25.455399
move,274.02737,-26.458416
move,273.0073,-27.49061
move,271.94824,-28.32035
move,270.7207,-29.016354
move,269.22818,-29.581758
move,267.9267,-29.925756
move,266.56808,-30.199018
move,265.2484,-30.387175
move,263.88113,-30.508432
move,262.43002,-30.552685
move,260.85956,-30.52452
move,259.4743,-30.475592
move,258.0363,-30.42421
move,256.67804,-30.360903
move,255.2542,-30.288792
move,253.84465,-30.199675
move,252.39723,-30.085176
move,251.00273,-29.971346
move,249.51422,-29.874557
move,248.1303,-29.799482
move,246.74461,-29.770805
move,245.30585,-29.768436
move,243.82938,-29.83899
move,242.46701,-30.00634
move,241.06084,-30.240524
move,239.75851,-30.576807
move,238.39151,-31.286007
move,237.28375,-32.201622
move,236.2432,-33.394493
move,235.41246,-34.5852
move,234.5569,-35.855045
move,233.66452,-37.065716
move,232.58795,-38.113674
move,231.33499,-38.918488
move,229.99286,-39.469677
move,228.46654,-39.890636
move,227.06166,-40.129936
move,225.56252,-40.257183
move,224.21107,-40.322582
move,222.78453,-40.3827
move,221.41806,-40.43172
move,220.05171,-40.482735
move,218.6493,-40.538597
move,217.28317,-40.59566
move,215.96602,-40.66301
move,214.61583,-40.778725
move,213.37822,-40.92491
move,212.1188,-41.164627
move,210.90556,-41.539433
move,209.69836,-42.096367
move,208.52885,-42.933666
move,207.58104,-43.797558
move,206.65085,-44.698135
move,205.72635,-45.587208
move,204.79039,-46.44619
move,203.80606,-47.229427
move,202.7179,-47.92996
move,201.53833,-48.518055
move,200.29236,-48.948116
move,198.94981,-49.263103
move,197.66852,-49.44649
move,196.30699,-49.571293
move,195.07796,-49.68416
move,193.82596,-49.811127
move,192.59721,-49.926678
move,191.29652,-50.052845
move,189.88672,-50.181305
move,188.62915,-50.20471
move,187.16547,-50.171074
move,185.73903,-50.10968
move,184.50607,-50.05418
move,183.07918,-50.00531
move,181.78548,-49.954945
move,180.50458,-49.888935
move,179.23573,-49.823944
move,177.94243,-49.76387
move,176.62395,-49.73116
move,175.38982,-49.741367
move,174.1075,-49.767982
move,172.81308,-49.79574
move,171.5672,-49.827423
move,170.26074,-49.856117
move,168.99043,-49.87731
move,167.70782,-49.883965
move,166.35257,-49.882584
move,165.13177,-49.830017
move,163.84306,-49.624744
move,162.6225,-49.101524
move,161.55946,-48.42921
move,160.6001,-47.600155
move,159.9012,-46.530197
move,159.51431,-45.298534
move,159.40837,-44.009403
move,159.48723,-42.596626
move,159.65178,-41.16616
move,159.78923,-39.927517
move,159.85458,-38.489418
move,159.81563,-37.110767
move,159.72684,-35.879795
move,159.58923,-34.507317
move,159.45973,-33.292095
move,159.30353,-31.945988
move,159.05362,-30.57753
move,158.69206,-29.221666
move,158.19818,-27.921736
move,157.54259,-26.7229
move,156.74521,-25.5984
move,155.81302,-24.582756
move,154.78593,-23.66284
move,153.75612,-22.899002
move,152.57669,-22.184765
move,151.28665,-21.545895
move,149.96727,-21.034378
move,148.57982,-20.650904
move,147.16696,-20.374317
move,145.78404,-20.134186
move,144.57997,-19.925093
move,143.3645,-19.711058
move,142.0951,-19.457466
move,140.70445,-19.042171
move,139.5606,-18.57959
move,138.46356,-17.990057
move,137.28557,-17.14319
move,136.26122,-16.184687
move,135.38228,-15.267244
move,134.51212,-14.375064
move,133.57843,-13.514136
move,132.58173,-12.766681
move,131.49507,-12.134324
move,130.31139,-11.675902
move,129.08145,-11.35937
move,127.855576,-11.134951
move,126.59148,-10.91806
move,125.35123,-10.705255
move,124.110466,-10.495481
move,122.830315,-10.302225
move,121.53384,-10.138797
move,120.25817,-10.005686
move,118.94613,-9.871332
move,121.53384,-10.138797
move,117.658165,-9.739434
move,116.32205,-9.602605
move,114.99798,-9.467009
move,113.6502,-9.325419
move,112.32967,-9.159178
move,110.993286,-8.87647
move,109.80862,-8.331331
move,108.800674,-7.662807
move,107.781815,-6.8078175
move,106.939545,-5.9227996
move,105.97715,-4.851763
move,105.10951,-3.9917095
move,103.953865,-3.1151533
move,102.88758,-2.4945202
move,101.59546,-1.9176637
move,100.23367,-1.4510463
move,98.84276,-1.1324555
move,97.41193,-0.9758709
move,95.97636,-0.8642217
move,94.5316,-0.7195877
move,93.06309,-0.56921494
move,91.654106,-0.4317034
move,90.197235,-0.286202
move,88.73874,-0.15969166
move,87.30118,-0.0774056
move,85.87526,-0.004767389
move,84.496826,0.04605147
move,83.09337,0.058379672
move,81.7145,0.020925619
move,80.3364,-0.038991783
move,78.91084,-0.118462615
move,77.54502,-0.18226618
move,76.14292,-0.24755733
move,74.741135,-0.31818852
move,73.35014,-0.35486463
move,71.947,-0.39009473
move,70.55751,-0.463172
move,69.1455,-0.56518227
move,67.710304,-0.68079966
move,66.4328,-0.7945821
move,65.18797,-0.8545987
move,63.95438,-0.89033043
move,62.466976,-0.84402895
move,61.028416,-0.7813287
move,59.601944,-0.7191576
move,58.16338,-0.6564551
move,56.93033,-0.602711
move,55.709362,-0.5494921
move,54.476112,-0.5008548
move,53.242725,-0.45652705
move,52.00934,-0.4121968
move,50.77595,-0.36786765
move,49.51838,-0.32267416
move,48.272804,-0.2805372
move,47.00282,-0.2441731
move,45.72048,-0.21894377
move,44.42605,-0.19370611
move,43.167908,-0.16917723
move,41.921867,-0.14488398
move,40.63953,-0.11988516
move,39.296707,-0.09370545
move,38.07486,-0.069885746
move,36.780426,-0.044650894
move,35.61907,-0.022009194
move,34.33673,0.0029896605
move,33.07859,0.027518973
move,31.832546,0.051811215
move,30.574387,0.07634355
move,29.279932,0.1015798
move,27.767706,0.13046263
move,26.315804,0.14720629
move,25.093725,0.15464133
move,23.85954,0.16081284
move,22.601156,0.16711049
move,21.330664,0.16961907
move,19.878803,0.14970753
move,18.644743,0.13122702
move,17.35026,0.10808617
move,15.922461,0.10641995
move,14.530955,0.10504752
move,13.296762,0.10173781
move,11.907512,0.027331937
move,10.484756,-0.09255511
move,9.027329,-0.23133832
move,7.648398,-0.41764694
move,6.21234,-0.632017
move,4.804626,-0.8706557
move,3.3615649,-1.117964
move,2.1119852,-1.3473417
move,0.9062356,-1.6106898
move,-0.57611614,-1.9669504
move,-1.9893135,-2.3923671
move,-3.3230786,-2.9011998
move,-4.420212,-3.4109402
move,-5.7067404,-4.157555
move,-6.808574,-5.0055337
move,-7.8402915,-6.0594373
move,-8.638577,-7.197284
move,-9.265471,-8.518035
move,-9.577776,-9.858143
move,-9.611973,-11.284195
move,-9.546886,-12.662054
move,-9.48441,-14.136874
move,-9.564583,-15.501104
move,-9.776441,-16.912554
move,-10.116307,-18.286396
move,-10.5791855,-19.637014
move,-11.01666,-20.894062
move,-11.501377,-22.120102
move,-12.137239,-23.218628
move,-12.969169,-24.318365
move,-13.964346,-25.39094
move,-14.984267,-26.245255
move,-16.148636,-27.027979
move,-17.22325,-27.60903
move,-18.50462,-28.150564
move,-19.819956,-28.604153
move,-21.194443,-28.989464
move,-22.585281,-29.251633
move,-23.997766,-29.460154
move,-25.410076,-29.669722
move,-26.815485,-29.977293
move,-28.107737,-30.600264
move,-29.034372,-31.606182
move,-29.58342,-32.931458
move,-29.7065,-34.324448
move,-29.611706,-35.712646
move,-29.505747,-37.148624
move,-29.484364,-38.563305
move,-29.588108,-39.975018
move,-29.741304,-41.443195
move,-29.957993,-42.829624
move,-30.35181,-44.187916
move,-30.874336,-45.304688
move,-31.760754,-46.46473
move,-32.76626,-47.23639
move,-34.0996,-47.86578
move,-35.3029,-48.230553
move,-36.724392,-48.453754
move,-38.13817,-48.518734
move,-39.55381,-48.50903
move,-40.77586,-48.4994
move,-42.22784,-48.506924
move,-43.667213,-48.543427
move,-45.06919,-48.610504
move,-46.494686,-48.691406
move,-47.930653,-48.797184
move,-49.362255,-48.951412
move,-50.769352,-49.10726
move,-52.200497,-49.26578
move,-53.59556,-49.420307
move,-55.03936,-49.574303
move,-56.43753,-49.697617
move,-57.873386,-49.805496
move,-59.285557,-49.905125
move,-60.516678,-49.991997
move,-61.904736,-50.089592
move,-63.340855,-50.193913
move,-64.77688,-50.29969
move,-66.22527,-50.40214
move,-67.66153,-50.50426
move,-69.07322,-50.610485
move,-70.5211,-50.719448
move,-71.956924,-50.827538
move,-73.40481,-50.93651
move,-74.8393,-51.060932
move,-76.26843,-51.23458
move,-77.41571,-51.633892
move,-78.34358,-52.766342
move,-78.61016,-54.163094
move,-78.64728,-55.614574
move,-78.67703,-57.05417
move,-78.75788,-58.491425
move,-79.001205,-59.89705
move,-80.06,-62.346172
move,-80.92989,-63.553814
move,-81.70574,-64.49797
move,-82.64061,-65.561035
move,-83.569405,-66.49651
move,-84.71839,-67.403435
move,-86.308495,-68.32772
move,-87.69749,-68.89461
move,-88.86216,-69.302605
move,-90.25353,-69.67086
move,-91.491974,-69.89342
move,-92.82234,-70.07761
move,-94.203354,-70.24794
move,-95.41875,-70.37568
move,-96.82766,-70.5141
move,-98.234535,-70.67103
move,-99.63297,-70.95478
move,-100.95921,-71.4746
move,-102.132706,-72.26247
move,-103.18174,-73.229965
move,-104.16051,-74.28583
move,-105.05605,-75.366196
move,-105.91967,-76.48796
move,-106.89893,-77.59113
move,-107.974174,-78.47235
move,-109.21023,-79.20819
move,-110.541626,-79.78623
move,-111.87553,-80.22105
move,-113.25116,-80.495186
move,-114.68445,-80.62952
move,-116.07507,-80.67356
move,-117.51486,-80.69134
move,-118.91835,-80.70865
move,-120.32184,-80.72595
move,-121.71323,-80.743126
move,-122.947334,-80.758354
move,-124.31453,-80.77525
move,-125.73012,-80.79275
move,-127.145706,-80.81023
move,-128.56128,-80.827705
move,-129.96478,-80.845055
move,-131.3804,-80.86255
move,-132.80812,-80.880196
move,-134.21165,-80.89752
move,-135.63933,-80.91607
move,-137.06543,-80.97728
move,-138.47997,-81.16794
move,-139.82198,-81.52806
move,-141.04762,-82.154625
move,-142.13588,-83.019516
move,-143.01932,-83.89812
move,-143.85396,-84.80728
move,-144.70105,-85.737915
move,-145.54907,-86.68392
move,-146.38515,-87.5916
move,-147.34111,-88.499565
move,-148.43579,-89.33744
move,-149.62077,-90.04187
move,-150.89696,-90.56155
move,-152.25514,-90.91265
move,-153.61636,-91.13465
move,-155.03224,-91.3185
move,-156.41277,-91.49285
move,-157.80531,-91.66869
move,-159.23315,-91.85447
move,-160.63876,-92.15825
move,-159.23315,-91.85447
move,-161.87563,-92.73306
move,-162.849,-93.48876
move,-163.71106,-94.354706
move,-164.6954,-95.38896
move,-165.6797,-96.42325
move,-166.54434,-97.28662
move,-167.67427,-98.2164
move,-168.72066,-98.869354
move,-169.86243,-99.397194
move,-171.24178,-99.848015
move,-172.60025,-100.1479
move,-173.81755,-100.35107
move,-175.05148,-100.5261
move,-176.27853,-100.6581
move,-177.52214,-100.73852
move,-178.7557,-100.77719
move,-180.02605,-100.798805
move,-181.28433,-100.81921
move,-182.59102,-100.8368
move,-183.87361,-100.82881
move,-185.13194,-100.81459
move,-186.41443,-100.7988
move,-187.67259,-100.77526
move,-188.93001,-100.7259
move,-190.24649,-100.64574
move,-191.50055,-100.541374
move,-192.71614,-100.41534
move,-193.97806,-100.26791
move,-195.2192,-100.156525
move,-196.48773,-100.08648
move,-197.7451,-100.035645
move,-199.02725,-100.00347
move,-200.29765,-99.98468
move,-201.58023,-99.976494
move,-202.887,-99.98745
move,-204.1814,-100.01572
move,-205.46373,-100.04097
move,-206.7946,-100.06383
move,-208.08917,-100.08151
move,-209.49265,-100.099846
move,-210.78699,-100.12845
move,-212.1414,-100.17396
move,-213.44681,-100.23404
move,-214.94513,-100.31295
move,-216.23773,-100.38654
move,-217.59042,-100.469765
move,-218.83487,-100.53854
move,-220.15253,-100.59551
move,-221.47041,-100.64623
move,-222.74022,-100.68839
move,-224.0342,-100.732376
move,-225.32765,-100.78821
move,-226.65604,-100.871216
move,-227.91165,-100.95473
move,-229.22762,-101.04214
move,-230.53163,-101.12767
move,-231.7753,-101.208694
move,-233.0908,-101.30281
move,-234.35672,-101.41017
move,-235.75514,-101.62646
move,-237.10675,-102.04341
move,-238.22847,-102.78904
move,-238.99817,-103.92691
move,-239.50607,-105.13047
move,-239.95914,-106.31743
move,-240.46477,-107.56126
move,-241.2352,-108.56068
move,-242.35588,-109.2445
move,-243.54376,-109.56888
move,-244.82306,-109.56432
move,-246.1234,-109.4345
move,-247.40381,-109.4118
move,-248.59096,-109.87973
move,-249.46085,-110.80868
move,-249.9265,-112.00797
move,-250.06908,-113.2696
move,-250.0623,-114.600044
move,-250.02557,-115.85794
move,-249.98708,-117.200485
move,-249.91779,-118.46903
move,-249.79742,-119.77021
move,-249.62927,-121.0905
move,-249.51497,-122.367744
move,-249.38545,-123.71669
move,-249.3011,-125.03255
move,-249.2923,-126.36326
move,-249.36229,-127.7287
move,-249.44872,-129.05692
move,-249.52818,-130.40979
move,-249.60948,-131.79884
move,-249.68683,-133.11542
move,-249.76874,-134.49237
move,-249.84138,-135.79709
move,-249.88086,-137.18802
move,-249.91298,-138.48232
move,-249.95866,-139.90933
move,-249.99246,-141.26404
move,-249.99971,-142.72821
move,-250.01257,-144.03493
move,-250.06969,-145.36452
move,-250.2671,-146.70415
move,-250.76572,-148.10153
move,-251.53127,-149.09436
move,-252.5538,-149.84245
move,-253.73425,-150.33781
move,-254.9637,-150.60152
move,-256.26303,-150.73877
move,-257.55582,-150.8083
move,-258.88565,-150.86417
move,-260.1269,-150.97256
move,-261.3455,-151.22438
move,-262.65674,-151.8913
move,-263.6086,-152.65639
move,-264.50235,-153.50737
move,-265.35248,-154.40169
move,-266.16492,-155.42485
move,-266.98495,-156.59352
move,-267.78314,-157.80641
move,-268.42838,-158.84422
move,-268.99243,-159.94122
move,-269.48126,-161.3196
move,-269.77582,-162.7039
move,-270.00702,-163.95317
move,-270.27243,-165.393
move,-270.45157,-166.61394
move,-270.58322,-167.82889
move,-270.71606,-169.05591
move,-270.92944,-170.30714
move,-271.37537,-171.49469
move,-271.99475,-172.56145
move,-272.75842,-173.57567
move,-273.76587,-174.53293
move,-274.8494,-175.28372
move,-276.044,-175.99742
move,-277.2336,-176.71931
move,-278.32007,-177.52576
move,-279.1547,-178.60046
move,-279.69617,-179.81433
move,-280.0476,-181.13452
move,-280.2754,-182.50699
move,-280.4202,-183.86649
move,-280.5338,-185.18042
move,-280.64218,-186.4341
move,-280.74796,-187.6638
move,-280.89545,-188.93759
move,-281.12823,-190.26027
move,-281.42233,-191.54567
move,-281.85703,-192.75133
move,-282.51334,-193.96268
move,-283.3288,-194.95044
move,-284.26328,-195.81061
move,-285.31085,-196.63086
move,-286.35092,-197.29472
move,-287.50842,-197.90067
move,-288.84177,-198.44269
move,-290.00665,-198.81154
move,-291.24957,-199.12741
move,-292.45642,-199.38548
move,-293.83765,-199.6348
move,-295.09323,-199.82861
move,-296.4584,-200.02583
move,-297.68912,-200.22171
move,-299.0458,-200.57635
move,-300.35333,-201.1455
move,-301.52774,-201.9533
move,-302.5883,-202.8902
move,-303.58264,-203.91484
move,-304.56073,-204.9384
move,-305.40512,-205.82202
move,-306.39154,-206.85442
move,-307.38614,-207.84436
move,-308.48987,-208.70961
move,-309.78305,-209.26445
move,-311.16904,-209.47711
move,-312.5832,-209.53693
move,-313.9622,-209.56015
move,-315.40076,-209.61113
move,-316.78836,-209.71492
move,-318.19962,-209.82715
move,-319.41708,-209.9332
move,-320.77914,-210.05339
move,-321.9833,-210.17212
move,-320.77914,-210.05339
move,-323.34354,-210.3106
move,-324.75412,-210.43156
move,-326.16403,-210.5605
move,-327.58658,-210.68297
move,-328.8302,-210.76476
move,-330.24295,-210.85437
move,-331.68985,-210.97598
move,-333.12198,-211.12553
move,-334.33478,-211.27667
move,-335.76202,-211.46805
move,-336.99683,-211.6371
move,-338.42044,-211.85297
move,-339.7666,-212.1503
move,-341.0663,-212.64407
move,-342.2266,-213.24348
move,-343.2663,-213.97223
move,-344.26328,-214.90678
move,-345.07498,-215.8201
move,-345.9394,-216.92572
move,-346.77023,-218.0866
move,-347.50507,-219.3103
move,-348.1451,-220.59984
move,-348.69507,-221.91716
move,-349.18253,-223.28471
move,-349.57733,-224.63136
move,-349.8824,-226.0136
move,-350.10437,-227.37491
move,-350.26144,-228.73299
move,-350.37076,-230.12016
move,-350.43845,-231.50995
move,-350.47797,-232.913
move,-350.50806,-234.29205
move,-350.53772,-235.65901
move,-350.5705,-237.00171
move,-350.66672,-238.35301
move,-350.89246,-239.7133
move,-351.2409,-240.97235
move,-351.6858,-242.2006
move,-352.29974,-243.38007
move,-353.0963,-244.44452
move,-354.06168,-245.37662
move,-355.0863,-246.14723
move,-356.2221,-246.86356
move,-357.39493,-247.49255
move,-358.58878,-248.05287
move,-359.7881,-248.54037
move,-360.99857,-248.9644
move,-362.2409,-249.32823
move,-363.50037,-249.62769
move,-364.737,-249.85956
move,-366.0704,-250.01654
move,-367.4368,-250.0306
move,-368.64755,-249.87132
move,-369.91895,-249.52393
move,-371.11087,-248.99188
move,-372.2276,-248.26913
move,-373.22528,-247.40764
move,-373.72766,-246.91763
cluster,3524
move,352.5,-9.999998
move,351.69574,-9.812889
move,350.47687,-9.563787
move,349.27917,-9.3183365
move,348.1086,-8.828517
move,347.25266,-8.148862
move,346.49643,-7.3742795
move,345.76855,-6.5149517
move,345.0588,-5.668418
move,344.38156,-4.8230715
move,343.69073,-3.9610322
move,342.82474,-3.0317554
move,341.88202,-2.360952
move,340.7396,-1.8195101
move,339.5201,-1.4871938
move,338.44095,-1.3079653
move,337.16885,-1.1130328
move,336.07074,-0.9174166
move,334.9717,-0.7269068
move,333.73154,-0.53625923
move,332.6146,-0.39324692
move,331.31107,-0.28228247
move,330.23004,-0.21347798
move,328.94443,-0.15387906
move,327.85117,-0.115089834
move,326.7469,-0.08509587
move,325.44937,-0.06314611
move,324.35535,-0.06234241
move,323.26166,-0.082873
move,322.19016,-0.12848823
move,321.0448,-0.19945358
move,319.93085,-0.2550795
move,318.8479,-0.28118762
move,317.55048,-0.30959728
move,316.42514,-0.3500441
move,315.34338,-0.40483797
move,314.1981,-0.47659582
move,313.09518,-0.54025096
move,311.9803,-0.5693881
move,310.8759,-0.58560264
move,309.73935,-0.6022879
move,308.62424,-0.6186565
move,307.38025,-0.63500524
move,306.20053,-0.6281766
move,304.96802,-0.58501786
move,303.85565,-0.50293803
move,302.74878,-0.36578304
move,301.51074,-0.108888306
move,300.30872,0.4033105
move,299.21103,1.0733942
move,298.13663,1.9394262
move,297.05185,3.0925975
move,296.0626,4.3124123
move,295.25284,5.3548822
move,294.15378,6.52671
move,293.05032,7.295982
move,291.8767,7.92712
move,290.38022,8.519552
move,288.87097,8.952461
move,287.4792,9.190423
move,285.9637,9.318057
move,284.72995,9.327829
move,283.4869,9.241731
move,282.2058,9.05551
move,280.78665,8.750287
move,279.58118,8.351582
move,278.30078,7.671587
move,277.31415,6.93057
move,276.38535,6.1363487
move,275.4637,5.315354
move,274.55573,4.4795456
move,273.64316,3.6487606
move,272.49994,2.7954803
move,271.4507,2.1937149
move,270.30203,1.6807454
move,268.91086,1.2266543
move,267.51962,0.9067587
move,266.10324,0.64769405
move,264.65433,0.43739587
move,263.2462,0.2922038
move,261.84464,0.21935612
move,260.62283,0.19430955
move,259.15903,0.16656874
move,257.71912,0.15247221
move,256.26697,0.14371951
move,254.81493,0.13619456
move,253.33861,0.13165015
move,251.89859,0.13558853
move,250.483,0.14471434
move,249.04326,0.15452741
move,247.56721,0.16394784
move,246.33301,0.16172104
move,244.846,0.10460763
move,243.62924,-0.00802075
move,242.26659,-0.21980114
move,240.92229,-0.57337254
move,239.67734,-1.1631577
move,238.52492,-1.9200581
move,237.45224,-2.7674801
move,236.44736,-3.6764016
move,235.49605,-4.674716
move,234.69148,-5.7340446
move,233.97217,-6.9108176
move,233.32231,-8.072357
move,232.67836,-9.305742
move,232.12758,-10.503942
move,231.64738,-11.744992
move,231.25247,-13.028483
move,230.95482,-14.350273
move,230.7547,-15.653715
move,230.62,-16.97785
move,230.50255,-18.291494
move,230.40132,-19.606497
move,230.29742,-20.98198
move,230.21307,-22.346645
move,230.13284,-23.687344
move,230.05544,-25.003965
move,230.01398,-26.382648
move,230.0166,-27.749933
move,230.00424,-29.165535
move,229.95766,-30.47146
move,229.85118,-31.846617
move,229.6843,-33.203617
move,229.46376,-34.528385
move,229.18915,-35.89244
move,228.88046,-37.22443
move,228.56175,-38.566486
move,228.25558,-39.94803
move,228.24152,-41.37283
move,228.3636,-42.783234
move,228.49033,-44.1568
move,228.57663,-45.375847
move,228.69301,-46.81097
move,228.85178,-48.20552
move,229.02032,-49.65986
move,229.18639,-50.8706
move,229.41045,-52.19484
move,229.66774,-53.476
move,230.0537,-54.86244
move,230.64058,-56.092903
move,231.60254,-57.108414
move,232.7857,-57.856445
move,234.14746,-58.35612
move,235.36777,-58.662113
move,236.7881,-58.89613
move,238.18626,-59.018192
move,239.64708,-59.1144
move,241.09584,-59.20977
move,242.37682,-59.274303
move,243.804,-59.312305
move,245.24344,-59.34065
move,246.46432,-59.39544
move,247.68524,-59.44905
move,249.13625,-59.504124
move,250.57515,-59.557835
move,252.00195,-59.610786
move,253.2599,-59.643482
move,254.68782,-59.644344
move,256.1277,-59.633347
move,257.56726,-59.61326
move,259.00684,-59.593174
move,260.41046,-59.58042
move,261.6323,-59.599792
move,263.0582,-59.67187
move,264.50452,-59.799934
move,265.71848,-59.94026
move,267.12686,-60.174046
move,268.32034,-60.43672
move,269.4976,-60.804745
move,270.65213,-61.333427
move,271.69806,-61.964264
move,272.68164,-62.68924
move,273.6431,-63.482136
move,274.69815,-64.46169
move,275.67273,-65.50461
move,276.5767,-66.640564
move,277.4029,-67.8196
move,278.14218,-69.04084
move,278.7726,-70.28094
move,279.28802,-71.57279
move,279.6673,-72.948524
move,279.9158,-74.30511
move,280.1169,-75.767494
move,280.2573,-77.188255
move,280.3034,-78.51821
move,280.29944,-79.8613
move,280.29205,-81.325386
move,280.28058,-82.7047
move,280.2019,-84.118004
move,280.07623,-85.33356
move,279.90405,-86.59228
move,279.70392,-87.785545
move,279.44098,-89.02837
move,279.0882,-90.210594
move,278.60934,-91.38702
move,277.9489,-92.69332
move,277.28516,-93.747185
move,276.4812,-94.681885
move,275.5481,-95.50708
move,274.52924,-96.26588
move,273.3345,-97.133
move,272.29373,-97.942566
move,271.34055,-98.98545
move,270.647,-100.297874
move,270.30658,-101.48286
move,270.13278,-102.75309
move,270.03076,-104.16507
move,269.9591,-105.385056
move,269.89102,-106.84756
move,269.84778,-108.28677
move,269.80988,-109.714066
move,269.77216,-111.16559
move,269.7404,-112.38728
move,269.7046,-113.766235
move,269.66748,-115.19357
move,269.63046,-116.6209
move,269.59406,-118.02405
move,269.56198,-119.257835
move,269.52603,-120.63679
move,269.48892,-122.06413
move,269.45178,-123.49147
move,269.4387,-124.71343
move,269.4697,-126.09247
move,269.5019,-127.33835
move,269.53275,-128.62057
move,269.53314,-130.01216
move,269.51926,-131.24628
move,269.4679,-132.64893
move,269.40738,-134.13597
move,269.27554,-135.56946
move,269.0246,-136.98691
move,268.76236,-138.1681
move,268.46942,-139.36702
move,268.03537,-140.76456
move,267.4934,-141.99265
move,266.78992,-143.20648
move,266.01624,-144.2589
move,265.17932,-145.19824
move,264.1503,-146.1697
move,262.9642,-147.0876
move,261.8028,-147.85368
move,260.4825,-148.61546
move,259.18323,-149.20583
move,257.84973,-149.64174
move,256.62134,-149.91312
move,255.23195,-150.10962
move,253.98874,-150.194
move,252.73055,-150.21346
move,251.25455,-150.1928
move,250.0331,-150.15271
move,248.7512,-150.10928
move,247.2516,-150.06012
move,245.81192,-150.04033
move,244.57822,-150.06937
move,243.34915,-150.17896
move,242.1032,-150.42337
move,240.92433,-150.82549
move,239.80048,-151.36255
move,238.76971,-152.03917
move,237.81638,-152.8599
move,236.93326,-153.73894
move,236.05804,-154.69304
move,235.22127,-155.61662
move,234.3563,-156.56363
move,233.4792,-157.44887
move,232.49396,-158.28778
move,231.45049,-158.94452
move,230.30196,-159.45702
move,229.1105,-159.86105
move,227.88594,-160.19928
move,226.65572,-160.46237
move,225.39577,-160.62347
move,224.1273,-160.69093
move,222.84476,-160.70271
move,221.62263,-160.70924
move,220.32791,-160.7162
move,219.04529,-160.72304
move,217.76266,-160.72992
move,216.46794,-160.73688
move,215.20961,-160.74509
move,213.86664,-160.75928
move,212.56024,-160.7906
move,211.23085,-160.85477
move,209.89323,-160.97339
move,208.64528,-161.20795
move,207.39192,-161.68347
move,206.14114,-162.46483
move,205.11855,-163.27791
move,204.13908,-164.2307
move,203.31212,-165.25719
move,202.61641,-166.36263
move,202.02565,-167.51425
move,201.52176,-168.70639
move,201.15225,-169.95909
move,200.88467,-171.31206
move,200.6857,-172.59135
move,200.50195,-173.83624
move,200.31357,-175.11719
move,200.1216,-176.42206
move,199.92685,-177.73872
move,199.69481,-179.01224
move,199.37181,-180.3033
move,198.95677,-181.56758
move,198.41675,-182.77017
move,197.70845,-183.95293
move,196.91313,-184.9582
move,195.99675,-185.88911
move,195.03844,-186.7042
move,193.96234,-187.4658
move,192.81078,-188.10768
move,191.61182,-188.68541
move,190.3931,-189.18903
move,189.07971,-189.60866
move,187.77983,-189.89326
move,186.4772,-190.0991
move,185.13028,-190.2477
move,183.74187,-190.33757
move,182.39914,-190.36641
move,181.01987,-190.38005
move,179.70088,-190.38179
move,178.34558,-190.37909
move,176.95398,-190.37633
move,175.64708,-190.37372
move,174.30388,-190.37163
move,172.9245,-190.38136
move,171.58247,-190.43118
move,170.18886,-190.59094
move,168.8751,-190.92009
move,167.60048,-191.37941
move,166.43077,-191.93307
move,165.22026,-192.64264
move,164.15111,-193.41396
move,163.16016,-194.31868
move,162.33904,-195.31808
move,161.63469,-196.46066
move,161.06593,-197.66342
move,160.61195,-198.93993
move,160.27356,-200.23932
move,160.03746,-201.61018
move,159.90411,-202.89789
move,159.80934,-204.32248
move,159.74373,-205.67613
move,159.70569,-206.90971
move,159.67471,-208.19202
move,159.64224,-209.5348
move,159.60863,-210.92598
move,159.57765,-212.20828
move,159.54492,-213.56317
move,159.50595,-214.8936
move,159.46678,-216.23615
move,159.4219,-217.66328
move,159.30962,-218.94052
move,159.0472,-220.25641
move,158.52516,-221.50378
move,157.7801,-222.59077
move,156.88919,-223.59467
move,155.92336,-224.45607
move,154.94704,-225.25
move,153.95096,-226.05795
move,152.94206,-226.90733
move,152.01404,-227.97394
move,151.38176,-229.07489
move,150.88928,-230.2192
move,150.5035,-231.46715
move,150.23059,-232.69527
move,150.04785,-233.98894
move,149.91609,-235.26466
move,149.81589,-236.55545
move,149.75279,-237.87274
move,149.72559,-239.2034
move,149.69969,-240.49774
move,149.67474,-241.74371
move,149.64793,-243.08646
move,149.62274,-244.34453
move,149.58952,-245.68713
move,149.54607,-246.95688
move,149.50098,-248.27501
move,149.45511,-249.61734
move,149.40637,-251.00798
move,149.3187,-252.3845
move,149.14777,-253.75307
move,148.89963,-255.04822
move,148.56078,-256.37256
move,148.12535,-257.69403
move,147.63718,-258.9711
move,147.13982,-260.1795
move,146.5846,-261.429
move,145.98708,-262.65872
move,145.30382,-263.8704
move,144.5003,-264.97556
move,143.5754,-265.94852
move,142.5755,-266.80807
move,141.47026,-267.59137
move,140.34769,-268.23566
move,139.07245,-268.82065
move,137.74838,-269.2855
move,136.4421,-269.64532
move,135.17554,-269.91266
move,133.87021,-270.09955
move,132.6037,-270.19608
move,131.35757,-270.19702
move,129.90636,-270.14926
move,128.6608,-270.1067
move,127.41519,-270.06433
move,126.12123,-270.01953
move,124.694496,-269.96463
move,123.38869,-269.91437
move,121.94992,-269.857
move,120.656204,-269.8067
move,119.20509,-269.75598
move,117.92306,-269.7188
move,116.70098,-269.7185
move,115.3945,-269.7463
move,114.14972,-269.80652
move,112.70451,-269.94363
move,111.46463,-270.1558
move,110.24155,-270.53555
move,109.15861,-271.14624
move,108.03657,-272.1022
move,107.11392,-273.15906
move,106.25813,-274.31683
move,105.51791,-275.34937
move,104.75156,-276.3623
move,103.69509,-277.37167
move,102.64209,-278.01144
move,101.4807,-278.4248
move,100.27071,-278.66495
move,99.03259,-278.80643
move,97.75531,-278.92303
move,96.284065,-279.04352
move,94.8582,-279.1176
move,93.40788,-279.1876
move,92.005905,-279.25522
move,90.5556,-279.3252
move,89.11738,-279.39456
move,87.690865,-279.45435
move,86.23981,-279.5058
move,84.82508,-279.55737
move,83.61588,-279.6014
move,82.15284,-279.65686
move,80.73763,-279.69275
move,79.273926,-279.7243
move,78.05194,-279.7382
move,76.58827,-279.70758
move,75.21126,-279.62704
move,73.765274,-279.49637
move,72.44751,-279.3101
move,71.0943,-279.0436
move,69.71335,-278.6819
move,68.352844,-278.249
move,67.04281,-277.74603
move,65.80438,-277.11298
move,64.61178,-276.3514
move,63.540127,-275.44708
move,62.619534,-274.40533
move,61.85664,-273.2006
move,61.28516,-271.9325
move,60.81837,-270.64743
move,60.45256,-269.2929
move,60.236782,-267.94327
move,60.130733,-266.55612
move,60.083115,-265.20178
move,60.02631,-263.81143
move,59.96947,-262.4211
move,59.921036,-261.03052
move,59.87821,-259.63977
move,59.831596,-258.16428
move,59.7758,-256.7497
move,59.715992,-255.29893
move,59.670883,-253.87184
move,59.632927,-252.43245
move,59.601997,-251.0534
move,59.604744,-249.80722
move,59.622005,-248.42801
move,59.630325,-246.98827
move,59.65538,-245.77855
move,59.713726,-244.37613
move,59.774593,-242.93742
move,59.832428,-241.57126
move,59.891155,-240.15675
move,59.940853,-238.74194
move,59.97342,-237.3508
move,59.969982,-235.97153
move,59.84412,-234.57462
move,59.515602,-233.19928
move,58.836254,-232.02116
move,57.80558,-231.05637
move,56.545757,-230.39482
move,55.150574,-230.10886
move,53.748135,-230.09248
move,52.44432,-230.18074
move,51.104324,-230.27145
move,49.858997,-230.3204
move,48.541534,-230.38182
move,47.20074,-230.46027
move,45.84807,-230.54236
move,44.566414,-230.5909
move,43.25985,-230.57866
move,41.90787,-230.48749
move,40.618523,-230.37003
move,39.343697,-230.2294
move,38.106018,-230.08319
move,36.817654,-229.95567
move,35.52641,-229.86133
move,34.259518,-229.7656
move,32.98084,-229.6655
move,31.70221,-229.56468
move,30.373917,-229.48021
move,29.105305,-229.41101
move,27.799845,-229.35204
move,26.505598,-229.31969
move,25.199001,-229.34218
move,23.856123,-229.36618
move,22.561476,-229.37651
move,21.278896,-229.38368
move,19.96003,-229.39218
move,18.617031,-229.4093
move,19.96003,-229.39218
move,17.358736,-229.42548
move,16.076244,-229.44193
move,14.781655,-229.45883
move,13.523407,-229.4782
move,12.2411785,-229.50871
move,10.959998,-229.56833
move,9.68085,-229.66144
move,8.416104,-229.86946
move,7.1736507,-230.2317
move,5.9737334,-230.77275
move,4.9303284,-231.57385
move,4.0109124,-232.53564
move,3.220233,-233.54427
move,2.6190186,-234.71542
move,2.2290955,-235.94931
move,1.92957,-237.24606
move,1.6414235,-238.63213
move,1.3911189,-239.96402
move,1.153344,-241.39635
move,1.0241624,-242.62334
move,0.9002349,-244.03352
move,0.76305604,-245.4426
move,0.64748544,-246.65929
move,0.5366112,-248.11908
move,0.47853988,-249.35187
move,0.43939954,-250.64587
move,0.41819745,-251.87997
move,0.3962531,-253.15034
move,0.36634547,-254.45677
move,0.2862697,-255.67607
move,0.17369479,-256.9537
move,0.058456246,-258.25543
move,-0.058861624,-259.58127
move,-0.18292728,-260.90646
move,-0.29939878,-262.24448
move,-0.41181964,-263.58273
move,-0.5310719,-264.9448
move,-0.69198936,-266.3633
move,-0.89047706,-267.64255
move,-1.1914958,-269.03784
move,-1.7276678,-270.5143
move,-2.377714,-271.7164
move,-3.158728,-272.79272
move,-4.126997,-273.75592
move,-5.197908,-274.56567
move,-6.338564,-275.34128
move,-7.3865027,-276.0999
move,-8.322417,-277.15875
move,-8.998739,-278.3177
move,-9.522581,-279.55402
move,-9.9655905,-280.91068
move,-10.269646,-282.2311
move,-10.43181,-283.55112
move,-10.4254465,-284.97827
move,-10.257951,-286.2855
move,-9.929108,-287.6243
move,-9.425937,-288.92056
move,-8.760797,-290.1417
move,-7.957024,-291.2312
move,-7.0608435,-292.1818
move,-6.066333,-293.10187
move,-5.0395446,-293.9677
move,-4.002563,-294.82123
move,-2.96011,-295.70547
move,-2.107137,-296.67566
move,-1.4936012,-297.79907
move,-1.0539243,-299.18112
move,-0.8127471,-300.40356
move,-0.65235484,-301.6759
move,-0.57396406,-302.89542
move,-0.5257924,-304.37076
move,-0.48558575,-305.84634
move,-0.4644517,-307.32236
move,-0.43542883,-308.78616
move,-0.39495984,-310.17703
move,-0.3366497,-311.5431
move,-0.2641371,-312.77515
move,-0.16025396,-313.99277
move,-0.012357445,-315.20578
move,0.18645768,-316.48502
move,0.39578944,-317.87292
move,0.557245,-319.09644
move,0.682281,-320.32428
move,0.78847736,-321.77237
move,0.8437875,-323.02957
move,0.856501,-324.4815
move,0.82191986,-325.70303
move,0.75322783,-327.21396
move,0.6903117,-328.604
move,0.6086539,-329.96872
move,0.4708324,-331.32904
move,0.30636257,-332.662
move,0.12448772,-334.01712
move,-0.05320424,-335.3484
move,-0.23577607,-336.71564
move,-0.42130253,-338.0582
move,-0.6598311,-339.4167
move,-1.0357476,-340.70508
move,-1.5342133,-341.92563
move,-2.1990118,-343.09113
move,-3.063235,-344.14844
move,-4.037476,-345.0363
move,-5.10469,-345.85147
move,-6.185625,-346.64865
move,-7.264893,-347.4873
move,-8.231772,-348.5664
move,-8.899198,-349.71603
move,-9.369998,-350.97247
move,-9.694113,-352.39963
move,-9.8892565,-353.7038
move,-10.0255995,-355.1614
move,-10.07242,-356.38235
move,-10.076525,-357.68918
move,-10.084404,-358.95975
move,-10.126065,-360.39905
move,-10.21483,-361.8363
move,-10.303145,-363.07944
move,-10.423965,-364.52652
move,-10.5466585,-365.79108
move,-10.679016,-367.04242
move,-10.804171,-368.52527
move,-10.864222,-369.7942
move,-10.869728,-370.03613
cluster,4457
move,-0.013369834,359.01755
move,-0.026037239,357.81644
move,-0.015405566,356.71185
move,0.0008541192,355.60733
move,0.044247247,354.40692
move,0.08213091,353.15274
move,0.11903928,351.91986
move,0.13946559,350.69745
move,0.14018358,349.47482
move,0.11572853,348.22028
move,0.0535028,346.98853
move,-0.044870786,345.76987
move,-0.1632323,344.53146
move,-0.28283864,343.30392
move,-0.39702293,342.0651
move,-0.46012893,340.83362
move,-0.4827706,339.58972
move,-0.49038795,338.3457
move,-0.46931016,337.08032
move,-0.41419953,335.85898
move,-0.3291612,334.7576
move,-0.21651371,333.5079
move,-0.1374654,332.43835
move,-0.068718836,331.34665
move,-0.030060532,330.09244
move,-0.021411477,328.827
move,-0.037677266,327.58304
move,-0.07889431,326.4899
move,-0.15451248,325.24817
move,-0.26362312,324.00888
move,-0.36720783,322.90906
move,-0.45801365,321.6682
move,-0.55855995,320.4282
move,-0.68535924,319.20135
move,-0.8151414,318.1043
move,-0.95973307,316.87955
move,-1.0272801,315.66986
move,-1.0006695,314.5872
move,-0.9327125,313.32343
move,-0.8659453,312.0811
move,-0.7985513,310.82803
move,-0.73361,309.5963
move,-0.67976016,308.49295
move,-0.6359683,307.2604
move,-0.6197745,306.17737
move,-0.6398507,304.93347
move,-0.6880949,303.69034
move,-0.7548037,302.5778
move,-0.8874251,301.01254
move,-1.0222142,299.67288
move,-1.220723,298.32864
move,-1.7322292,297.0469
move,-2.5699327,295.96384
move,-3.606046,295.08533
move,-4.700599,294.3244
move,-5.815256,293.56918
move,-6.914278,292.7479
move,-7.9445825,291.62067
move,-8.593875,290.45764
move,-9.170393,289.0398
move,-9.59146,287.56824
move,-9.853448,286.27475
move,-10.107392,284.72452
move,-10.333245,283.23688
move,-10.494682,281.67465
move,-10.603868,280.1474
move,-10.662717,278.80225
move,-10.693953,277.25815
move,-10.708285,275.9117
move,-10.725348,274.5521
move,-10.751193,273.2193
move,-10.866311,271.8654
move,-11.165768,270.32385
move,-11.573648,269.02795
move,-12.160271,267.81738
move,-13.052537,266.57648
move,-14.024536,265.66568
move,-15.183901,264.7484
move,-16.248543,263.9028
move,-17.215014,262.98605
move,-18.175291,261.81213
move,-18.931799,260.5142
move,-19.410671,259.13098
move,-19.750906,257.61157
move,-19.970991,256.12302
move,-20.174974,254.7923
move,-20.55858,253.29826
move,-21.22627,251.95277
move,-22.195852,250.77228
move,-23.418077,249.8341
move,-24.855328,249.28322
move,-26.22467,248.99612
move,-27.514248,248.57756
move,-28.536175,247.73439
move,-29.194946,246.47989
move,-29.53987,245.05756
move,-29.758575,243.68892
move,-29.96382,242.27817
move,-30.128468,240.87541
move,-30.229298,239.50645
move,-30.292007,238.06895
move,-30.35168,236.67097
move,-30.432198,235.27412
move,-30.560217,233.89421
move,-30.750431,232.45479
move,-30.965923,231.09901
move,-31.234621,229.75296
move,-31.622252,228.4509
move,-32.22612,227.10272
move,-32.931828,225.92581
move,-33.770233,224.85715
move,-34.74618,223.95905
move,-35.818413,223.17062
move,-36.817085,222.44548
move,-37.868412,221.57228
move,-38.714653,220.62775
move,-39.36409,219.55136
move,-39.876842,218.38966
move,-40.28418,217.18652
move,-40.61487,215.91005
move,-40.827168,214.64557
move,-40.937973,213.33163
move,-40.969177,212.07375
move,-40.959373,210.80334
move,-40.94764,209.5088
move,-40.93627,208.26262
move,-40.92681,206.99223
move,-40.923233,205.73373
move,-40.933636,204.35435
move,-40.98069,203.12117
move,-41.126648,201.8596
move,-41.503086,200.66211
move,-42.147526,199.55557
move,-42.967087,198.58626
move,-43.917828,197.70811
move,-44.88168,196.89911
move,-45.861496,196.09033
move,-46.837307,195.25803
move,-47.764977,194.33849
move,-48.514427,193.34459
move,-49.10968,192.15605
move,-49.50347,190.93619
move,-49.80658,189.7026
move,-50.037525,188.42888
move,-50.203487,187.14496
move,-50.326862,185.85614
move,-50.381847,184.58707
move,-50.38066,183.30438
move,-50.35347,182.03426
move,-50.288578,180.74124
move,-50.16592,179.44023
move,-50.03903,178.18819
move,-49.907574,176.93672
move,-49.784508,175.66011
move,-49.657932,174.34734
move,-49.524254,173.10826
move,-49.33889,171.82698
move,-49.08294,170.55804
move,-48.746338,169.34587
move,-48.281563,168.16402
move,-47.71776,167.0257
move,-47.07,165.9332
move,-46.303417,164.92102
move,-45.406315,164.02293
move,-44.380375,163.23427
move,-43.261944,162.46901
move,-42.400314,161.54767
move,-41.870686,160.30276
move,-41.527916,159.06715
move,-41.25366,157.82666
move,-41.026253,156.57674
move,-40.82277,155.27364
move,-40.669357,154.02477
move,-40.82277,155.27364
move,-40.56511,152.74649
move,-40.487724,151.45413
move,-40.434937,150.19685
move,-40.38953,148.90292
move,-40.356773,147.63284
move,-40.348885,146.3382
move,-40.399597,145.04466
move,-40.527874,143.7687
move,-40.740887,142.47961
move,-41.04038,141.23273
move,-41.439728,140.00163
move,-41.989815,138.76375
move,-42.600605,137.70586
move,-43.382652,136.66013
move,-44.29753,135.74556
move,-45.292053,134.9359
move,-46.319767,134.14848
move,-47.32126,133.3093
move,-48.23339,132.39177
move,-48.978794,131.35042
move,-49.522587,130.19048
move,-49.89046,128.93791
move,-50.066418,127.69286
move,-50.126347,126.41177
move,-50.130768,125.12934
move,-50.084373,123.823364
move,-50.027832,122.55415
move,-49.931908,121.27519
move,-49.819977,119.96103
move,-49.723255,118.70639
move,-49.62592,117.42752
move,-49.549496,116.13516
move,-49.507076,114.81697
move,-49.479378,113.53467
move,-49.461678,112.26437
move,-49.514687,110.95874
move,-49.58088,109.65364
move,-49.66207,108.325134
move,-49.74695,107.02106
move,-49.82013,105.77693
move,-49.885654,104.508125
move,-49.949364,103.215034
move,-50.012314,101.93403
move,-50.096718,100.65428
move,-50.221703,99.36567
move,-50.404724,98.08419
move,-50.69517,96.84785
move,-51.105656,95.607666
move,-51.65829,94.4513
move,-52.338615,93.364624
move,-53.131035,92.35702
move,-54.08377,91.46501
move,-55.130825,90.792244
move,-56.314323,90.33662
move,-57.585712,90.099594
move,-58.85356,90.02289
move,-60.160263,90.01403
move,-61.43057,90.03565
move,-62.676697,90.04502
move,-63.946987,90.022415
move,-65.265656,89.99785
move,-66.48746,89.97075
move,-67.75775,89.94543
move,-69.040146,89.91982
move,-70.31043,89.89447
move,-71.56861,89.8694
move,-72.8268,89.84431
move,-74.07301,89.83264
move,-75.3794,89.86156
move,-76.77564,89.996864
move,-78.009705,90.24092
move,-79.215294,90.60029
move,-80.40341,91.049576
move,-81.55625,91.58272
move,-82.65846,92.21369
move,-83.70524,92.95413
move,-84.66035,93.77286
move,-85.57624,94.72115
move,-86.379074,95.70556
move,-87.104935,96.762405
move,-87.72512,97.88457
move,-88.24794,99.12101
move,-88.65311,100.38862
move,-88.9691,101.59406
move,-89.2601,102.85564
move,-89.551834,104.12945
move,-89.84895,105.42688
move,-90.135254,106.677155
move,-90.435074,107.98637
move,-90.72335,109.236145
move,-91.02598,110.482506
move,-91.4118,111.755646
move,-91.916954,112.92068
move,-92.543045,114.03976
move,-93.282814,115.0867
move,-94.14914,116.03133
move,-95.12846,116.87693
move,-96.20166,117.599754
move,-97.396904,118.21087
move,-98.5755,118.68432
move,-99.81018,119.07303
move,-101.06729,119.382065
move,-102.36417,119.62118
move,-103.61248,119.77986
move,-104.90041,119.9115
move,-106.227165,120.01652
move,-107.472466,120.06461
move,-108.77885,120.09765
move,-110.061035,120.13005
move,-111.33112,120.162186
move,-112.6135,120.178955
move,-113.88339,120.13965
move,-115.20158,120.0959
move,-116.495575,120.05295
move,-117.753296,120.0112
move,-119.071526,119.96868
move,-120.317535,119.9425
move,-121.575905,119.93508
move,-122.82204,119.9518
move,-124.07819,120.02371
move,-125.41096,120.1878
move,-126.65711,120.43425
move,-127.90006,120.75006
move,-129.14372,121.18597
move,-130.31941,121.83175
move,-131.29314,122.60769
move,-132.19382,123.617874
move,-132.88219,124.62754
move,-133.64236,125.73455
move,-134.49666,126.72185
move,-135.43578,127.50223
move,-136.62581,128.2442
move,-137.74475,128.73347
move,-139.08578,129.1453
move,-140.4629,129.41426
move,-141.8555,129.58798
move,-143.25468,129.69806
move,-144.66927,129.75288
move,-145.89127,129.76682
move,-147.27075,129.76797
move,-148.49294,129.76903
move,-149.71512,129.77074
move,-151.15489,129.78752
move,-152.53395,129.81793
move,-153.90091,129.84807
move,-155.26785,129.87785
move,-156.61081,129.8986
move,-157.91753,129.91505
move,-159.21214,129.93063
move,-160.6398,129.94221
move,-161.862,129.94637
move,-163.10803,129.92267
move,-164.54716,129.87572
move,-165.82793,129.80794
move,-167.23865,129.69012
move,-168.44955,129.52692
move,-169.6607,129.23619
move,-170.85379,128.71147
move,-171.84329,127.99735
move,-172.74454,127.13731
move,-173.58678,126.235214
move,-174.48431,125.25236
move,-175.36505,124.28688
move,-176.2298,123.33961
move,-177.08183,122.43011
move,-177.98914,121.59486
move,-179.13086,120.868324
move,-180.2406,120.35787
move,-181.42142,119.960846
move,-182.71484,119.64906
move,-183.96158,119.482605
move,-185.32674,119.40725
move,-186.58421,119.35775
move,-187.9626,119.3035
move,-189.18372,119.253746
move,-190.40369,119.18205
move,-191.81003,119.02227
move,-193.23265,118.80023
move,-194.5592,118.472404
move,-195.71812,118.12459
move,-197.0836,117.70742
move,-198.24046,117.35268
move,-199.59401,116.93763
move,-200.76247,116.57938
move,-201.9238,116.199394
move,-203.03716,115.698
move,-204.2155,114.89604
move,-205.20079,113.88252
move,-205.8985,112.88025
move,-206.54625,111.636024
move,-207.00583,110.503914
move,-207.39793,109.32115
move,-207.74174,107.96063
move,-207.98325,106.76274
move,-208.18373,105.52041
move,-208.3747,104.1177
move,-208.54483,102.70006
move,-208.7136,101.29442
move,-208.86328,100.05713
move,-209.01544,98.83235
move,-209.17307,97.583885
move,-209.33331,96.34792
move,-209.49878,95.11269
move,-209.67322,93.903114
move,-209.88573,92.68746
move,-210.16977,91.48661
move,-210.56203,90.227615
move,-211.01317,89.00135
move,-211.5476,87.822685
move,-212.21562,86.68627
move,-212.95897,85.68645
move,-213.76036,84.76406
move,-214.7216,83.809265
move,-215.66338,82.97473
move,-216.65219,82.17717
move,-217.6557,81.458984
move,-218.69907,80.82322
move,-219.83185,80.24849
move,-220.9985,79.77788
move,-222.20871,79.391975
move,-223.46007,79.11296
move,-224.76558,78.92682
move,-226.03085,78.81355
move,-227.30037,78.764244
move,-228.57059,78.73945
move,-229.86522,78.73918
move,-231.20787,78.773
move,-232.44124,78.81966
move,-233.77115,78.87244
move,-234.99219,78.92384
move,-236.26193,78.968124
move,-237.49573,78.9984
move,-238.74188,79.016464
move,-240.08496,79.0224
move,-241.35548,79.017105
move,-242.69849,79.00153
move,-243.9324,78.97572
move,-245.20181,78.924675
move,-246.43921,78.78081
move,-247.65051,78.40992
move,-248.66682,77.66239
move,-249.38902,76.536446
move,-249.82512,75.369934
move,-250.11166,74.121216
move,-250.17719,72.87741
move,-250.17183,71.60693
move,-250.22972,70.30214
move,-250.61507,69.12406
move,-251.3476,68.08982
move,-252.27689,67.22579
move,-253.35136,66.50514
move,-254.42822,65.902214
move,-255.54875,65.27826
move,-256.6535,64.58106
move,-257.66245,63.752342
move,-258.46085,62.767517
move,-259.05347,61.6314
move,-259.51855,60.359627
move,-259.82056,59.088936
move,-259.96313,57.814915
move,-260.00217,56.50891
move,-259.9695,55.214638
move,-259.93558,53.920406
move,-259.90512,52.6624
move,-259.91003,51.355648
move,-259.92816,50.073177
move,-259.94724,48.802826
move,-259.96616,47.520367
move,-259.9815,46.225765
move,-259.98718,44.943176
move,-259.99158,43.64849
move,-259.99475,42.35381
move,-259.99774,41.083332
move,-259.9988,39.80075
move,-259.99942,38.51817
move,-260.00012,37.21139
move,-260.00885,35.928852
move,-260.03088,34.646423
move,-260.05573,33.35197
move,-260.08078,32.069637
move,-260.1067,30.775198
move,-260.15826,29.457373
move,-260.24985,28.129543
move,-260.35983,26.888119
move,-260.48438,25.575108
move,-260.61353,24.250381
move,-260.76178,22.976435
move,-260.98956,21.665318
move,-261.30103,20.408983
move,-261.7143,19.169651
move,-262.23764,17.972858
move,-262.89938,16.83281
move,-263.69833,15.769461
move,-264.59427,14.802088
move,-265.57666,13.886537
move,-266.62546,13.048274
move,-267.74927,12.313724
move,-268.93927,11.692234
move,-270.22366,11.157733
move,-271.4986,10.73611
move,-272.82037,10.386659
move,-274.1482,10.117371
move,-275.35907,9.952311
move,-276.72128,9.836914
move,-278.00226,9.772936
move,-279.30743,9.708375
move,-280.6247,9.642125
move,-281.9416,9.574044
move,-283.25848,9.506016
move,-284.55124,9.439431
move,-285.88028,9.368289
move,-287.19638,9.282981
move,-288.49454,9.13664
move,-289.77798,8.891782
move,-291.04144,8.517337
move,-292.17987,7.931804
move,-293.1612,7.05582
move,-293.97382,6.032975
move,-294.73444,4.9852653
move,-295.52673,3.915798
move,-296.36053,2.9420826
move,-297.3443,2.0657713
move,-298.4966,1.3559889
move,-299.65506,0.8663591
move,-300.9184,0.48921824
move,-302.2095,0.22246237
move,-303.50156,0.15119332
move,-304.83252,0.1622876
move,-306.13855,0.20655707
move,-307.46854,0.25648147
move,-308.79916,0.28802016
move,-310.118,0.27901834
move,-311.44833,0.23785056
move,-312.74286,0.22940786
move,-314.10992,0.25590035
move,-315.42813,0.29616246
move,-316.75867,0.3267955
move,-318.07727,0.34765238
move,-319.44464,0.357738
move,-320.7757,0.34966227
move,-322.1186,0.32905883
move,-323.49765,0.29635024
move,-324.88846,0.2542715
move,-326.31573,0.21452641
move,-327.68243,0.17507859
move,-329.12152,0.12589616
move,-330.5481,0.06658479
move,-331.96216,-0.00209147
move,-333.41187,-0.082778834
move,-334.6557,-0.16045855
move,-336.10483,-0.25146297
move,-337.48227,-0.32519525
move,-338.87207,-0.39434996
move,-340.2493,-0.47222406
move,-341.6135,-0.5645055
move,-343.0122,-0.68147576
move,-344.38516,-0.8138706
move,-345.75815,-0.9466119
move,-347.133,-1.0580776
move,-348.50903,-1.1534585
move,-349.88684,-1.2175646
move,-351.26587,-1.2487743
move,-352.6086,-1.2793163
move,-353.99936,-1.3251421
move,-352.6086,-1.2793163
move,-355.39035,-1.3602518
move,-356.76984,-1.3664033
move,-358.14896,-1.3375354
move,-359.516,-1.3025304
move,-360.89517,-1.267215
move,-362.00803,-1.2417051
cluster,1760
move,359.5,8.6426735E-07
move,359.13553,0.011505263
move,357.96664,0.0081706075
move,356.79807,-0.026436945
move,355.63,-0.07340259
move,354.45285,-0.15032826
move,353.28882,-0.25779885
move,352.12537,-0.37138292
move,350.9823,-0.4734228
move,349.8403,-0.586301
move,348.6789,-0.71993214
move,347.55185,-0.86937726
move,346.42517,-1.0212525
move,345.28284,-1.1234251
move,344.1569,-1.1049861
move,343.02072,-1.0652051
move,341.86398,-1.0060258
move,340.69748,-0.9289977
move,339.5752,-0.83629173
move,338.432,-0.73611903
move,337.26715,-0.636919
move,336.1535,-0.57605165
move,334.99548,-0.5525742
move,333.8479,-0.54518545
move,332.68954,-0.53772753
move,333.8479,-0.54518545
move,331.52048,-0.5302005
move,330.39435,-0.5229496
move,329.23602,-0.5154915
move,328.08844,-0.5081024
move,326.96234,-0.5008514
move,326.1486,-0.49561164
move,325.41837,-0.7114082
move,324.32056,-0.960703
move,323.16693,-1.1486518
move,322.0369,-1.2720901
move,320.88092,-1.3443828
move,319.75507,-1.3653563
move,318.61832,-1.3528045
move,317.47125,-1.3199376
move,316.3246,-1.2753333
move,315.19897,-1.2415783
move,314.05176,-1.2135317
move,312.9156,-1.1741393
move,311.69366,-1.1317909
move,310.51453,-1.0941769
move,309.39963,-1.0610032
move,308.25256,-1.0268762
move,307.09515,-0.9819401
move,305.9598,-0.9239406
move,304.82462,-0.865063
move,303.67868,-0.80564374
move,302.54346,-0.74677044
move,301.41895,-0.6884517
move,300.30515,-0.6306893
move,299.15872,-0.58047855
move,298.03284,-0.55975264
move,296.9067,-0.55327123
move,295.75925,-0.56968457
move,294.62558,-0.64639103
move,293.59787,-1.0445318
move,292.99344,-1.9844859
move,292.8915,-3.112608
move,292.992,-4.201628
move,293.11957,-5.4067206
move,293.17444,-6.531349
move,293.16086,-7.65725
move,293.0637,-8.8434515
move,292.91205,-9.940384
move,292.7571,-10.968264
move,292.6198,-11.9791975
move,292.51462,-12.984295
move,292.403,-14.027393
move,292.2808,-15.020904
move,292.157,-16.023918
move,292.02792,-17.113546
move,291.91437,-18.098396
move,291.8005,-19.102589
move,291.68698,-20.116503
move,291.5764,-21.179132
move,291.47498,-22.19433
move,291.3736,-23.209528
move,291.25903,-24.385363
move,291.13617,-25.674212
move,291.01456,-26.951027
move,290.8971,-28.264698
move,290.7845,-29.59093
move,290.67908,-30.881319
move,290.5669,-32.25615
move,290.45816,-33.546272
move,290.3624,-34.813145
move,290.27042,-36.10456
move,290.19434,-37.372787
move,290.12363,-38.617077
move,290.04413,-40.018406
move,289.95795,-41.26171
move,289.8642,-42.553005
move,289.77353,-43.82025
move,289.6713,-45.09877
move,289.54868,-46.387638
move,289.4101,-47.6627
move,289.2189,-48.979694
move,288.93643,-50.230392
move,288.5518,-51.440876
move,288.03986,-52.655785
move,287.38968,-53.787964
move,286.59238,-54.807102
move,285.6806,-55.77632
move,284.7248,-56.64906
move,283.71066,-57.453583
move,282.6324,-58.169086
move,281.47437,-58.773514
move,280.2839,-59.282085
move,279.0662,-59.721043
move,277.82034,-60.07236
move,276.58057,-60.349148
move,275.3112,-60.604008
move,274.0533,-60.85488
move,272.7842,-61.111473
move,271.54437,-61.388767
move,270.3139,-61.704895
move,269.0815,-62.06007
move,267.85703,-62.48026
move,266.69644,-62.995983
move,265.58423,-63.609386
move,264.52634,-64.33313
move,263.5614,-65.17696
move,262.71475,-66.1393
move,261.9858,-67.1646
move,261.3427,-68.2735
move,260.8322,-69.4626
move,260.45987,-70.67676
move,260.2079,-71.92154
move,260.03436,-73.2655
move,259.89673,-74.52855
move,259.7609,-75.80395
move,259.6209,-77.04238
move,259.48346,-78.31759
move,259.36627,-79.65559
move,259.23477,-81.07735
move,259.10263,-82.328766
move,259.01822,-83.60826
move,258.9827,-84.866135
move,258.95728,-86.19689
move,258.9299,-87.527596
move,258.9252,-88.83436
move,258.92722,-90.16534
move,258.927,-91.4963
move,258.907,-92.82715
move,258.92224,-94.14591
move,258.95966,-95.476364
move,259.01373,-96.80625
move,259.0973,-98.13458
move,259.21027,-99.46075
move,259.35953,-100.807625
move,259.58005,-102.120056
move,259.84616,-103.47355
move,260.05994,-104.799255
move,260.20688,-106.182846
move,260.27365,-107.49999
move,260.32602,-108.854164
move,260.37802,-110.22049
move,260.4234,-111.56283
move,260.45807,-112.92965
move,260.4753,-114.28474
move,260.4921,-115.61562
move,260.5091,-116.95861
move,260.52573,-118.3016
move,260.5393,-119.64463
move,260.53366,-120.975586
move,260.51932,-122.29437
move,260.50452,-123.63736
move,260.48932,-124.98035
move,260.4741,-126.335434
move,260.48932,-124.98035
move,260.45908,-127.66631
move,260.4438,-129.02144
move,260.4284,-130.38867
move,260.39706,-131.804
move,260.36655,-133.17097
move,260.35013,-134.63493
move,260.34262,-135.92953
move,260.33493,-137.24832
move,260.32767,-138.57921
move,260.32745,-139.88611
move,260.32745,-141.20512
move,260.32745,-142.52414
move,260.32745,-143.85526
move,260.319,-145.16208
move,260.30545,-146.46881
move,260.28726,-147.81178
move,260.26407,-149.13048
move,260.22504,-150.42456
move,260.16885,-151.75438
move,260.0835,-153.0584
move,259.97617,-154.34863
move,259.83444,-155.64766
move,259.65958,-156.93045
move,259.44235,-158.20671
move,259.16733,-159.4716
move,258.76364,-160.70084
move,258.19443,-161.84872
move,257.41293,-162.89317
move,256.46213,-163.733
move,255.38957,-164.43544
move,254.29977,-165.08849
move,253.20847,-165.80595
move,252.27025,-166.66046
move,251.49005,-167.69002
move,250.97437,-168.8742
move,250.67307,-170.1203
move,250.45355,-171.39618
move,250.24864,-172.65004
move,249.998,-173.93246
move,249.66922,-175.18451
move,249.21841,-176.39711
move,248.50237,-177.51363
move,247.5242,-178.35623
move,246.37253,-178.94186
move,245.10449,-179.30028
move,243.80447,-179.52075
move,242.4928,-179.65692
move,241.17725,-179.75034
move,239.8253,-179.8429
move,238.40103,-179.942
move,237.08627,-180.0464
move,235.73596,-180.16183
move,234.3742,-180.28477
move,233.0378,-180.41801
move,231.66867,-180.58499
move,230.34448,-180.80846
move,229.02147,-181.15025
move,227.7828,-181.66476
move,226.65501,-182.4548
move,225.67958,-183.37767
move,224.72914,-184.32661
move,223.76334,-185.32823
move,222.88892,-186.36295
move,222.1017,-187.48047
move,221.41873,-188.69159
move,220.92073,-189.938
move,220.53044,-191.2482
move,220.17255,-192.59283
move,219.8309,-193.91681
move,219.4732,-195.28659
move,219.0694,-196.6181
move,218.6138,-197.93289
move,218.1268,-199.23639
move,217.59912,-200.55003
move,216.99191,-201.80139
move,216.29393,-202.96288
move,215.51735,-204.14624
move,214.6168,-205.20499
move,213.58795,-206.12254
move,212.42401,-206.88225
move,211.17096,-207.48631
move,209.9038,-207.99974
move,208.58374,-208.47649
move,207.26358,-208.87575
move,205.92412,-209.20464
move,204.55313,-209.4408
move,203.16057,-209.61644
move,201.79158,-209.7852
move,200.38599,-209.95378
move,198.9897,-210.09737
move,197.57935,-210.22044
move,196.17897,-210.31519
move,194.75249,-210.37466
move,193.5185,-210.36641
move,192.08763,-210.21547
move,190.72252,-209.84601
move,189.42032,-209.26474
move,188.239,-208.48668
move,187.14665,-207.56828
move,186.18924,-206.52672
move,185.32216,-205.39262
move,184.47227,-204.2303
move,183.56558,-203.09683
move,182.55792,-202.06935
move,181.39429,-201.18317
move,180.13109,-200.49483
move,178.97478,-200.06615
move,177.56609,-199.77357
move,176.34924,-199.66513
move,174.89748,-199.65802
move,173.44617,-199.70177
move,172.21262,-199.7417
move,170.7613,-199.78569
move,169.2974,-199.81038
move,167.84555,-199.83363
move,166.6236,-199.85323
move,165.15965,-199.8769
move,163.7214,-199.9437
move,162.29933,-200.06969
move,160.8548,-200.21658
move,159.43436,-200.36101
move,158.23058,-200.48335
move,156.79813,-200.62979
move,155.3789,-200.78561
move,153.9488,-200.95334
move,152.49474,-201.1241
move,151.28036,-201.26064
move,149.85529,-201.5293
move,148.50755,-202.06252
move,147.48692,-202.73041
move,146.45972,-203.73729
move,145.68498,-204.66661
move,144.76611,-205.8065
move,143.81934,-206.92316
move,142.95839,-207.80653
move,141.77019,-208.63533
move,140.66,-209.1444
move,139.49991,-209.52727
move,138.27603,-209.81873
move,137.04393,-210.00337
move,135.74326,-210.12912
move,134.47624,-210.22202
move,133.25658,-210.29968
move,131.9281,-210.38312
move,130.49097,-210.47331
move,129.042,-210.56848
move,127.60556,-210.66882
move,126.182,-210.7784
move,124.74836,-210.91202
move,126.182,-210.7784
move,123.33284,-211.09808
move,121.93887,-211.3445
move,120.5727,-211.66545
move,119.20638,-212.0785
move,117.90838,-212.61118
move,116.66516,-213.26173
move,115.49081,-214.02925
move,114.39091,-214.9383
move,113.44788,-215.97601
move,112.690544,-217.14177
move,112.09438,-218.39827
move,111.596725,-219.72339
move,111.188194,-221.07861
move,110.86882,-222.4451
move,110.637024,-223.8047
move,110.44682,-225.19525
move,110.305244,-226.57942
move,110.231895,-227.98102
move,110.20592,-229.38437
move,110.1934,-230.78781
move,110.17689,-232.21542
move,110.11982,-233.60573
move,110.04008,-235.01912
move,109.94621,-236.4074
move,109.84564,-237.81952
move,109.74562,-239.21956
move,109.64634,-240.61964
move,109.55828,-241.99623
move,109.47519,-243.4094
move,109.39507,-244.79851
move,109.36528,-246.1774
move,109.35451,-247.56874
move,109.3457,-248.97221
move,109.34167,-250.3275
move,109.33925,-251.70702
move,109.337654,-253.11073
move,109.33613,-254.46605
move,109.334785,-255.70035
move,109.333275,-257.10394
move,109.331726,-258.49542
move,109.33022,-259.88687
move,109.32684,-261.29047
move,109.30705,-262.70602
move,109.253044,-264.10864
move,109.155106,-265.5209
move,108.998344,-266.9278
move,108.78036,-268.35098
move,108.473175,-269.7077
move,108.01574,-271.0339
move,107.44606,-272.3031
move,106.768074,-273.5592
move,105.9988,-274.7325
move,105.12028,-275.84222
move,104.15504,-276.8603
move,103.088356,-277.75287
move,101.93673,-278.5546
move,100.702515,-279.24655
move,99.37544,-279.77066
move,98.14263,-280.12302
move,96.894516,-280.3584
move,95.644875,-280.50525
move,94.35383,-280.6015
move,93.085304,-280.67215
move,91.816765,-280.74277
move,90.56039,-280.8141
move,89.29196,-280.88657
move,88.03509,-280.9477
move,86.76536,-280.99078
move,85.483215,-281.02502
move,84.21308,-281.05533
move,82.9308,-281.0823
move,81.63667,-281.12048
move,80.342575,-281.15997
move,79.108955,-281.19797
move,77.68157,-281.2323
move,76.25428,-281.27002
move,74.8151,-281.31485
move,73.387695,-281.34842
move,71.96003,-281.36374
move,70.5326,-281.3362
move,69.10721,-281.25616
move,67.68293,-281.15674
move,66.22217,-281.05853
move,64.82011,-280.9938
move,63.380802,-280.95255
move,62.122887,-280.97433
move,60.78326,-281.17233
move,59.43475,-281.5984
move,58.177643,-282.24664
move,57.046528,-283.03583
move,55.95074,-283.9125
move,54.884792,-284.84406
move,53.847073,-285.78912
move,52.81123,-286.73615
move,51.72271,-287.64072
move,50.565857,-288.43472
move,49.29842,-289.08856
move,47.976273,-289.5198
move,46.616005,-289.81113
move,45.237564,-289.99927
move,43.838314,-290.10825
move,42.45974,-290.15308
move,41.080383,-290.16498
move,39.676804,-290.1728
move,38.297424,-290.18317
move,36.918045,-290.19324
move,35.502365,-290.20218
move,34.147182,-290.20764
move,32.7678,-290.2131
move,31.36422,-290.21872
move,29.98484,-290.2242
move,28.605461,-290.2297
move,27.213982,-290.23523
move,25.834602,-290.24072
move,24.455223,-290.24622
move,23.051643,-290.25192
move,21.672834,-290.28873
move,20.331125,-290.34998
move,18.941095,-290.4141
move,17.587347,-290.4769
move,16.221512,-290.54028
move,14.843591,-290.6042
move,13.489187,-290.64923
move,12.098052,-290.68094
move,10.743168,-290.71033
move,9.388283,-290.73962
move,10.743168,-290.71033
move,7.9848156,-290.75177
move,6.653899,-290.7367
move,5.2745867,-290.7211
move,3.8469093,-290.70242
move,2.4798791,-290.6753
move,1.1128932,-290.646
move,-0.2541913,-290.62183
move,-1.6334044,-290.59906
move,-3.00052,-290.57654
move,-4.367636,-290.55402
move,-5.7589674,-290.53238
move,-7.1624126,-290.51132
move,-8.590054,-290.48984
move,-9.9451,-290.4695
move,-11.324347,-290.44882
move,-12.703592,-290.42816
move,-14.082837,-290.4075
move,-15.437894,-290.38766
move,-16.793047,-290.37723
move,-18.16034,-290.38
move,-19.527456,-290.4019
move,-20.882355,-290.43045
move,-22.2133,-290.43536
move,-23.56848,-290.42987
move,-24.935781,-290.42773
move,-26.278883,-290.426
move,-27.682484,-290.42426
move,-29.086086,-290.4224
move,-30.441288,-290.42075
move,-31.856989,-290.419
move,-33.21217,-290.41736
move,-34.56735,-290.4157
move,-35.99513,-290.414
move,-37.338207,-290.41238
move,-38.693386,-290.41068
move,-40.060665,-290.409
move,-41.427944,-290.40854
move,-42.771023,-290.40884
move,-44.1262,-290.40915
move,-45.46928,-290.40945
move,-46.82446,-290.40982
move,-48.167545,-290.4102
move,-49.510624,-290.4098
move,-50.853497,-290.38773
move,-52.1824,-290.31555
move,-53.517857,-290.17398
move,-54.838406,-290.00742
move,-56.134945,-289.8439
move,-57.45548,-289.67725
move,-58.820114,-289.47687
move,-60.043026,-289.23734
move,-61.354744,-288.89816
move,-62.634888,-288.41998
move,-63.84772,-287.7908
move,-64.85056,-287.07288
move,-65.82499,-286.20294
move,-66.6631,-285.29764
move,-67.421616,-284.2941
move,-68.114395,-283.1723
move,-68.70926,-281.9686
move,-69.17354,-280.74783
move,-69.501755,-279.4336
move,-69.6994,-278.09348
move,-69.78389,-276.77737
move,-69.85893,-275.40005
move,-69.93452,-274.0228
move,-70.03816,-272.67172
move,-70.17872,-271.28745
move,-70.427864,-269.98096
move,-70.92331,-268.68292
move,-71.62206,-267.53732
move,-72.45919,-266.4571
move,-73.41259,-265.49527
move,-74.4325,-264.60306
move,-75.50804,-263.7592
move,-76.62525,-263.01447
move,-77.82225,-262.3544
move,-79.08176,-261.79303
move,-80.36162,-261.34842
move,-81.68396,-261.00156
move,-83.00301,-260.74976
move,-84.35749,-260.5635
move,-85.70603,-260.43048
move,-87.05986,-260.37045
move,-88.40204,-260.32056
move,-89.7684,-260.2697
move,-91.134766,-260.21893
move,-92.46486,-260.16943
move,-93.75867,-260.12137
move,-95.08876,-260.07184
move,-96.39467,-260.02316
move,-97.70058,-259.97452
move,-99.006485,-259.92603
move,-100.30051,-259.88412
move,-101.619194,-259.86353
move,-102.92597,-259.85944
move,-104.184265,-259.8751
move,-105.47885,-259.89294
move,-106.73714,-259.91028
move,-108.055916,-259.92987
move,-109.30201,-259.9509
move,-110.66909,-259.9739
move,-111.95147,-259.99548
move,-113.22174,-260.01688
move,-114.492065,-260.03693
move,-115.761955,-260.01758
move,-117.099525,-259.89697
move,-118.37301,-259.74442
move,-119.61975,-259.57364
move,-120.86442,-259.38812
move,-122.23072,-259.19925
move,-123.49583,-259.08438
move,-124.82483,-259.01117
move,-126.10702,-258.98557
move,-127.485466,-259.03348
move,-128.70622,-259.0904
move,-129.9748,-259.1609
move,-131.2787,-259.2479
move,-132.56863,-259.3587
move,-133.85622,-259.49423
move,-135.12898,-259.65262
move,-136.42488,-259.8211
move,-137.72495,-259.95334
move,-139.05185,-260.0572
move,-140.4166,-260.1407
move,-141.72249,-260.18488
move,-143.06546,-260.1729
move,-144.4076,-260.12433
move,-145.7685,-259.9948
move,-147.08342,-259.79004
move,-148.4242,-259.46835
move,-149.72218,-259.0789
move,-150.99452,-258.64923
move,-152.20067,-258.11777
move,-153.39682,-257.40823
move,-154.43744,-256.61853
move,-155.44644,-255.7142
move,-156.3494,-254.75366
move,-157.15813,-253.6672
move,-157.81903,-252.51271
move,-158.37805,-251.25218
move,-158.78822,-249.96138
move,-159.0613,-248.62216
move,-159.22575,-247.25282
move,-159.3206,-245.88893
move,-159.35394,-244.52219
move,-159.32964,-243.16724
move,-159.3149,-241.7879
move,-159.30006,-240.39647
move,-159.29553,-239.01718
move,-159.31412,-237.62584
move,-159.33234,-236.25867
move,-159.35068,-234.87941
move,-159.37088,-233.47598
move,-159.40839,-232.12137
move,-159.46413,-230.74313
move,-159.53438,-229.30486
move,-159.60144,-227.93909
move,-159.66815,-226.65817
move,-159.77846,-225.36821
move,-159.93332,-224.05855
move,-160.18195,-222.73898
move,-160.48407,-221.46764
move,-160.8353,-220.18398
move,-161.2444,-218.93025
move,-161.71834,-217.68683
move,-162.27606,-216.51915
move,-162.96463,-215.33801
move,-163.68619,-214.27809
move,-164.56184,-213.22887
move,-165.4632,-212.33409
move,-166.46985,-211.50157
move,-165.4632,-212.33409
move,-167.53514,-210.78816
move,-168.69969,-210.17073
move,-169.89497,-209.70723
move,-171.17435,-209.34193
move,-172.4683,-209.08794
move,-173.75395,-208.93765
move,-175.11925,-208.86798
move,-176.37746,-208.88449
move,-177.65862,-208.94447
move,-178.96346,-209.01416
move,-180.24416,-209.08252
move,-181.5009,-209.14671
move,-182.78197,-209.20845
move,-184.05127,-209.26292
move,-185.30856,-209.31516
move,-186.65048,-209.37094
move,-187.91986,-209.42378
move,-189.18925,-209.4765
move,-190.53119,-209.5322
move,-191.7885,-209.5844
move,-193.05789,-209.63712
move,-194.33939,-209.69034
move,-195.60878,-209.74306
move,-196.91444,-209.79732
move,-198.18382,-209.84999
move,-199.47739,-209.9037
move,-200.77098,-209.95749
move,-202.04037,-210.01024
move,-203.32188,-210.06345
move,-204.63962,-210.1182
move,-206.02992,-210.17593
move,-207.34767,-210.23067
move,-208.67752,-210.28592
move,-210.05574,-210.34328
move,-211.39766,-210.3991
move,-212.72751,-210.45432
move,-214.02107,-210.50803
move,-215.363,-210.56374
move,-216.64449,-210.617
move,-217.96222,-210.6717
move,-219.29205,-210.72691
move,-220.56146,-210.77963
move,-221.85503,-210.83333
move,-223.17276,-210.88805
move,-224.46634,-210.94183
move,-225.77202,-210.99612
move,-227.08977,-211.05084
move,-228.4196,-211.10606
move,-229.73735,-211.16078
move,-231.05508,-211.21555
move,-232.40938,-211.26355
move,-233.70392,-211.2844
move,-235.03476,-211.30363
move,-236.38982,-211.32278
move,-237.68452,-211.32939
move,-239.03984,-211.32402
move,-240.35866,-211.3107
move,-241.76219,-211.29433
move,-243.09312,-211.27876
move,-244.44826,-211.26294
move,-245.75499,-211.24767
move,-247.13432,-211.23157
move,-248.52574,-211.2154
move,-249.89293,-211.19763
move,-251.28413,-211.17052
move,-252.62672,-211.13596
move,-253.99326,-211.08894
move,-255.4073,-211.02113
move,-256.78207,-210.91016
move,-258.15942,-210.71423
move,-259.53894,-210.39932
move,-260.81332,-209.941
move,-262.06134,-209.32687
move,-263.26938,-208.5671
move,-264.24033,-207.80605
move,-265.27832,-206.79195
move,-266.22577,-205.6141
move,-266.9235,-204.52406
move,-267.5361,-203.34296
move,-268.06265,-202.08153
move,-268.46686,-200.82646
move,-268.80624,-199.5021
move,-269.08548,-198.17606
move,-269.31555,-196.87746
move,-269.4614,-195.56686
move,-269.56522,-194.23999
move,-269.61935,-192.89812
move,-269.64078,-191.59142
move,-269.66193,-190.26057
move,-269.68344,-188.94183
move,-269.691,-187.59874
move,-269.67264,-186.2921
move,-269.62714,-184.96196
move,-269.5511,-183.64525
move,-269.47617,-182.3406
move,-269.45337,-180.98605
move,-269.46304,-179.67941
move,-269.494,-178.36093
move,-269.5378,-177.03065
move,-269.58124,-175.7125
move,-269.62436,-174.40642
move,-269.6665,-173.07607
move,-269.73734,-171.73482
move,-269.81314,-170.4424
move,-269.84625,-169.14813
move,-269.87872,-167.80544
move,-269.88916,-166.51079
move,-269.85165,-165.14406
move,-269.80682,-163.82594
move,-269.77682,-162.54372
move,-269.7523,-161.22516
move,-269.7183,-159.90678
move,-269.6515,-158.58961
move,-269.5697,-157.29752
move,-269.4357,-155.98558
move,-269.25366,-154.70383
move,-268.994,-153.41133
move,-268.5727,-152.21371
move,-267.93555,-151.04651
move,-267.17603,-149.99922
move,-266.2316,-148.9449
move,-265.3279,-148.01785
move,-264.39276,-147.03726
move,-263.5904,-146.03697
move,-262.8389,-144.95374
move,-262.1834,-143.7683
move,-261.61816,-142.52374
move,-261.18817,-141.29027
move,-260.8732,-140.10959
move,-260.6078,-138.83012
move,-260.38214,-137.51857
move,-260.21942,-136.28288
move,-260.03476,-135.06277
move,-260.21942,-136.28288
move,-259.73312,-133.85454
move,-259.2873,-132.69176
move,-258.65125,-131.6533
move,-257.6693,-130.89497
move,-256.53714,-130.44487
move,-255.30171,-130.20605
move,-253.88931,-129.99792
move,-252.47377,-129.81126
move,-251.24112,-129.62746
move,-250.04524,-129.37796
move,-248.86076,-128.9577
move,-247.79152,-128.36815
move,-246.78928,-127.62808
move,-245.7194,-126.68307
move,-244.88167,-125.79378
move,-244.11302,-124.813225
move,-243.30965,-123.61869
move,-242.68718,-122.53926
move,-242.14528,-121.44412
move,-241.66537,-120.29427
move,-241.264,-119.11456
move,-240.91557,-117.930626
move,-240.61462,-116.68405
move,-240.41322,-115.478905
move,-240.2876,-114.22694
move,-240.19913,-112.95954
move,-240.1223,-111.64289
move,-240.04056,-110.20532
move,-239.96503,-108.876465
move,-239.89252,-107.55956
move,-239.83847,-106.27808
move,-239.78212,-104.92406
move,-239.70775,-103.51033
move,-239.61768,-102.14602
move,-239.51927,-100.84295
move,-239.39151,-99.55463
move,-239.26184,-98.16929
move,-239.15907,-96.9151
move,-239.06662,-95.6601
move,-238.94519,-94.334694
move,-238.78662,-93.03758
move,-238.60536,-91.75566
move,-238.38194,-90.36998
move,-238.1434,-89.060524
move,-237.86484,-87.6725
move,-237.61548,-86.29133
move,-237.47655,-84.88341
move,-237.51349,-83.48087
move,-237.64978,-82.084145
move,-237.83203,-80.753525
move,-238.0797,-79.384315
move,-238.3468,-78.03105
move,-238.54254,-76.66577
move,-238.7172,-75.2731
move,-238.87628,-73.91512
move,-239.00989,-72.54222
move,-239.1525,-71.17025
move,-239.3047,-69.79928
move,-239.4532,-68.39141
move,-239.59354,-66.994835
move,-239.4532,-68.39141
move,-239.78806,-65.60509
move,-240.06323,-64.24132
move,-240.43307,-62.875057
move,-240.83746,-61.61974
move,-241.3659,-60.33306
move,-241.88783,-59.228107
move,-242.48929,-58.123104
move,-243.16682,-57.091743
move,-243.96059,-56.038803
move,-244.82617,-55.04409
move,-245.73657,-54.176308
move,-246.76324,-53.388393
move,-247.92206,-52.66464
move,-249.1385,-52.09656
move,-250.49614,-51.618515
move,-251.68205,-51.32468
move,-252.93114,-51.09318
move,-254.21394,-50.919014
move,-255.4564,-50.823303
move,-256.72614,-50.779556
move,-257.9966,-50.783554
move,-259.26678,-50.81169
move,-260.50067,-50.839466
move,-261.75876,-50.867783
move,-263.0047,-50.89583
move,-264.26282,-50.92415
move,-265.52106,-50.944256
move,-266.80377,-50.953648
move,-268.02597,-50.96257
move,-269.27213,-50.945606
move,-270.52908,-50.888077
move,-271.77304,-50.812336
move,-273.00217,-50.70097
move,-274.2537,-50.569874
move,-275.49033,-50.415455
move,-276.7304,-50.202057
move,-277.94247,-49.913464
move,-279.13367,-49.509117
move,-280.26245,-49.010803
move,-281.3367,-48.428596
move,-282.40588,-47.765133
move,-283.43066,-47.035378
move,-284.38312,-46.250774
move,-285.3045,-45.37658
move,-286.12863,-44.458225
move,-286.89093,-43.457626
move,-287.5652,-42.367203
move,-288.15228,-41.18645
move,-288.6128,-40.0417
move,-288.99704,-38.843735
move,-289.31232,-37.501225
move,-289.48972,-36.292282
move,-289.60263,-34.94194
move,-289.67188,-33.685486
move,-289.69818,-32.43947
move,-289.71945,-31.193342
move,-289.74078,-29.947226
move,-289.76382,-28.604324
move,-289.78656,-27.273523
move,-289.80603,-26.027378
move,-289.8215,-24.78117
move,-289.83804,-23.45027
move,-289.85376,-22.17986
move,-289.86917,-20.93365
move,-289.88577,-19.602743
move,-289.9018,-18.344442
move,-289.9208,-17.061983
move,-289.95724,-15.731583
move,-290.02963,-14.463145
move,-290.1058,-13.122209
move,-290.17456,-11.82933
move,-290.23193,-10.572262
move,-290.26965,-9.290219
move,-290.3059,-8.008136
move,-290.34586,-6.7261558
move,-290.39545,-5.444556
move,-290.5295,-4.1455503
move,-290.86853,-2.8851993
move,-291.46643,-1.727109
move,-292.36212,-0.7985149
move,-293.45554,-0.1572832
move,-294.72742,0.22479357
move,-295.9672,0.34136978
move,-297.27362,0.32372043
move,-298.60385,0.27528417
move,-300.01877,0.22375561
move,-301.2884,0.17661688
move,-302.59442,0.13148314
move,-303.88873,0.100316785
move,-305.18274,0.05840356
move,-306.4518,-0.0012407859
move,-307.744,-0.08139011
move,-309.03464,-0.18347286
move,-310.31088,-0.31039345
move,-311.6089,-0.461061
move,-312.8945,-0.61443204
move,-314.18033,-0.76520896
move,-315.46985,-0.88066083
move,-316.84378,-1.0033367
move,-318.1331,-1.1205678
move,-319.4615,-1.2023673
move,-320.80212,-1.2829033
move,-322.21405,-1.3860012
move,-323.54205,-1.4763753
move,-324.77505,-1.5284363
move,-326.0929,-1.4948062
move,-327.3917,-1.3520627
move,-328.6483,-1.1652514
move,-329.946,-0.93052167
move,-331.22122,-0.7071153
move,-332.52567,-0.5120253
move,-333.82306,-0.35563517
move,-335.11365,-0.25314733
move,-336.3949,-0.19630194
move,-337.7255,-0.16472441
move,-338.99496,-0.11834515
move,-340.32416,-0.048654832
move,-341.58188,-0.006467059
move,-342.88815,0.027180467
move,-344.15863,0.042290386
move,-345.47763,0.057069797
move,-346.77234,0.06429351
move,-348.04282,0.07118162
move,-349.30118,0.077999756
move,-350.58374,0.084950216
move,-351.87842,0.09196746
move,-353.1611,0.08437697
move,-354.2015,0.06890164
cluster,2654
move,56.19565,-0.5
move,55.203968,-0.468098
move,52.627895,-0.38855097
move,50.100174,-0.31119627
move,47.499886,-0.23161817
move,44.89972,-0.14812355
move,41.91186,-0.081006184
move,39.28694,-0.14592956
move,37.145916,-0.20121188
move,33.746914,-0.28897682
move,30.009241,-0.38548777
move,28.932968,-0.4132785
move,27.471142,-0.69275314
move,24.92382,-1.1573606
move,22.368258,-1.9735823
move,20.24143,-3.2844095
move,18.337545,-5.1229286
move,16.707281,-6.9763074
move,15.078543,-8.847161
move,13.481749,-10.681651
move,11.630904,-12.808351
move,9.825106,-14.796592
move,7.9866004,-16.671204
move,6.1382494,-18.553123
move,4.3831573,-20.340084
move,2.6348531,-22.118258
move,0.7081286,-23.936827
move,-1.2413728,-25.507854
move,-3.3378246,-27.147932
move,-5.2906528,-28.69697
move,-7.2434807,-30.24601
move,-7.547842,-30.487436

