move,-274.5124,364.96634
move,-274.2814,363.89368
move,-273.96008,362.79456
move,-273.59155,361.69998
move,-273.19485,360.6255
move,-272.8604,359.7127
move,-272.5125,358.7947
move,-272.16653,357.70355
move,-271.91553,356.75443
move,-271.61737,355.64856
move,-271.36682,354.71927
move,-271.0862,353.67844
move,-270.82065,352.6934
move,-270.5175,351.56894
move,-270.25943,350.61176
move,-270.0316,349.76666
move,-270.0241,349.37213
move,-270.02533,348.24603
move,-270.06894,347.28464
move,-270.14764,346.1419
move,-270.21854,344.99887
move,-270.25284,343.84442
move,-270.28983,342.72858
move,-270.37024,341.75027
move,-270.48013,340.70697
move,-270.61472,339.57913
move,-270.7545,338.45206
move,-270.9105,337.32712
move,-271.08823,336.18604
move,-271.27475,335.05597
move,-271.44894,333.9435
move,-271.5823,332.82532
move,-271.80255,331.72147
move,-272.1277,330.6438
move,-272.494,329.75394
move,-272.97678,328.7153
move,-273.4878,327.75537
move,-274.06607,326.77786
move,-274.658,325.81995
move,-275.29297,324.8901
move,-275.9857,324.0271
move,-276.65466,323.2826
move,-277.33557,322.5489
move,-278.10483,321.68735
move,-278.88867,320.80792
move,-279.7194,319.8788
move,-280.5575,318.9401
move,-281.46255,317.93134
move,-282.39447,316.86548
move,-283.35022,315.77225
move,-284.1545,314.85208
move,-285.07034,313.80438
move,-285.98615,312.75665
move,-286.92578,311.68158
move,-287.85742,310.61566
move,-288.5277,309.39035
move,-289.10565,308.11133
move,-289.56097,306.97736
move,-289.95883,305.6199
move,-290.20496,304.25055
move,-290.4339,302.82898
move,-290.60953,301.4365
move,-290.72638,300.2079
move,-290.83704,298.78445
move,-290.94586,297.34888
move,-291.0451,295.92474
move,-291.0687,294.50946
move,-291.05045,293.0454
move,-290.98813,291.6191
move,-290.8702,290.37848
move,-290.67123,288.96472
move,-290.48483,287.74472
move,-290.30115,286.52432
move,-290.13672,285.28888
move,-289.9975,283.89252
move,-289.9178,282.44266
move,-289.8526,280.9922
move,-289.85046,279.57648
move,-289.8741,278.13696
move,-289.89365,276.95148
move,-289.93616,275.53638
move,-289.98636,274.13345
move,-290.03775,272.6943
move,-290.08224,271.4486
move,-290.13373,270.00943
move,-290.18304,268.63074
move,-290.22733,267.39716
move,-290.2606,266.46988
move,-290.16864,266.22006
move,-289.72287,264.8007
move,-289.47897,263.37186
move,-289.3808,261.92322
move,-289.15863,260.55212
move,-288.7393,259.22662
move,-288.1215,257.9949
move,-287.36383,256.82806
move,-286.56897,255.6712
move,-285.77734,254.5268
move,-284.9969,253.3749
move,-284.30804,252.1806
move,-283.76572,251.00537
move,-283.341,249.80843
move,-283.0784,248.55397
move,-282.95422,247.27763
move,-282.91592,245.98361
move,-282.92102,244.71307
move,-282.956,243.43098
move,-283.01715,242.01663
move,-283.0827,240.79628
move,-283.1603,239.38264
move,-283.23923,237.94492
move,-283.3213,236.50735
move,-283.38742,235.34763
move,-283.47546,233.80133
move,-283.55005,232.49664
move,-283.62946,231.19228
move,-283.7588,229.91676
move,-284.02393,228.6376
move,-284.40045,227.34875
move,-284.8125,226.1598
move,-285.27408,224.93745
move,-285.86844,223.77435
move,-286.51254,222.69334
move,-287.22922,221.64471
move,-288.03168,220.6446
move,-288.875,219.69446
move,-289.75598,218.7457
move,-290.6223,217.83298
move,-291.4984,216.89629
move,-292.33295,215.92258
move,-293.09805,214.89348
move,-293.79584,213.81764
move,-294.42007,212.67
move,-294.95856,211.46638
move,-295.38715,210.13104
move,-295.6211,208.76021
move,-295.6822,207.4317
move,-295.49762,206.07932
move,-295.06522,204.75807
move,-294.44153,203.50215
move,-293.66257,202.45631
move,-292.68042,201.67336
move,-291.44012,201.0489
move,-290.0913,200.66434
move,-288.85876,200.48462
move,-287.56717,200.39491
move,-286.26202,200.33026
move,-284.92197,200.24036
move,-283.6549,200.14497
move,-282.31564,200.04218
move,-281.06107,199.94415
move,-279.8306,199.84856
move,-278.61246,199.75005
move,-277.21396,199.63072
move,-275.82895,199.49783
move,-274.42093,199.35083
move,-273.03897,199.19055
move,-271.69815,198.87329
move,-270.43192,198.36043
move,-269.2198,197.67914
move,-268.1668,196.81075
move,-267.29935,195.75616
move,-266.587,194.61784
move,-265.88824,193.4568
move,-265.07562,192.40504
move,-264.0865,191.49779
move,-263.06848,190.67848
move,-262.0772,189.73978
move,-261.36557,188.60631
move,-260.9935,187.3449
move,-260.88443,186.00725
move,-260.9141,184.67686
move,-260.96957,183.34702
move,-261.00958,181.99243
move,-261.04584,180.64986
move,-261.07776,179.27087
move,-261.0902,177.92792
move,-261.10025,176.52448
move,-261.0959,175.14517
move,-261.05838,173.79056
move,-260.9844,172.57077
move,-260.8808,171.1467
move,-260.7677,169.90558
move,-260.62128,168.47305
move,-260.47934,167.11313
move,-260.32974,165.69324
move,-260.204,164.35608
move,-260.11252,162.97984
move,-260.09415,161.62491
move,-260.15186,160.29518
move,-260.2331,158.93028
move,-260.2977,157.6009
move,-260.34573,156.23447
move,-260.37506,154.91586
move,-260.37955,153.56078
move,-260.3584,152.22993
move,-260.3338,150.8749
move,-260.31577,149.53195
move,-260.3168,148.20084
move,-260.3188,146.83342
move,-260.32077,145.5265
move,-260.32452,144.14699
move,-260.32812,142.82799
move,-260.3255,141.52112
move,-260.31314,140.17805
move,-260.24155,138.84904
move,-260.08917,137.51485
move,-259.86404,136.1909
move,-259.51465,134.88277
move,-258.98508,133.66331
move,-258.24872,132.5575
move,-257.31195,131.6329
move,-256.18878,130.92331
move,-254.95949,130.44931
move,-253.65059,130.09892
move,-252.35973,129.77464
move,-251.0603,129.35037
move,-249.83995,128.79192
move,-248.73178,128.05698
move,-247.69809,127.18099
move,-246.71652,126.22934
move,-245.80605,125.25854
move,-244.8291,124.33951
move,-243.77405,123.50844
move,-242.71387,122.66432
move,-241.64594,121.83007
move,-240.53711,121.11884
move,-239.35062,120.63449
move,-238.03651,120.25826
move,-236.62291,119.9871
move,-235.26459,119.83402
move,-233.8628,119.77098
move,-232.4237,119.72919
move,-230.99712,119.67151
move,-229.6187,119.61827
move,-228.1919,119.56283
move,-226.78949,119.50602
move,-225.36292,119.447495
move,-223.93617,119.393036
move,-222.49669,119.35959
move,-221.06882,119.357475
move,-219.61674,119.3605
move,-218.17699,119.37409
move,-216.73724,119.396835
move,-215.50317,119.41636
move,-214.0392,119.43267
move,-212.57526,119.44289
move,-211.12332,119.45267
move,-209.6954,119.45874
move,-208.24338,119.4556
move,-206.80411,119.41498
move,-205.37842,119.3374
move,-203.96895,119.206375
move,-202.57977,119.00724
move,-201.23984,118.637474
move,-199.91101,118.18544
move,-198.61876,117.738884
move,-197.29443,117.27396
move,-196.04074,116.702644
move,-194.89867,115.93211
move,-193.90608,114.97603
move,-193.07584,113.87612
move,-192.36922,112.705894
move,-191.77821,111.46061
move,-191.34563,110.164085
move,-191.00516,108.81507
move,-190.72917,107.43902
move,-190.50375,106.065895
move,-190.28261,104.67982
move,-190.05295,103.258354
move,-189.77747,101.88226
move,-189.46217,100.63917
move,-188.99353,99.25287
move,-188.3383,97.946205
move,-187.41228,96.831474
move,-186.51576,95.965904
move,-185.57803,95.16368
move,-184.62817,94.3757
move,-183.64633,93.56941
move,-182.60184,92.80506
move,-181.55928,92.19173
move,-180.39417,91.62768
move,-179.26682,91.156265
move,-178.08423,90.72626
move,-176.87604,90.375984
move,-175.63963,90.143166
move,-174.3924,89.977325
move,-173.17487,89.87416
move,-171.94098,89.852646
move,-170.7069,89.86426
move,-169.46072,89.87582
move,-168.21455,89.88605
move,-166.98035,89.88697
move,-165.69809,89.85955
move,-164.45271,89.811874
move,-163.14685,89.76162
move,-161.88924,89.71827
move,-160.49849,89.674484
move,-159.11984,89.63024
move,-157.7049,89.584236
move,-156.32623,89.53941
move,-154.94756,89.49457
move,-153.56902,89.44562
move,-152.16891,89.34908
move,-150.8368,89.108025
move,-149.50049,88.64356
move,-148.2962,88.00036
move,-147.24242,87.15086
move,-146.25899,86.08356
move,-145.46388,85.108246
move,-144.53954,83.98885
move,-143.6475,83.13701
move,-142.6596,82.418526
move,-141.62448,81.74638
move,-140.52678,81.10735
move,-139.2348,80.530266
move,-138.06488,80.13868
move,-136.88062,79.894264
move,-135.44804,79.75384
move,-134.2272,79.69925
move,-132.99394,79.65147
move,-131.54332,79.5885
move,-130.32254,79.53175
move,-129.03032,79.45218
move,-127.58241,79.3438
move,-126.29235,79.23431
move,-124.83378,79.107765
move,-123.439064,78.95105
move,-122.03509,78.69278
move,-120.709175,78.31584
move,-119.37924,77.76474
move,-118.12747,77.1308
move,-116.93604,76.32427
move,-115.90372,75.37455
move,-114.943344,74.318214
move,-114.02035,73.26079
move,-113.13868,72.36395
move,-112.03132,71.502914
move,-110.8157,70.77865
move,-109.51059,70.20173
move,-108.35568,69.84222
move,-107.0678,69.559326
move,-105.75202,69.36029
move,-104.460976,69.26645
move,-103.130226,69.24778
move,-101.79954,69.27466
move,-100.46908,69.31214
move,-99.12618,69.33585
move,-97.867905,69.35544
move,-96.62172,69.37482
move,-95.39973,69.39384
move,-94.177734,69.410576
move,-92.907295,69.42412
move,-91.685234,69.42526
move,-90.46368,69.38933
move,-89.00038,69.34084
move,-87.77895,69.30038
move,-86.545815,69.25041
move,-85.31317,69.18875
move,-84.06913,69.114075
move,-82.82691,69.01377
move,-81.58807,68.87826
move,-80.35664,68.68769
move,-79.12973,68.40928
move,-77.93281,68.022675
move,-76.79465,67.51615
move,-75.7146,66.8723
move,-74.71099,66.056206
move,-73.867676,65.12421
move,-73.16873,64.04983
move,-72.61362,62.881413
move,-72.21018,61.65176
move,-71.89853,60.420113
move,-71.5979,59.1608
move,-71.272705,57.782967
move,-70.957664,56.4649
move,-70.574684,55.17801
move,-70.04697,53.944374
move,-69.31898,52.86352
move,-68.36847,52.044773
move,-67.22251,51.503284
move,-65.978485,51.196037
move,-64.74397,51.025826
move,-63.495464,50.868378
move,-62.224102,50.69919
move,-60.98585,50.475895
move,-59.73292,50.201855
move,-58.48203,49.918617
move,-57.248314,49.670887
move,-55.99741,49.448673
move,-54.739395,49.272053
move,-53.452,49.13488
move,-52.197166,49.040665
move,-50.94184,48.952744
move,-49.661037,48.889523
move,-48.403904,48.939182
move,-47.13664,49.02969
move,-45.869453,49.121357
move,-44.62504,49.188744
move,-43.36689,49.20929
move,-42.096504,49.2245
move,-40.81399,49.237698
move,-39.579906,49.22307
move,-38.32272,49.168827
move,-37.05511,49.08365
move,-35.803116,48.958073
move,-34.51844,48.797268
move,-33.231514,48.65597
move,-31.951733,48.57304
move,-30.633356,48.538296
move,-29.375046,48.547867
move,-28.093374,48.595615
move,-26.849226,48.66839
move,-25.59502,48.77093
move,-24.35209,48.862312
move,-23.108139,48.938416
move,-21.851442,49.003883
move,-20.594852,49.0713
move,-19.350695,49.14424
move,-18.118397,49.212837
move,-16.861868,49.281532
move,-15.592913,49.344074
move,-14.36036,49.40777
move,-13.128027,49.47562
move,-11.871407,49.542316
move,-10.625585,49.573864
move,-9.391394,49.5784
move,-8.13301,49.579727
move,-6.8158426,49.64133
move,-5.5166855,49.78168
move,-4.2619987,49.9802
move,-2.9336677,50.344402
move,-1.8743166,50.969555
move,-0.97987694,51.86767
move,-0.38831475,52.972443
move,-0.1305097,54.164513
move,-0.07718682,55.408947
move,-0.11944191,56.666542
move,-0.19011876,57.898712
move,-0.24073043,59.192398
move,-0.24862967,60.438564
move,-0.21040566,61.720547
move,-0.13641147,62.964596
move,-0.017918836,64.25381
move,0.123293325,65.50426
move,0.2380023,66.78171
move,0.31203997,68.08617
move,0.31151837,69.33243
move,0.3069504,70.61501
move,0.3123309,71.88546
move,0.33513233,73.167854
move,0.36332014,74.42592
move,0.45344016,75.70511
move,0.57618856,76.98181
move,0.63661534,78.27468
move,0.5944608,79.55647
move,0.4966771,80.84742
move,0.35248291,82.14618
move,0.18287657,83.44191
move,-0.008873485,84.7468
move,-0.18463396,86.0416
move,-0.29507148,87.36794
move,-0.376045,88.67218
move,-0.3084772,89.952225
move,-0.185303,91.24102
move,-0.06361242,92.529976
move,0.05617997,93.831276
move,0.17387848,95.12061
move,0.29354224,96.434074
move,0.46355268,97.72949
move,0.6699373,98.99522
move,1.0461671,100.232254
move,1.6543059,101.3588
move,2.485565,102.33235
move,3.456542,103.1881
move,4.492773,104.00404
move,5.510838,104.86045
move,6.416958,105.8503
move,7.110188,106.955986
move,7.656092,108.14283
move,8.134539,109.37184
move,8.557293,110.62091
move,8.8897505,111.92194
move,9.158927,113.28702
move,9.358064,114.62737
move,9.485134,115.98857
move,9.534313,117.29418
move,9.516498,118.56453
move,9.49888,119.847
move,9.484211,121.11738
move,9.469296,122.41195
move,9.509653,123.69369
move,9.581717,124.99846
move,9.675663,126.25331
move,9.824871,127.52708
move,10.086627,128.76936
move,10.502381,129.95667
move,11.018174,131.09065
move,11.662494,132.1849
move,12.412747,133.20995
move,13.22629,134.18561
move,14.24848,135.25026
move,15.127903,136.13335
move,16.008377,137.06561
move,16.760757,138.07294
move,17.39581,139.14479
move,17.92136,140.30092
move,18.350857,141.5091
move,18.666658,142.71442
move,18.898092,143.93892
move,19.076263,145.1479
move,19.250956,146.43085
move,19.419613,147.64128
move,19.643225,148.87947
move,19.940704,150.0771
move,20.396275,151.42952
move,20.949938,152.70561
move,21.665838,154.0098
move,22.420689,155.17844
move,23.248482,156.29663
move,24.160635,157.28108
move,25.243752,158.13258
move,26.383148,158.74507
move,27.571978,159.2251
move,28.786242,159.59749
move,30.03972,159.86772
move,31.295904,160.05699
move,32.5608,160.17502
move,33.84195,160.2324
move,35.160664,160.21967
move,36.43063,160.18327
move,37.748997,160.14574
move,39.043297,160.11418
move,40.32568,160.09103
move,41.65663,160.085
move,42.914658,160.11258
move,44.21794,160.20543
move,45.56995,160.4061
move,46.87062,160.73824
move,48.168285,161.32378
move,49.146633,162.26865
move,49.750286,163.38347
move,50.13254,164.78142
move,50.2671,166.02016
move,50.317173,167.36217
move,50.295246,168.70488
move,50.160206,170.10175
move,50.01777,171.4251
move,49.87238,172.78464
move,49.754574,174.1347
move,49.660946,175.45023
move,49.566425,176.7778
move,49.43925,178.10263
move,49.290894,179.38881
move,49.129665,180.71
move,48.97795,182.00797
move,48.846733,183.32028
move,48.750706,184.69624
move,48.71104,185.92986
move,48.66534,187.4175
move,48.62779,188.63904
move,48.58475,190.13887
move,48.56931,191.54236
move,48.57462,192.93388
move,48.598576,194.34946
move,48.619564,195.78923
move,48.619316,197.20503
move,48.538315,198.61711
move,48.198883,199.97755
move,47.677868,201.30551
move,46.938007,202.43822
move,45.996616,203.42798
move,44.908478,204.35219
move,43.89222,205.19284
move,42.84194,206.10487
move,41.961956,207.16472
move,41.304794,208.37544
move,40.83006,209.68242
move,40.500134,211.05844
move,40.28032,212.40776
move,40.120472,213.82649
move,39.98895,215.23608
move,39.88676,216.63594
move,39.770233,218.07109
move,39.660877,219.38545
move,39.556274,220.82144
move,39.52173,222.12766
move,39.522945,223.48296
move,39.52435,224.82616
move,39.525574,226.21776
move,39.504387,227.59695
move,39.370113,228.95702
move,39.108116,230.21167
move,38.59432,231.51553
move,37.84161,232.66891
move,37.00018,233.63603
move,36.086,234.50002
move,35.09122,235.32863
move,34.051365,236.1787
move,33.058365,236.9905
move,32.02191,237.8446
move,31.164392,238.82399
move,30.564383,240.03732
move,30.200703,241.31595
move,29.994884,242.59387
move,29.866085,243.96718
move,29.799454,245.24802
move,29.714441,246.58838
move,29.628834,247.94078
move,29.558388,249.3184
move,29.487532,250.73232
move,29.420212,252.0495
move,29.34735,253.45123
move,29.279045,254.81682
move,29.220167,256.19498
move,29.167837,257.63412
move,29.13024,259.01303
move,29.086143,260.3796
move,29.026148,261.794
move,28.970264,263.20862
move,28.930159,264.57532
move,28.873388,265.9655
move,28.72571,267.33685
move,28.51769,268.6391
move,28.154356,269.96875
move,27.60535,271.33807
move,27.015272,272.4355
move,26.286024,273.56268
move,25.472178,274.6308
move,24.627172,275.69028
move,23.790146,276.75607
move,22.971348,277.86606
move,22.207855,278.9708
move,21.53377,280.1731
move,21.022142,281.42764
move,20.613914,282.69406
move,20.324802,284.02975
move,20.165812,285.3388
move,20.026752,286.67468
move,19.845766,287.98087
move,19.506588,289.25443
move,19.018219,290.50513
move,18.443134,291.70523
move,17.781721,292.85983
move,16.9774,293.93436
move,16.031536,294.9375
move,14.945113,295.8437
move,13.844861,296.592
move,12.601608,297.2932
move,11.465568,297.83414
move,10.30911,298.29825
move,9.104232,298.70074
move,7.88901,299.07135
move,6.6731625,299.43985
move,5.4799547,299.7997
move,4.2350793,300.23193
move,3.1615326,300.94708
move,2.2909698,301.88577
move,1.6080091,302.98306
move,1.1554942,304.15533
move,0.8934497,305.42224
move,0.77184945,306.67453
move,0.6593579,307.9278
move,0.45442465,309.1815
move,0.22606519,310.43127
move,0.029604016,311.64963
move,-0.097822584,312.8649
move,-0.16877438,314.08496
move,-0.22579612,315.39047
move,-0.2596967,316.69684
move,-0.26024315,318.00363
move,-0.2523186,319.2742
move,-0.23157972,320.56863
move,-0.18957059,321.83838
move,-0.11734903,323.14316
move,-0.019870533,324.39777
move,0.09535947,325.66302
move,0.21220756,326.916
move,0.32038116,328.1454
move,0.4090149,329.40063
move,0.4588192,330.62155
move,0.45255628,331.84357
move,0.38326335,333.33
move,0.23052521,334.76154
move,-0.011138349,336.19293
move,-0.35359973,337.6039
move,-0.6847969,338.7802
move,-1.1518313,340.16742
move,-1.7217607,341.44965
move,-2.3706338,342.61124
move,-3.1371171,343.69858
move,-3.9827414,344.66217
move,-4.9701214,345.5536
move,-6.051402,346.32877
move,-7.1894593,346.9945
move,-8.386999,347.5746
move,-9.634078,348.07224
move,-10.828555,348.4264
move,-12.168378,348.69696
move,-13.39295,348.84875
move,-14.781595,348.9352
move,-16.136044,348.97998
move,-17.502707,349.02173
move,-18.869394,349.06253
move,-20.22383,349.10806
move,-21.55359,349.16492
move,-22.868576,349.26492
move,-24.192778,349.39914
move,-25.55021,349.56277
move,-26.866066,349.7625
move,-28.167587,350.0392
move,-29.421799,350.40564
move,-30.68315,350.86578
move,-31.86939,351.44077
move,-33.00111,352.11755
move,-34.155346,352.95667
move,-35.16777,353.92728
move,-36.07253,355.01544
move,-36.86077,356.2051
move,-37.524586,357.4278
move,-38.128937,358.70795
move,-38.68984,360.03387
move,-39.1225,361.36856
move,-39.445904,362.70935
move,-39.66792,364.08237
move,-39.68477,365.4955
move,-39.45977,366.8187
move,-39.07433,368.10425
move,-38.49191,369.29904
move,-37.68299,370.35416
move,-36.77861,371.34708
move,-35.837814,372.3724
move,-35.232414,373.03214
cluster,4107
move,-34.962437,373.32632
move,-34.054302,374.3158
move,-10,-352.5
move,-9.257859,-351.39264
move,-8.575968,-350.21652
move,-7.9203286,-349.05573
move,-7.1855383,-347.75772
move,-6.478223,-346.5967
move,-5.676857,-345.46646
move,-4.798202,-344.39462
move,-3.8864439,-343.38632
move,-2.9429204,-342.37112
move,-2.0146933,-341.37772
move,-1.060233,-340.35452
move,-0.1715281,-339.27484
move,0.5671818,-338.0591
move,0.9550995,-336.51694
move,1.0034041,-335.15897
move,0.92804635,-333.77527
move,0.80340195,-332.36844
move,0.6662587,-331.0159
move,0.57682973,-329.61978
move,0.5395795,-328.2343
move,0.56583476,-326.83554
move,0.65084237,-325.41263
move,0.8015303,-324.00842
move,0.996423,-322.5829
move,1.169333,-321.16776
move,1.3416167,-319.75266
move,1.4981472,-318.2842
move,1.4337895,-316.88666
move,1.381598,-315.48846
move,1.3414155,-314.01047
move,1.3039463,-312.6116
move,1.2647076,-311.10715
move,1.2094681,-309.6564
move,1.0031159,-308.126
move,0.8050896,-306.7142
move,0.56272,-305.26962
move,0.2257135,-303.93927
move,-0.22338806,-302.64252
move,-0.8553523,-301.29224
move,-1.5562015,-300.11234
move,-2.4068635,-298.8712
move,-3.2926102,-297.7209
move,-4.1986246,-296.6032
move,-5.103214,-295.5531
move,-6.0766225,-294.44034
move,-6.9978237,-293.28433
move,-7.8212614,-292.0738
move,-8.43949,-290.64673
move,-8.8102,-289.28455
move,-9.044945,-287.79877
move,-9.132723,-286.31003
move,-9.119884,-284.7923
move,-9.006048,-283.2788
move,-8.781693,-281.79144
move,-8.361768,-280.2794
move,-7.737314,-278.92642
move,-6.9843426,-277.7012
move,-6.060882,-276.4638
move,-5.1449227,-275.35422
move,-4.240737,-274.1684
move,-3.4531927,-272.93314
move,-2.7083023,-271.6258
move,-2.0382433,-270.2643
move,-1.5572662,-268.85373
move,-1.248463,-267.3411
move,-1.0290579,-265.90573
move,-0.85483134,-264.35822
move,-0.74532515,-262.85745
move,-0.6651521,-261.42087
move,-0.58278435,-259.9315
move,-0.4989582,-258.4157
move,-0.3706669,-256.09592
move,-0.2795492,-254.44833
move,-0.20665422,-253.13031
move,-0.13084316,-251.75957
move,-0.05284447,-250.3493
move,0.021509796,-249.00494
move,0.09333775,-247.70628
move,0.23845106,-247.08786
move,0.4591789,-246.0918
move,0.67387974,-245.04523
move,0.8816619,-244.01688
move,1.071487,-243.02426
move,1.206227,-242.02296
move,1.2676296,-241.00471
move,1.2965939,-239.94633
move,1.2945572,-238.97423
move,1.2479093,-237.95517
move,1.1508231,-236.92036
move,0.97580034,-235.92543
move,0.7133464,-234.9899
move,0.31127754,-234.05316
move,-0.18954602,-233.19838
move,-0.84017295,-232.42743
move,-1.6817982,-231.78807
move,-2.6032877,-231.37968
move,-3.5648642,-231.1886
move,-4.621438,-231.13092
move,-5.612799,-231.13564
move,-6.709904,-231.12045
move,-7.6912327,-231.09169
move,-8.758818,-231.0506
move,-9.912963,-231.00636
move,-11.028641,-230.96353
move,-12.048141,-230.92441
move,-13.038787,-230.88637
move,-14.067904,-230.84682
move,-15.058551,-230.80879
move,-16.07805,-230.76967
move,-17.059072,-230.73203
move,-18.030476,-230.69475
move,-19.011497,-230.6571
move,-19.158838,-230.65144
move,-20.043108,-230.60713
move,-21.092022,-230.586
move,-22.237162,-230.56308
move,-23.324585,-230.542
move,-24.412006,-230.521
move,-25.499323,-230.49545
move,-26.595816,-230.45488
move,-27.70127,-230.39891
move,-28.844988,-230.33736
move,-29.931194,-230.28183
move,-31.007788,-230.22675
move,-32.093987,-230.17113
move,-33.20885,-230.1109
move,-34.303516,-230.03642
move,-35.470943,-229.9112
move,-36.549023,-229.76749
move,-37.62336,-229.5993
move,-38.72256,-229.24887
move,-39.777008,-228.80307
move,-40.724693,-228.23274
move,-41.62626,-227.5273
move,-42.455975,-226.7379
move,-43.277145,-225.92569
move,-43.982777,-225.22934
move,-44.697155,-224.52814
move,-45.390087,-223.84633
move,-46.21887,-223.12817
move,-47.18657,-222.57565
move,-48.285725,-222.13683
move,-49.220398,-221.87099
move,-50.361134,-221.63725
move,-51.5457,-221.42676
move,-52.705368,-221.24289
move,-53.84041,-221.08936
move,-55.02145,-220.91743
move,-56.154972,-220.75314
move,-57.31026,-220.60628
move,-58.47783,-220.48132
move,-59.637363,-220.373
move,-60.80856,-220.28848
move,-61.961433,-220.21837
move,-63.1336,-220.14825
move,-64.305756,-220.0781
move,-65.4683,-220.00856
move,-66.640335,-219.93668
move,-68.04756,-219.82323
move,-69.519684,-219.60999
move,-70.94317,-219.18147
move,-72.28985,-218.50017
move,-73.4615,-217.56473
move,-74.47551,-216.50975
move,-75.41642,-215.35669
move,-76.30597,-214.14894
move,-77.07487,-212.8754
move,-77.64014,-211.75131
move,-78.09156,-210.61621
move,-78.462234,-209.27556
move,-78.71981,-207.84706
move,-78.895195,-206.45445
move,-79.043625,-205.03441
move,-79.17572,-203.72206
move,-79.31508,-202.33748
move,-79.4416,-201.01245
move,-79.5668,-199.61441
move,-79.68634,-198.26447
move,-79.810326,-196.89067
move,-79.94764,-195.6033
move,-80.12837,-194.2359
move,-80.354324,-192.93654
move,-80.63803,-191.6115
move,-81.01055,-190.32162
move,-81.47193,-189.06047
move,-82.02269,-187.83594
move,-82.675545,-186.70486
move,-83.503555,-185.60275
move,-84.50109,-184.56558
move,-85.60696,-183.6634
move,-86.83343,-182.84265
move,-88.10445,-182.16785
move,-89.254616,-181.72173
move,-90.563934,-181.37463
move,-91.803635,-181.15927
move,-93.04851,-180.97517
move,-94.39031,-180.78516
move,-95.71196,-180.62885
move,-97.10116,-180.55283
move,-98.45563,-180.50761
move,-99.858765,-180.47237
move,-101.22563,-180.43953
move,-102.616684,-180.40584
move,-104.018456,-180.3381
move,-105.40259,-180.19687
move,-106.7836,-179.94917
move,-108.10253,-179.59113
move,-109.38087,-179.0749
move,-110.56355,-178.43993
move,-111.642426,-177.6421
move,-112.556404,-176.72627
move,-113.41209,-175.69115
move,-114.215904,-174.6762
move,-115.02534,-173.65034
move,-115.92356,-172.65253
move,-116.96242,-171.78473
move,-118.223976,-171.0449
move,-119.425766,-170.60092
move,-120.77025,-170.36057
move,-122.12367,-170.29944
move,-123.515114,-170.28961
move,-124.87029,-170.28664
move,-126.27388,-170.28358
move,-127.65327,-170.2806
move,-129.05695,-170.27753
move,-130.41225,-170.27455
move,-131.80376,-170.26897
move,-133.195,-170.24344
move,-134.59818,-170.20866
move,-135.90173,-170.12074
move,-137.2331,-169.94435
move,-138.63522,-169.67673
move,-139.8321,-169.33101
move,-141.08452,-168.84665
move,-142.31021,-168.24182
move,-143.42403,-167.53645
move,-144.4799,-166.72673
move,-145.47078,-165.8036
move,-146.3151,-164.8069
move,-147.05753,-163.71771
move,-147.6809,-162.52888
move,-148.18085,-161.2698
move,-148.5762,-159.94865
move,-148.89561,-158.6317
move,-148.5762,-159.94865
move,-149.17145,-157.31729
move,-149.4271,-155.94954
move,-149.68053,-154.54436
move,-149.934,-153.13925
move,-150.23776,-151.80673
move,-150.69495,-150.4422
move,-151.30118,-149.2454
move,-152.03879,-148.16718
move,-152.88702,-147.12624
move,-153.77676,-146.18594
move,-154.72134,-145.283
move,-155.70047,-144.36363
move,-156.62993,-143.47983
move,-157.50941,-142.51425
move,-158.21509,-141.45934
move,-158.7591,-140.29913
move,-159.16116,-139.05655
move,-159.4489,-137.80673
move,-159.67406,-136.5443
move,-159.8163,-135.25764
move,-159.91681,-133.93045
move,-160.02228,-132.64005
move,-160.12482,-131.38583
move,-160.2231,-130.10704
move,-160.29247,-128.7658
move,-160.3301,-127.54424
move,-160.36708,-126.27425
move,-160.40445,-124.99215
move,-160.44182,-123.71006
move,-160.47917,-122.42797
move,-160.5202,-121.15816
move,-160.56647,-119.85216
move,-160.61533,-118.534164
move,-160.65605,-117.26432
move,-160.69608,-115.92183
move,-160.71254,-114.63933
move,-160.74149,-113.405556
move,-160.82419,-112.11358
move,-160.98651,-110.81725
move,-161.24884,-109.59926
move,-161.66008,-108.33436
move,-162.19464,-107.22276
move,-162.894,-106.10548
move,-163.68864,-105.114876
move,-164.62318,-104.15073
move,-165.57773,-103.24061
move,-166.53122,-102.31218
move,-167.39014,-101.29609
move,-168.17297,-100.235
move,-168.86981,-99.032135
move,-169.35449,-97.81928
move,-169.69882,-96.54686
move,-169.9174,-95.173
move,-170.03452,-93.82308
move,-170.0775,-92.517044
move,-170.10812,-91.186356
move,-170.13036,-89.75873
move,-170.16293,-88.42813
move,-170.19814,-87.03708
move,-170.22755,-85.658035
move,-170.2439,-84.32714
move,-170.23988,-82.9841
move,-170.2123,-81.713905
move,-170.18216,-80.35905
move,-170.15399,-79.08886
move,-170.12596,-77.70974
move,-170.12341,-76.45137
move,-170.12584,-75.156685
move,-170.13007,-73.8499
move,-170.13062,-72.50681
move,-170.15994,-71.273
move,-170.20755,-69.95497
move,-170.25134,-68.69733
move,-170.28761,-67.366844
move,-170.32962,-66.072845
move,-170.41698,-64.781204
move,-170.56815,-63.532127
move,-170.78711,-62.182537
move,-171.02965,-60.923218
move,-171.41292,-59.485813
move,-171.86108,-58.310467
move,-172.43672,-57.137657
move,-173.09021,-56.034428
move,-173.86076,-54.9647
move,-174.66504,-54.029068
move,-175.60013,-53.134655
move,-176.61418,-52.370407
move,-177.71046,-51.72966
move,-178.91956,-51.20412
move,-180.15334,-50.773674
move,-181.36853,-50.44778
move,-182.73395,-50.180317
move,-184.02866,-50.0045
move,-185.28136,-49.88485
move,-186.65773,-49.793697
move,-187.89008,-49.72708
move,-189.2312,-49.655598
move,-190.56024,-49.58476
move,-191.81717,-49.524418
move,-193.14684,-49.463516
move,-194.40402,-49.407032
move,-195.71048,-49.382133
move,-196.95668,-49.372734
move,-198.23929,-49.371616
move,-199.57011,-49.39228
move,-201.08199,-49.4363
move,-202.33986,-49.473087
move,-203.63403,-49.510956
move,-204.90404,-49.545055
move,-206.13812,-49.541943
move,-207.43109,-49.477665
move,-208.74075,-49.325462
move,-210.14067,-48.99318
move,-211.3432,-48.51632
move,-212.4417,-47.90353
move,-213.649,-47.07581
move,-214.77292,-46.13874
move,-215.64671,-45.21741
move,-216.42043,-44.195244
move,-217.08385,-43.112
move,-217.69185,-41.9418
move,-218.20267,-40.752388
move,-218.59894,-39.558453
move,-218.90057,-38.287342
move,-219.11868,-36.986824
move,-219.28506,-35.7029
move,-219.4444,-34.381477
move,-219.56116,-33.164974
move,-219.67874,-31.87562
move,-219.7971,-30.598505
move,-219.92236,-29.285566
move,-220.03941,-28.044773
move,-220.13403,-26.814207
move,-220.22675,-25.583492
move,-220.32,-24.2558
move,-220.36095,-22.877018
move,-220.40152,-21.401379
move,-220.42596,-20.167425
move,-220.45059,-18.751934
move,-220.47449,-17.372742
move,-220.4996,-15.93306
move,-220.51181,-14.529537
move,-220.49979,-13.1623
move,-220.4807,-11.783033
move,-220.46013,-10.391687
move,-220.4396,-9.00034
move,-220.41898,-7.6089935
move,-220.39784,-6.181351
move,-220.3777,-4.8263006
move,-220.36028,-3.4591162
move,-220.34386,-2.0314105
move,-220.32864,-0.6520953
move,-220.3018,0.75123316
move,-220.26993,2.1544712
move,-220.23744,3.5819016
move,-220.20973,4.803687
move,-220.17934,6.206957
move,-220.15797,7.4409733
move,-220.13345,8.856462
move,-220.11697,10.151052
move,-220.10687,11.603017
move,-220.09666,12.885569
move,-220.08415,14.22861
move,-220.07404,15.535365
move,-220.05743,16.890465
move,-220.05118,18.233538
move,-220.0528,19.637138
move,-220.05434,20.98024
move,-220.0566,22.347538
move,-220.07178,23.702644
move,-220.081,25.130379
move,-220.06947,26.606535
move,-220.06181,27.828611
move,-220.0548,29.050688
move,-220.04004,30.284798
move,-220.0166,31.53086
move,-219.9597,32.77576
move,-219.84232,34.004257
move,-219.68303,35.215893
move,-219.4354,36.658707
move,-219.15697,37.89824
move,-218.8089,39.094635
move,-218.32872,40.256786
move,-217.66554,41.35311
move,-216.8634,42.337227
move,-215.96033,43.15862
move,-214.99689,43.929947
move,-214.03363,44.70158
move,-213.12213,45.514973
move,-212.28842,46.407925
move,-211.45099,47.54749
move,-210.88426,48.656296
move,-210.38486,50.006203
move,-210.03065,51.37626
move,-209.82552,52.60545
move,-209.67702,53.84268
move,-209.6106,55.208214
move,-209.58987,56.68426
move,-209.57219,58.015133
move,-209.53526,59.285076
move,-209.47453,60.71158
move,-209.40782,61.943974
move,-209.3292,63.212032
move,-209.20753,64.67099
move,-209.04868,65.919205
move,-208.80096,67.16502
move,-208.47256,68.4047
move,-208.0677,69.57015
move,-207.53477,70.70953
move,-206.86674,71.84606
move,-206.0554,72.946205
move,-205.2632,73.892456
move,-204.35727,74.90028
move,-203.47125,75.87725
move,-202.70892,76.84651
move,-202.05333,77.93448
move,-201.45872,79.04329
move,-200.96655,80.18782
move,-200.56938,81.39425
move,-200.28441,82.60717
move,-200.08119,83.84893
move,-199.9159,85.09639
move,-199.74826,86.380226
move,-199.50946,87.82441
move,-199.20296,89.05718
move,-198.7046,90.418625
move,-198.11174,91.5285
move,-197.42601,92.82211
move,-196.85323,93.9153
move,-196.23396,94.982086
move,-195.41331,95.981026
move,-194.35344,96.93661
move,-193.34657,97.69071
move,-192.20215,98.39254
move,-191.06296,98.95424
move,-189.81233,99.44278
move,-188.62474,99.82027
move,-187.40913,100.09162
move,-186.15918,100.2349
move,-184.92691,100.30345
move,-183.65764,100.35954
move,-182.33968,100.4109
move,-181.0701,100.45944
move,-179.78862,100.51318
move,-178.32584,100.57484
move,-177.0571,100.641594
move,-175.83775,100.72366
move,-174.3899,100.833046
move,-172.94347,100.95987
move,-171.69223,101.09417
move,-170.3041,101.30065
move,-169.06035,101.558876
move,-167.70256,101.957275
move,-166.40709,102.524734
move,-165.32892,103.194336
move,-164.27943,104.14227
move,-163.44305,105.08195
move,-162.63521,106.199425
move,-161.92645,107.424324
move,-161.31497,108.740845
move,-160.80424,110.07399
move,-160.40425,111.30518
move,-160.09435,112.48717
move,-159.85178,113.75854
move,-159.69623,115.17765
move,-159.58807,116.52851
move,-159.4936,117.96531
move,-159.40567,119.37832
move,-159.32921,120.81616
move,-159.29951,122.231514
move,-159.2803,123.68337
move,-159.25656,124.91732
move,-159.22224,126.3205
move,-159.13066,127.58716
move,-158.87497,128.95432
move,-158.42711,130.43565
move,-157.80537,131.6369
move,-157.05998,132.60437
move,-156.06743,133.66231
move,-154.92621,134.51788
move,-153.74045,135.33478
move,-152.7384,136.07379
move,-152.05438,137.33615
move,-151.75414,138.58252
move,-151.4965,139.96231
move,-151.26608,141.19946
move,-150.99054,142.61272
move,-150.75241,143.81139
move,-150.50673,145.04552
move,-150.27,146.26907
move,-150.02484,147.54031
move,-149.77237,148.74829
move,-149.3985,150.08804
move,-148.92642,151.42258
move,-148.26527,152.69928
move,-147.42175,153.84938
move,-146.543,154.7328
move,-145.54323,155.68315
move,-144.42155,156.56418
move,-143.18344,157.32138
move,-141.91286,157.97235
move,-140.79842,158.47374
move,-139.44817,158.93466
move,-138.24156,159.19252
move,-137.00642,159.35751
move,-135.60596,159.44794
move,-134.17883,159.49127
move,-132.71527,159.53178
move,-131.34814,159.55228
move,-130.04147,159.5717
move,-128.81953,159.59315
move,-127.40404,159.61922
move,-126.02582,159.67517
move,-124.72841,159.8262
move,-123.40223,160.15765
move,-122.20363,160.49908
move,-121.03114,160.84369
move,-119.792885,161.22147
move,-118.668465,161.75064
move,-117.71304,162.53027
move,-116.83127,163.4106
move,-116.01658,164.36928
move,-115.22416,165.39311
move,-114.42575,166.36473
move,-113.4844,167.18011
move,-112.48202,167.87843
move,-111.371704,168.4947
move,-110.15723,169.0072
move,-108.995155,169.38446
move,-107.74773,169.6812
move,-106.31244,169.89601
move,-105.0575,169.989
move,-103.77709,170.0631
move,-102.32754,170.14711
move,-101.08334,170.21964
move,-99.82722,170.29543
move,-98.583954,170.38179
move,-97.36603,170.57793
move,-96.12994,170.8138
move,-94.70266,171.08058
move,-93.24565,171.31769
move,-91.79895,171.54276
move,-90.3734,171.81718
move,-89.19274,172.13177
move,-88.00127,172.57019
move,-86.72711,173.31033
move,-85.78489,174.08769
move,-84.90528,174.98672
move,-84.140854,175.95529
move,-83.42684,176.99136
move,-82.78013,178.04239
move,-82.19019,179.19437
move,-81.73753,180.35504
move,-81.39525,181.52794
move,-81.11086,182.77846
move,-80.8714,184.18594
move,-80.71954,185.4107
move,-80.58903,186.68672
move,-80.4392,188.10663
move,-80.2426,189.31252
move,-79.97712,190.78923
move,-79.7537,192.0399
move,-79.556564,193.30719
move,-79.376305,194.56477
move,-79.19775,195.81035
move,-78.99592,197.21152
move,-78.76197,198.66891
move,-78.44943,200.06172
move,-78.01148,201.47073
move,-77.42234,202.80988
move,-76.77688,203.86032
move,-75.99866,204.81697
move,-74.92413,205.81007
move,-73.93602,206.5891
move,-72.93917,207.2956
move,-71.85764,207.91335
move,-70.52385,208.48541
move,-69.130516,208.89134
move,-67.916336,209.10995
move,-66.54521,209.26
move,-65.09922,209.39186
move,-63.652866,209.51968
move,-62.253834,209.63272
move,-60.84231,209.74155
move,-59.623688,209.83363
move,-58.20078,209.95152
move,-56.74897,210.13806
move,-55.347427,210.41008
move,-54.16702,210.67557
move,-52.75969,211.03287
move,-51.578312,211.34572
move,-50.39694,211.65846
move,-48.995533,212.03821
move,-47.833748,212.48518
move,-46.698,213.24171
move,-45.717274,214.26003
move,-44.922043,215.41547
move,-44.161106,216.63783
move,-43.277897,217.77249
move,-42.167458,218.64616
move,-40.892117,219.31235
move,-39.54728,219.78941
move,-38.176834,220.08746
move,-36.790955,220.20735
move,-35.42406,220.23114
move,-34.044685,220.2207
move,-32.677406,220.20973
move,-31.346441,220.21008
move,-30.124447,220.22577
move,-28.720974,220.24457
move,-27.244907,220.26439
move,-25.926125,220.28195
move,-24.60734,220.29962
move,-23.24016,220.31793
move,-21.921375,220.33553
move,-20.529999,220.35411
move,-19.162819,220.37242
move,-17.856544,220.40707
move,-16.529222,220.5055
move,-15.143532,220.63185
move,-13.800237,220.81012
move,-12.437459,221.02357
move,-11.142298,221.27202
move,-9.822593,221.62747
move,-8.5220995,222.12108
move,-7.31327,222.70564
move,-6.1361012,223.42366
move,-5.0129685,224.24443
move,-4.0099463,225.13657
move,-3.097275,226.18565
move,-2.327297,227.31497
move,-1.6600609,228.49403
move,-1.0883826,229.74886
move,-0.6625661,231.00941
move,-0.330146,232.3105
move,-0.081569366,233.6056
move,0.065013774,234.91583
move,0.10344158,236.22185
move,0.08821214,237.52852
move,0.034911808,238.83415
move,-0.051550776,240.12592
move,-0.13627312,241.41786
move,-0.2080572,242.68634
move,-0.27545944,243.97931
move,-0.34054357,245.24814
move,-0.40747002,246.55322
move,-0.4667224,247.82236
move,-0.5183993,249.10394
move,-0.5662275,250.38565
move,-0.6053989,251.6556
move,-0.64459264,252.94965
move,-0.67089134,254.2803
move,-0.67974615,255.55067
move,-0.6889392,256.8696
move,-0.67974615,255.55067
move,-0.6916842,258.10385
move,-0.6699159,259.5556
move,-0.64725405,260.92258
move,-0.6293546,262.20496
move,-0.6267183,263.4513
move,-0.65884244,264.70923
move,-0.7319262,266.07443
move,-0.8710182,267.31277
move,-1.095312,268.61237
move,-1.4309781,269.86182
move,-1.9060519,271.00015
move,-2.54092,272.11356
move,-3.310278,273.15396
move,-4.2279654,274.11713
move,-5.2097106,274.97894
move,-6.273753,275.81824
move,-7.3150096,276.64728
move,-8.272838,277.6195
move,-8.967658,278.75232
move,-9.502422,279.9836
move,-9.896703,281.30478
move,-10.146096,282.58707
move,-10.289679,283.88583
move,-10.318289,285.20377
move,-10.213761,286.49377
move,-10.008543,287.79623
move,-9.663708,289.08078
move,-9.175872,290.20023
move,-8.471217,291.28394
move,-7.5582223,292.16473
move,-6.5367665,292.8988
move,-5.489762,293.5749
move,-4.4383893,294.26633
move,-3.4254696,295.03238
move,-2.4819438,295.95215
move,-1.7061322,296.9722
move,-1.0602986,298.05182
move,-0.52451724,299.1765
move,-0.13240261,300.34586
move,0.11989769,301.5535
move,0.28587717,302.9832
move,0.25651026,304.20425
move,0.14460124,305.43332
move,0.019099178,306.64886
move,-0.10227172,307.93787
move,-0.20396921,309.2527
move,-0.25796124,310.59467
move,-0.29737443,311.8645
move,-0.32507902,313.09845
move,-0.3158802,314.33273
move,-0.30326408,315.57913
move,-0.2911147,316.7892
move,-0.2764632,318.21713
move,-0.253064,319.63263
move,-0.21560936,321.02362
move,-0.15355073,322.38943
move,-0.063535325,323.76587
move,0.04946665,325.11636
move,0.14816912,326.46786
move,0.23791343,327.82007
move,0.32671478,329.13593
move,0.41997647,330.47574
move,0.45255947,331.8181
move,0.4242595,333.14883
move,0.38095966,334.4792
move,0.3182298,335.83292
move,0.23676859,337.19775
move,0.1523663,338.53812
move,0.06655387,339.90265
move,-0.017011259,341.23096
move,-0.10213761,342.59555
move,-0.18210971,343.94836
move,-0.2500046,345.30185
move,-0.29960832,346.644
move,-0.3249273,347.98682
move,-0.30543235,349.3297
move,-0.25632262,350.65976
move,-0.17443457,351.92752
move,-0.061041113,353.21722
move,0.0758457,354.50467
move,0.20174432,355.7932
move,0.32589418,357.06976
move,0.47262725,358.33173
move,0.6322907,359.6409
move,0.775292,360.98853
move,0.93354475,362.31003
move,1.1066016,363.56873
move,1.3043523,364.92166
move,1.4746543,366.2051
move,1.6398687,367.46484
move,1.8215978,368.77112
move,2.1011424,370.02155
move,2.6867785,371.1562
move,3.61473,372.1077
move,4.6525764,372.94095
move,5.68974,373.77502
move,6.6592846,374.66794
move,7.489189,375.70657
move,8.133823,376.88315
move,8.642415,378.16504
move,9.048966,379.34302
move,9.429044,380.60587
move,9.731753,381.9016
move,9.9265175,383.2424
move,10.023716,384.53336
move,10.096755,385.85028
move,10.166231,387.1673
cluster,726
move,10.235188,388.48428
move,365.5,40
move,364.35925,39.78087
move,363.0432,39.567944
move,361.66003,39.35756
move,360.21765,39.100876
move,358.92642,38.722218
move,357.67914,38.15429
move,356.5719,37.34535
move,355.53937,36.440666
move,354.56448,35.512306
move,353.5798,34.481667
move,352.58713,33.19846
move,351.80865,31.850101
move,351.29962,30.604435
move,350.9036,29.331549
move,350.54974,28.04623
move,350.21878,26.714025
move,349.9748,25.376669
move,349.8565,23.983189
move,349.84448,22.54615
move,349.84702,21.160145
move,349.8496,19.78734
move,349.82498,18.428009
move,349.76855,17.082829
move,349.6746,15.673602
move,349.53058,14.335174
move,349.29608,13.009612
move,348.95258,11.680825
move,348.512,10.353047
move,348.95258,11.680825
move,347.91003,8.873915
move,347.32266,7.6626854
move,346.6293,6.5247684
move,345.79883,5.4492087
move,344.68216,4.308271
move,343.6135,3.4266992
move,342.4736,2.7121103
move,341.02823,2.033895
move,339.73486,1.5362031
move,338.22644,1.0536735
move,336.9223,0.7195998
move,335.60614,0.4358914
move,334.27316,0.16828924
move,332.92798,-0.10577475
move,331.57236,-0.39451462
move,330.26532,-0.657057
move,328.76624,-0.8957589
move,327.41782,-1.0684794
move,325.91827,-1.1920221
move,324.54584,-1.211184
move,323.17456,-1.1500859
move,321.82208,-1.0124208
move,320.3985,-0.8049856
move,319.1001,-0.5669411
move,317.7065,-0.33855322
move,316.27597,-0.1850947
move,314.86896,-0.06303163
move,313.51068,-0.09888573
move,311.94073,-0.14441761
move,310.56787,-0.16067857
move,309.22144,-0.16402656
move,307.66486,-0.20857453
move,306.3089,-0.41326445
move,305.02237,-0.80751354
move,303.73422,-1.3524587
move,302.59143,-2.036709
move,301.4092,-3.1067672
move,300.6031,-4.1832724
move,299.90503,-5.6023936
move,299.50552,-6.9563313
move,299.15445,-8.324379
move,298.75943,-9.693957
move,298.24362,-11.007672
move,297.53958,-12.306898
move,296.76813,-13.473885
move,295.92136,-14.536955
move,294.95984,-15.4966
move,293.8508,-16.303364
move,292.41974,-17.096981
move,291.18567,-17.698292
move,289.94757,-18.259975
move,288.68478,-18.763174
move,287.38257,-19.152208
move,286.04013,-19.438238
move,284.73724,-19.649864
move,283.35635,-19.875397
move,281.8527,-20.163425
move,280.4438,-20.605434
move,279.24493,-21.215052
move,277.96494,-22.145182
move,276.96234,-23.082216
move,275.92075,-24.221928
move,274.8853,-25.455399
move,274.02737,-26.458416
move,273.0073,-27.49061
move,271.94824,-28.32035
move,270.7207,-29.016354
move,269.22818,-29.581758
move,267.9267,-29.925756
move,266.56808,-30.199018
move,265.2484,-30.387175
move,263.88113,-30.508432
move,262.43002,-30.552685
move,260.85956,-30.52452
move,259.4743,-30.475592
move,258.0363,-30.42421
move,256.67804,-30.360903
move,255.2542,-30.288792
move,253.84465,-30.199675
move,252.39723,-30.085176
move,251.00273,-29.971346
move,249.51422,-29.874557
move,248.1303,-29.799482
move,246.74461,-29.770805
move,245.30585,-29.768436
move,243.82938,-29.83899
move,242.46701,-30.00634
move,241.06084,-30.240524
move,239.75851,-30.576807
move,238.39151,-31.286007
move,237.28375,-32.201622
move,236.2432,-33.394493
move,235.41246,-34.5852
move,234.5569,-35.855045
move,233.66452,-37.065716
move,232.58795,-38.113674
move,231.33499,-38.918488
move,229.99286,-39.469677
move,228.46654,-39.890636
move,227.06166,-40.129936
move,225.56252,-40.257183
move,224.21107,-40.322582
move,222.78453,-40.3827
move,221.41806,-40.43172
move,220.05171,-40.482735
move,218.6493,-40.538597
move,217.28317,-40.59566
move,215.96602,-40.66301
move,214.61583,-40.778725
move,213.37822,-40.92491
move,212.1188,-41.164627
move,210.90556,-41.539433
move,209.69836,-42.096367
move,208.52885,-42.933666
move,207.58104,-43.797558
move,206.65085,-44.698135
move,205.72635,-45.587208
move,204.79039,-46.44619
move,203.80606,-47.229427
move,202.7179,-47.92996
move,201.53833,-48.518055
move,200.29236,-48.948116
move,198.94981,-49.263103
move,197.66852,-49.44649
move,196.30699,-49.571293
move,195.07796,-49.68416
move,193.82596,-49.811127
move,192.59721,-49.926678
move,191.29652,-50.052845
move,189.88672,-50.181305
move,188.62915,-50.20471
move,187.16547,-50.171074
move,185.73903,-50.10968
move,184.50607,-50.05418
move,183.07918,-50.00531
move,181.78548,-49.954945
move,180.50458,-49.888935
move,179.23573,-49.823944
move,177.94243,-49.76387
move,176.62395,-49.73116
move,175.38982,-49.741367
move,174.1075,-49.767982
move,172.81308,-49.79574
move,171.5672,-49.827423
move,170.26074,-49.856117
move,168.99043,-49.87731
move,167.70782,-49.883965
move,166.35257,-49.882584
move,165.13177,-49.830017
move,163.84306,-49.624744
move,162.6225,-49.101524
move,161.55946,-48.42921
move,160.6001,-47.600155
move,159.9012,-46.530197
move,159.51431,-45.298534
move,159.40837,-44.009403
move,159.48723,-42.596626
move,159.65178,-41.16616
move,159.78923,-39.927517
move,159.85458,-38.489418
move,159.81563,-37.110767
move,159.72684,-35.879795
move,159.58923,-34.507317
move,159.45973,-33.292095
move,159.30353,-31.945988
move,159.05362,-30.57753
move,158.69206,-29.221666
move,158.19818,-27.921736
move,157.54259,-26.7229
move,156.74521,-25.5984
move,155.81302,-24.582756
move,154.78593,-23.66284
move,153.75612,-22.899002
move,152.57669,-22.184765
move,151.28665,-21.545895
move,149.96727,-21.034378
move,148.57982,-20.650904
move,147.16696,-20.374317
move,145.78404,-20.134186
move,144.57997,-19.925093
move,143.3645,-19.711058
move,142.0951,-19.457466
move,140.70445,-19.042171
move,139.5606,-18.57959
move,138.46356,-17.990057
move,137.28557,-17.14319
move,136.26122,-16.184687
move,135.38228,-15.267244
move,134.51212,-14.375064
move,133.57843,-13.514136
move,132.58173,-12.766681
move,131.49507,-12.134324
move,130.31139,-11.675902
move,129.08145,-11.35937
move,127.855576,-11.134951
move,126.59148,-10.91806
move,125.35123,-10.705255
move,124.110466,-10.495481
move,122.830315,-10.302225
move,121.53384,-10.138797
move,120.25817,-10.005686
move,118.94613,-9.871332
move,121.53384,-10.138797
move,117.658165,-9.739434
move,116.32205,-9.602605
move,114.99798,-9.467009
move,113.6502,-9.325419
move,112.32967,-9.159178
move,110.993286,-8.87647
move,109.80862,-8.331331
move,108.800674,-7.662807
move,107.781815,-6.8078175
move,106.939545,-5.9227996
move,105.97715,-4.851763
move,105.10951,-3.9917095
move,103.953865,-3.1151533
move,102.88758,-2.4945202
move,101.59546,-1.9176637
move,100.23367,-1.4510463
move,98.84276,-1.1324555
move,97.41193,-0.9758709
move,95.97636,-0.8642217
move,94.5316,-0.7195877
move,93.06309,-0.56921494
move,91.654106,-0.4317034
move,90.197235,-0.286202
move,88.73874,-0.15969166
move,87.30118,-0.0774056
move,85.87526,-0.004767389
move,84.496826,0.04605147
move,83.09337,0.058379672
move,81.7145,0.020925619
move,80.3364,-0.038991783
move,78.91084,-0.118462615
move,77.54502,-0.18226618
move,76.14292,-0.24755733
move,74.741135,-0.31818852
move,73.35014,-0.35486463
move,71.947,-0.39009473
move,70.55751,-0.463172
move,69.1455,-0.56518227
move,67.710304,-0.68079966
move,66.4328,-0.7945821
move,65.18797,-0.8545987
move,63.95438,-0.89033043
move,62.466976,-0.84402895
move,61.028416,-0.7813287
move,59.601944,-0.7191576
move,58.16338,-0.6564551
move,56.93033,-0.602711
move,55.709362,-0.5494921
move,54.476112,-0.5008548
move,53.242725,-0.45652705
move,52.00934,-0.4121968
move,50.77595,-0.36786765
move,49.51838,-0.32267416
move,48.272804,-0.2805372
move,47.00282,-0.2441731
move,45.72048,-0.21894377
move,44.42605,-0.19370611
move,43.167908,-0.16917723
move,41.921867,-0.14488398
move,40.63953,-0.11988516
move,39.296707,-0.09370545
move,38.07486,-0.069885746
move,36.780426,-0.044650894
move,35.61907,-0.022009194
move,34.33673,0.0029896605
move,33.07859,0.027518973
move,31.832546,0.051811215
move,30.574387,0.07634355
move,29.279932,0.1015798
move,27.767706,0.13046263
move,26.315804,0.14720629
move,25.093725,0.15464133
move,23.85954,0.16081284
move,22.601156,0.16711049
move,21.330664,0.16961907
move,19.878803,0.14970753
move,18.644743,0.13122702
move,17.35026,0.10808617
move,15.922461,0.10641995
move,14.530955,0.10504752
move,13.296762,0.10173781
move,11.907512,0.027331937
move,10.484756,-0.09255511
move,9.027329,-0.23133832
move,7.648398,-0.41764694
move,6.21234,-0.632017
move,4.804626,-0.8706557
move,3.3615649,-1.117964
move,2.1119852,-1.3473417
move,0.9062356,-1.6106898
move,-0.57611614,-1.9669504
move,-1.9893135,-2.3923671
move,-3.3230786,-2.9011998
move,-4.420212,-3.4109402
move,-5.7067404,-4.157555
move,-6.808574,-5.0055337
move,-7.8402915,-6.0594373
move,-8.638577,-7.197284
move,-9.265471,-8.518035
move,-9.577776,-9.858143
move,-9.611973,-11.284195
move,-9.546886,-12.662054
move,-9.48441,-14.136874
move,-9.564583,-15.501104
move,-9.776441,-16.912554
move,-10.116307,-18.286396
move,-10.5791855,-19.637014
move,-11.01666,-20.894062
move,-11.501377,-22.120102
move,-12.137239,-23.218628
move,-12.969169,-24.318365
move,-13.964346,-25.39094
move,-14.984267,-26.245255
move,-16.148636,-27.027979
move,-17.22325,-27.60903
move,-18.50462,-28.150564
move,-19.819956,-28.604153
move,-21.194443,-28.989464
move,-22.585281,-29.251633
move,-23.997766,-29.460154
move,-25.410076,-29.669722
move,-26.815485,-29.977293
move,-28.107737,-30.600264
move,-29.034372,-31.606182
move,-29.58342,-32.931458
move,-29.7065,-34.324448
move,-29.611706,-35.712646
move,-29.505747,-37.148624
move,-29.484364,-38.563305
move,-29.588108,-39.975018
move,-29.741304,-41.443195
move,-29.957993,-42.829624
move,-30.35181,-44.187916
move,-30.874336,-45.304688
move,-31.760754,-46.46473
move,-32.76626,-47.23639
move,-34.0996,-47.86578
move,-35.3029,-48.230553
move,-36.724392,-48.453754
move,-38.13817,-48.518734
move,-39.55381,-48.50903
move,-40.77586,-48.4994
move,-42.22784,-48.506924
move,-43.667213,-48.543427
move,-45.06919,-48.610504
move,-46.494686,-48.691406
move,-47.930653,-48.797184
move,-49.362255,-48.951412
move,-50.769352,-49.10726
move,-52.200497,-49.26578
move,-53.59556,-49.420307
move,-55.03936,-49.574303
move,-56.43753,-49.697617
move,-57.873386,-49.805496
move,-59.285557,-49.905125
move,-60.516678,-49.991997
move,-61.904736,-50.089592
move,-63.340855,-50.193913
move,-64.77688,-50.29969
move,-66.22527,-50.40214
move,-67.66153,-50.50426
move,-69.07322,-50.610485
move,-70.5211,-50.719448
move,-71.956924,-50.827538
move,-73.40481,-50.93651
move,-74.8393,-51.060932
move,-76.26843,-51.23458
move,-77.41571,-51.633892
move,-78.34358,-52.766342
move,-78.61016,-54.163094
move,-78.64728,-55.614574
move,-78.67703,-57.05417
move,-78.75788,-58.491425
move,-79.001205,-59.89705
move,-80.06,-62.346172
move,-80.92989,-63.553814
move,-81.70574,-64.49797
move,-82.64061,-65.561035
move,-83.569405,-66.49651
move,-84.71839,-67.403435
move,-86.308495,-68.32772
move,-87.69749,-68.89461
move,-88.86216,-69.302605
move,-90.25353,-69.67086
move,-91.491974,-69.89342
move,-92.82234,-70.07761
move,-94.203354,-70.24794
move,-95.41875,-70.37568
move,-96.82766,-70.5141
move,-98.234535,-70.67103
move,-99.63297,-70.95478
move,-100.95921,-71.4746
move,-102.132706,-72.26247
move,-103.18174,-73.229965
move,-104.16051,-74.28583
move,-105.05605,-75.366196
move,-105.91967,-76.48796
move,-106.89893,-77.59113
move,-107.974174,-78.47235
move,-109.21023,-79.20819
move,-110.541626,-79.78623
move,-111.87553,-80.22105
move,-113.25116,-80.495186
move,-114.68445,-80.62952
move,-116.07507,-80.67356
move,-117.51486,-80.69134
move,-118.91835,-80.70865
move,-120.32184,-80.72595
move,-121.71323,-80.743126
move,-122.947334,-80.758354
move,-124.31453,-80.77525
move,-125.73012,-80.79275
move,-127.145706,-80.81023
move,-128.56128,-80.827705
move,-129.96478,-80.845055
move,-131.3804,-80.86255
move,-132.80812,-80.880196
move,-134.21165,-80.89752
move,-135.63933,-80.91607
move,-137.06543,-80.97728
move,-138.47997,-81.16794
move,-139.82198,-81.52806
move,-141.04762,-82.154625
move,-142.13588,-83.019516
move,-143.01932,-83.89812
move,-143.85396,-84.80728
move,-144.70105,-85.737915
move,-145.54907,-86.68392
move,-146.38515,-87.5916
move,-147.34111,-88.499565
move,-148.43579,-89.33744
move,-149.62077,-90.04187
move,-150.89696,-90.56155
move,-152.25514,-90.91265
move,-153.61636,-91.13465
move,-155.03224,-91.3185
move,-156.41277,-91.49285
move,-157.80531,-91.66869
move,-159.23315,-91.85447
move,-160.63876,-92.15825
move,-159.23315,-91.85447
move,-161.87563,-92.73306
move,-162.849,-93.48876
move,-163.71106,-94.354706
move,-164.6954,-95.38896
move,-165.6797,-96.42325
move,-166.54434,-97.28662
move,-167.67427,-98.2164
move,-168.72066,-98.869354
move,-169.86243,-99.397194
move,-171.24178,-99.848015
move,-172.60025,-100.1479
move,-173.81755,-100.35107
move,-175.05148,-100.5261
move,-176.27853,-100.6581
move,-177.52214,-100.73852
move,-178.7557,-100.77719
move,-180.02605,-100.798805
move,-181.28433,-100.81921
move,-182.59102,-100.8368
move,-183.87361,-100.82881
move,-185.13194,-100.81459
move,-186.41443,-100.7988
move,-187.67259,-100.77526
move,-188.93001,-100.7259
move,-190.24649,-100.64574
move,-191.50055,-100.541374
move,-192.71614,-100.41534
move,-193.97806,-100.26791
move,-195.2192,-100.156525
move,-196.48773,-100.08648
move,-197.7451,-100.035645
move,-199.02725,-100.00347
move,-200.29765,-99.98468
move,-201.58023,-99.976494
move,-202.887,-99.98745
move,-204.1814,-100.01572
move,-205.46373,-100.04097
move,-206.7946,-100.06383
move,-208.08917,-100.08151
move,-209.49265,-100.099846
move,-210.78699,-100.12845
move,-212.1414,-100.17396
move,-213.44681,-100.23404
move,-214.94513,-100.31295
move,-216.23773,-100.38654
move,-217.59042,-100.469765
move,-218.83487,-100.53854
move,-220.15253,-100.59551
move,-221.47041,-100.64623
move,-222.74022,-100.68839
move,-224.0342,-100.732376
move,-225.32765,-100.78821
move,-226.65604,-100.871216
move,-227.91165,-100.95473
move,-229.22762,-101.04214
move,-230.53163,-101.12767
move,-231.7753,-101.208694
move,-233.0908,-101.30281
move,-234.35672,-101.41017
move,-235.75514,-101.62646
move,-237.10675,-102.04341
move,-238.22847,-102.78904
move,-238.99817,-103.92691
move,-239.50607,-105.13047
move,-239.95914,-106.31743
move,-240.46477,-107.56126
move,-241.2352,-108.56068
move,-242.35588,-109.2445
move,-243.54376,-109.56888
move,-244.82306,-109.56432
move,-246.1234,-109.4345
move,-247.40381,-109.4118
move,-248.59096,-109.87973
move,-249.46085,-110.80868
move,-249.9265,-112.00797
move,-250.06908,-113.2696
move,-250.0623,-114.600044
move,-250.02557,-115.85794
move,-249.98708,-117.200485
move,-249.91779,-118.46903
move,-249.79742,-119.77021
move,-249.62927,-121.0905
move,-249.51497,-122.367744
move,-249.38545,-123.71669
move,-249.3011,-125.03255
move,-249.2923,-126.36326
move,-249.36229,-127.7287
move,-249.44872,-129.05692
move,-249.52818,-130.40979
move,-249.60948,-131.79884
move,-249.68683,-133.11542
move,-249.76874,-134.49237
move,-249.84138,-135.79709
move,-249.88086,-137.18802
move,-249.91298,-138.48232
move,-249.95866,-139.90933
move,-249.99246,-141.26404
move,-249.99971,-142.72821
move,-250.01257,-144.03493
move,-250.06969,-145.36452
move,-250.2671,-146.70415
move,-250.76572,-148.10153
move,-251.53127,-149.09436
move,-252.5538,-149.84245
move,-253.73425,-150.33781
move,-254.9637,-150.60152
move,-256.26303,-150.73877
move,-257.55582,-150.8083
move,-258.88565,-150.86417
move,-260.1269,-150.97256
move,-261.3455,-151.22438
move,-262.65674,-151.8913
move,-263.6086,-152.65639
move,-264.50235,-153.50737
move,-265.35248,-154.40169
move,-266.16492,-155.42485
move,-266.98495,-156.59352
move,-267.78314,-157.80641
move,-268.42838,-158.84422
move,-268.99243,-159.94122
move,-269.48126,-161.3196
move,-269.77582,-162.7039
move,-270.00702,-163.95317
move,-270.27243,-165.393
move,-270.45157,-166.61394
move,-270.58322,-167.82889
move,-270.71606,-169.05591
move,-270.92944,-170.30714
move,-271.37537,-171.49469
move,-271.99475,-172.56145
move,-272.75842,-173.57567
move,-273.76587,-174.53293
move,-274.8494,-175.28372
move,-276.044,-175.99742
move,-277.2336,-176.71931
move,-278.32007,-177.52576
move,-279.1547,-178.60046
move,-279.69617,-179.81433
move,-280.0476,-181.13452
move,-280.2754,-182.50699
move,-280.4202,-183.86649
move,-280.5338,-185.18042
move,-280.64218,-186.4341
move,-280.74796,-187.6638
move,-280.89545,-188.93759
move,-281.12823,-190.26027
move,-281.42233,-191.54567
move,-281.85703,-192.75133
move,-282.51334,-193.96268
move,-283.3288,-194.95044
move,-284.26328,-195.81061
move,-285.31085,-196.63086
move,-286.35092,-197.29472
move,-287.50842,-197.90067
move,-288.84177,-198.44269
move,-290.00665,-198.81154
move,-291.24957,-199.12741
move,-292.45642,-199.38548
move,-293.83765,-199.6348
move,-295.09323,-199.82861
move,-296.4584,-200.02583
move,-297.68912,-200.22171
move,-299.0458,-200.57635
move,-300.35333,-201.1455
move,-301.52774,-201.9533
move,-302.5883,-202.8902
move,-303.58264,-203.91484
move,-304.56073,-204.9384
move,-305.40512,-205.82202
move,-306.39154,-206.85442
move,-307.38614,-207.84436
move,-308.48987,-208.70961
move,-309.78305,-209.26445
move,-311.16904,-209.47711
move,-312.5832,-209.53693
move,-313.9622,-209.56015
move,-315.40076,-209.61113
move,-316.78836,-209.71492
move,-318.19962,-209.82715
move,-319.41708,-209.9332
move,-320.77914,-210.05339
move,-321.9833,-210.17212
move,-320.77914,-210.05339
move,-323.34354,-210.3106
move,-324.75412,-210.43156
move,-326.16403,-210.5605
move,-327.58658,-210.68297
move,-328.8302,-210.76476
move,-330.24295,-210.85437
move,-331.68985,-210.97598
move,-333.12198,-211.12553
move,-334.33478,-211.27667
move,-335.76202,-211.46805
move,-336.99683,-211.6371
move,-338.42044,-211.85297
move,-339.7666,-212.1503
move,-341.0663,-212.64407
move,-342.2266,-213.24348
move,-343.2663,-213.97223
move,-344.26328,-214.90678
move,-345.07498,-215.8201
move,-345.9394,-216.92572
move,-346.77023,-218.0866
move,-347.50507,-219.3103
move,-348.1451,-220.59984
move,-348.69507,-221.91716
move,-349.18253,-223.28471
move,-349.57733,-224.63136
move,-349.8824,-226.0136
move,-350.10437,-227.37491
move,-350.26144,-228.73299
move,-350.37076,-230.12016
move,-350.43845,-231.50995
move,-350.47797,-232.913
move,-350.50806,-234.29205
move,-350.53772,-235.65901
move,-350.5705,-237.00171
move,-350.66672,-238.35301
move,-350.89246,-239.7133
move,-351.2409,-240.97235
move,-351.6858,-242.2006
move,-352.29974,-243.38007
move,-353.0963,-244.44452
move,-354.06168,-245.37662
move,-355.0863,-246.14723
move,-356.2221,-246.86356
move,-357.39493,-247.49255
move,-358.58878,-248.05287
move,-359.7881,-248.54037
move,-360.99857,-248.9644
move,-362.2409,-249.32823
move,-363.50037,-249.62769
move,-364.737,-249.85956
move,-366.0704,-250.01654
move,-367.4368,-250.0306
move,-368.64755,-249.87132
move,-369.91895,-249.52393
move,-371.11087,-248.99188
move,-372.2276,-248.26913
move,-373.22528,-247.40764
move,-373.72766,-246.91763
cluster,3524
move,-374.14258,-246.47737
move,352.5,-9.999998
move,351.69574,-9.812889
move,350.47687,-9.563787
move,349.27917,-9.3183365
move,348.1086,-8.828517
move,347.25266,-8.148862
move,346.49643,-7.3742795
move,345.76855,-6.5149517
move,345.0588,-5.668418
move,344.38156,-4.8230715
move,343.69073,-3.9610322
move,342.82474,-3.0317554
move,341.88202,-2.360952
move,340.7396,-1.8195101
move,339.5201,-1.4871938
move,338.44095,-1.3079653
move,337.16885,-1.1130328
move,336.07074,-0.9174166
move,334.9717,-0.7269068
move,333.73154,-0.53625923
move,332.6146,-0.39324692
move,331.31107,-0.28228247
move,330.23004,-0.21347798
move,328.94443,-0.15387906
move,327.85117,-0.115089834
move,326.7469,-0.08509587
move,325.44937,-0.06314611
move,324.35535,-0.06234241
move,323.26166,-0.082873
move,322.19016,-0.12848823
move,321.0448,-0.19945358
move,319.93085,-0.2550795
move,318.8479,-0.28118762
move,317.55048,-0.30959728
move,316.42514,-0.3500441
move,315.34338,-0.40483797
move,314.1981,-0.47659582
move,313.09518,-0.54025096
move,311.9803,-0.5693881
move,310.8759,-0.58560264
move,309.73935,-0.6022879
move,308.62424,-0.6186565
move,307.38025,-0.63500524
move,306.20053,-0.6281766
move,304.96802,-0.58501786
move,303.85565,-0.50293803
move,302.74878,-0.36578304
move,301.51074,-0.108888306
move,300.30872,0.4033105
move,299.21103,1.0733942
move,298.13663,1.9394262
move,297.05185,3.0925975
move,296.0626,4.3124123
move,295.25284,5.3548822
move,294.15378,6.52671
move,293.05032,7.295982
move,291.8767,7.92712
move,290.38022,8.519552
move,288.87097,8.952461
move,287.4792,9.190423
move,285.9637,9.318057
move,284.72995,9.327829
move,283.4869,9.241731
move,282.2058,9.05551
move,280.78665,8.750287
move,279.58118,8.351582
move,278.30078,7.671587
move,277.31415,6.93057
move,276.38535,6.1363487
move,275.4637,5.315354
move,274.55573,4.4795456
move,273.64316,3.6487606
move,272.49994,2.7954803
move,271.4507,2.1937149
move,270.30203,1.6807454
move,268.91086,1.2266543
move,267.51962,0.9067587
move,266.10324,0.64769405
move,264.65433,0.43739587
move,263.2462,0.2922038
move,261.84464,0.21935612
move,260.62283,0.19430955
move,259.15903,0.16656874
move,257.71912,0.15247221
move,256.26697,0.14371951
move,254.81493,0.13619456
move,253.33861,0.13165015
move,251.89859,0.13558853
move,250.483,0.14471434
move,249.04326,0.15452741
move,247.56721,0.16394784
move,246.33301,0.16172104
move,244.846,0.10460763
move,243.62924,-0.00802075
move,242.26659,-0.21980114
move,240.92229,-0.57337254
move,239.67734,-1.1631577
move,238.52492,-1.9200581
move,237.45224,-2.7674801
move,236.44736,-3.6764016
move,235.49605,-4.674716
move,234.69148,-5.7340446
move,233.97217,-6.9108176
move,233.32231,-8.072357
move,232.67836,-9.305742
move,232.12758,-10.503942
move,231.64738,-11.744992
move,231.25247,-13.028483
move,230.95482,-14.350273
move,230.7547,-15.653715
move,230.62,-16.97785
move,230.50255,-18.291494
move,230.40132,-19.606497
move,230.29742,-20.98198
move,230.21307,-22.346645
move,230.13284,-23.687344
move,230.05544,-25.003965
move,230.01398,-26.382648
move,230.0166,-27.749933
move,230.00424,-29.165535
move,229.95766,-30.47146
move,229.85118,-31.846617
move,229.6843,-33.203617
move,229.46376,-34.528385
move,229.18915,-35.89244
move,228.88046,-37.22443
move,228.56175,-38.566486
move,228.25558,-39.94803
move,228.24152,-41.37283
move,228.3636,-42.783234
move,228.49033,-44.1568
move,228.57663,-45.375847
move,228.69301,-46.81097
move,228.85178,-48.20552
move,229.02032,-49.65986
move,229.18639,-50.8706
move,229.41045,-52.19484
move,229.66774,-53.476
move,230.0537,-54.86244
move,230.64058,-56.092903
move,231.60254,-57.108414
move,232.7857,-57.856445
move,234.14746,-58.35612
move,235.36777,-58.662113
move,236.7881,-58.89613
move,238.18626,-59.018192
move,239.64708,-59.1144
move,241.09584,-59.20977
move,242.37682,-59.274303
move,243.804,-59.312305
move,245.24344,-59.34065
move,246.46432,-59.39544
move,247.68524,-59.44905
move,249.13625,-59.504124
move,250.57515,-59.557835
move,252.00195,-59.610786
move,253.2599,-59.643482
move,254.68782,-59.644344
move,256.1277,-59.633347
move,257.56726,-59.61326
move,259.00684,-59.593174
move,260.41046,-59.58042
move,261.6323,-59.599792
move,263.0582,-59.67187
move,264.50452,-59.799934
move,265.71848,-59.94026
move,267.12686,-60.174046
move,268.32034,-60.43672
move,269.4976,-60.804745
move,270.65213,-61.333427
move,271.69806,-61.964264
move,272.68164,-62.68924
move,273.6431,-63.482136
move,274.69815,-64.46169
move,275.67273,-65.50461
move,276.5767,-66.640564
move,277.4029,-67.8196
move,278.14218,-69.04084
move,278.7726,-70.28094
move,279.28802,-71.57279
move,279.6673,-72.948524
move,279.9158,-74.30511
move,280.1169,-75.767494
move,280.2573,-77.188255
move,280.3034,-78.51821
move,280.29944,-79.8613
move,280.29205,-81.325386
move,280.28058,-82.7047
move,280.2019,-84.118004
move,280.07623,-85.33356
move,279.90405,-86.59228
move,279.70392,-87.785545
move,279.44098,-89.02837
move,279.0882,-90.210594
move,278.60934,-91.38702
move,277.9489,-92.69332
move,277.28516,-93.747185
move,276.4812,-94.681885
move,275.5481,-95.50708
move,274.52924,-96.26588
move,273.3345,-97.133
move,272.29373,-97.942566
move,271.34055,-98.98545
move,270.647,-100.297874
move,270.30658,-101.48286
move,270.13278,-102.75309
move,270.03076,-104.16507
move,269.9591,-105.385056
move,269.89102,-106.84756
move,269.84778,-108.28677
move,269.80988,-109.714066
move,269.77216,-111.16559
move,269.7404,-112.38728
move,269.7046,-113.766235
move,269.66748,-115.19357
move,269.63046,-116.6209
move,269.59406,-118.02405
move,269.56198,-119.257835
move,269.52603,-120.63679
move,269.48892,-122.06413
move,269.45178,-123.49147
move,269.4387,-124.71343
move,269.4697,-126.09247
move,269.5019,-127.33835
move,269.53275,-128.62057
move,269.53314,-130.01216
move,269.51926,-131.24628
move,269.4679,-132.64893
move,269.40738,-134.13597
move,269.27554,-135.56946
move,269.0246,-136.98691
move,268.76236,-138.1681
move,268.46942,-139.36702
move,268.03537,-140.76456
move,267.4934,-141.99265
move,266.78992,-143.20648
move,266.01624,-144.2589
move,265.17932,-145.19824
move,264.1503,-146.1697
move,262.9642,-147.0876
move,261.8028,-147.85368
move,260.4825,-148.61546
move,259.18323,-149.20583
move,257.84973,-149.64174
move,256.62134,-149.91312
move,255.23195,-150.10962
move,253.98874,-150.194
move,252.73055,-150.21346
move,251.25455,-150.1928
move,250.0331,-150.15271
move,248.7512,-150.10928
move,247.2516,-150.06012
move,245.81192,-150.04033
move,244.57822,-150.06937
move,243.34915,-150.17896
move,242.1032,-150.42337
move,240.92433,-150.82549
move,239.80048,-151.36255
move,238.76971,-152.03917
move,237.81638,-152.8599
move,236.93326,-153.73894
move,236.05804,-154.69304
move,235.22127,-155.61662
move,234.3563,-156.56363
move,233.4792,-157.44887
move,232.49396,-158.28778
move,231.45049,-158.94452
move,230.30196,-159.45702
move,229.1105,-159.86105
move,227.88594,-160.19928
move,226.65572,-160.46237
move,225.39577,-160.62347
move,224.1273,-160.69093
move,222.84476,-160.70271
move,221.62263,-160.70924
move,220.32791,-160.7162
move,219.04529,-160.72304
move,217.76266,-160.72992
move,216.46794,-160.73688
move,215.20961,-160.74509
move,213.86664,-160.75928
move,212.56024,-160.7906
move,211.23085,-160.85477
move,209.89323,-160.97339
move,208.64528,-161.20795
move,207.39192,-161.68347
move,206.14114,-162.46483
move,205.11855,-163.27791
move,204.13908,-164.2307
move,203.31212,-165.25719
move,202.61641,-166.36263
move,202.02565,-167.51425
move,201.52176,-168.70639
move,201.15225,-169.95909
move,200.88467,-171.31206
move,200.6857,-172.59135
move,200.50195,-173.83624
move,200.31357,-175.11719
move,200.1216,-176.42206
move,199.92685,-177.73872
move,199.69481,-179.01224
move,199.37181,-180.3033
move,198.95677,-181.56758
move,198.41675,-182.77017
move,197.70845,-183.95293
move,196.91313,-184.9582
move,195.99675,-185.88911
move,195.03844,-186.7042
move,193.96234,-187.4658
move,192.81078,-188.10768
move,191.61182,-188.68541
move,190.3931,-189.18903
move,189.07971,-189.60866
move,187.77983,-189.89326
move,186.4772,-190.0991
move,185.13028,-190.2477
move,183.74187,-190.33757
move,182.39914,-190.36641
move,181.01987,-190.38005
move,179.70088,-190.38179
move,178.34558,-190.37909
move,176.95398,-190.37633
move,175.64708,-190.37372
move,174.30388,-190.37163
move,172.9245,-190.38136
move,171.58247,-190.43118
move,170.18886,-190.59094
move,168.8751,-190.92009
move,167.60048,-191.37941
move,166.43077,-191.93307
move,165.22026,-192.64264
move,164.15111,-193.41396
move,163.16016,-194.31868
move,162.33904,-195.31808
move,161.63469,-196.46066
move,161.06593,-197.66342
move,160.61195,-198.93993
move,160.27356,-200.23932
move,160.03746,-201.61018
move,159.90411,-202.89789
move,159.80934,-204.32248
move,159.74373,-205.67613
move,159.70569,-206.90971
move,159.67471,-208.19202
move,159.64224,-209.5348
move,159.60863,-210.92598
move,159.57765,-212.20828
move,159.54492,-213.56317
move,159.50595,-214.8936
move,159.46678,-216.23615
move,159.4219,-217.66328
move,159.30962,-218.94052
move,159.0472,-220.25641
move,158.52516,-221.50378
move,157.7801,-222.59077
move,156.88919,-223.59467
move,155.92336,-224.45607
move,154.94704,-225.25
move,153.95096,-226.05795
move,152.94206,-226.90733
move,152.01404,-227.97394
move,151.38176,-229.07489
move,150.88928,-230.2192
move,150.5035,-231.46715
move,150.23059,-232.69527
move,150.04785,-233.98894
move,149.91609,-235.26466
move,149.81589,-236.55545
move,149.75279,-237.87274
move,149.72559,-239.2034
move,149.69969,-240.49774
move,149.67474,-241.74371
move,149.64793,-243.08646
move,149.62274,-244.34453
move,149.58952,-245.68713
move,149.54607,-246.95688
move,149.50098,-248.27501
move,149.45511,-249.61734
move,149.40637,-251.00798
move,149.3187,-252.3845
move,149.14777,-253.75307
move,148.89963,-255.04822
move,148.56078,-256.37256
move,148.12535,-257.69403
move,147.63718,-258.9711
move,147.13982,-260.1795
move,146.5846,-261.429
move,145.98708,-262.65872
move,145.30382,-263.8704
move,144.5003,-264.97556
move,143.5754,-265.94852
move,142.5755,-266.80807
move,141.47026,-267.59137
move,140.34769,-268.23566
move,139.07245,-268.82065
move,137.74838,-269.2855
move,136.4421,-269.64532
move,135.17554,-269.91266
move,133.87021,-270.09955
move,132.6037,-270.19608
move,131.35757,-270.19702
move,129.90636,-270.14926
move,128.6608,-270.1067
move,127.41519,-270.06433
move,126.12123,-270.01953
move,124.694496,-269.96463
move,123.38869,-269.91437
move,121.94992,-269.857
move,120.656204,-269.8067
move,119.20509,-269.75598
move,117.92306,-269.7188
move,116.70098,-269.7185
move,115.3945,-269.7463
move,114.14972,-269.80652
move,112.70451,-269.94363
move,111.46463,-270.1558
move,110.24155,-270.53555
move,109.15861,-271.14624
move,108.03657,-272.1022
move,107.11392,-273.15906
move,106.25813,-274.31683
move,105.51791,-275.34937
move,104.75156,-276.3623
move,103.69509,-277.37167
move,102.64209,-278.01144
move,101.4807,-278.4248
move,100.27071,-278.66495
move,99.03259,-278.80643
move,97.75531,-278.92303
move,96.284065,-279.04352
move,94.8582,-279.1176
move,93.40788,-279.1876
move,92.005905,-279.25522
move,90.5556,-279.3252
move,89.11738,-279.39456
move,87.690865,-279.45435
move,86.23981,-279.5058
move,84.82508,-279.55737
move,83.61588,-279.6014
move,82.15284,-279.65686
move,80.73763,-279.69275
move,79.273926,-279.7243
move,78.05194,-279.7382
move,76.58827,-279.70758
move,75.21126,-279.62704
move,73.765274,-279.49637
move,72.44751,-279.3101
move,71.0943,-279.0436
move,69.71335,-278.6819
move,68.352844,-278.249
move,67.04281,-277.74603
move,65.80438,-277.11298
move,64.61178,-276.3514
move,63.540127,-275.44708
move,62.619534,-274.40533
move,61.85664,-273.2006
move,61.28516,-271.9325
move,60.81837,-270.64743
move,60.45256,-269.2929
move,60.236782,-267.94327
move,60.130733,-266.55612
move,60.083115,-265.20178
move,60.02631,-263.81143
move,59.96947,-262.4211
move,59.921036,-261.03052
move,59.87821,-259.63977
move,59.831596,-258.16428
move,59.7758,-256.7497
move,59.715992,-255.29893
move,59.670883,-253.87184
move,59.632927,-252.43245
move,59.601997,-251.0534
move,59.604744,-249.80722
move,59.622005,-248.42801
move,59.630325,-246.98827
move,59.65538,-245.77855
move,59.713726,-244.37613
move,59.774593,-242.93742
move,59.832428,-241.57126
move,59.891155,-240.15675
move,59.940853,-238.74194
move,59.97342,-237.3508
move,59.969982,-235.97153
move,59.84412,-234.57462
move,59.515602,-233.19928
move,58.836254,-232.02116
move,57.80558,-231.05637
move,56.545757,-230.39482
move,55.150574,-230.10886
move,53.748135,-230.09248
move,52.44432,-230.18074
move,51.104324,-230.27145
move,49.858997,-230.3204
move,48.541534,-230.38182
move,47.20074,-230.46027
move,45.84807,-230.54236
move,44.566414,-230.5909
move,43.25985,-230.57866
move,41.90787,-230.48749
move,40.618523,-230.37003
move,39.343697,-230.2294
move,38.106018,-230.08319
move,36.817654,-229.95567
move,35.52641,-229.86133
move,34.259518,-229.7656
move,32.98084,-229.6655
move,31.70221,-229.56468
move,30.373917,-229.48021
move,29.105305,-229.41101
move,27.799845,-229.35204
move,26.505598,-229.31969
move,25.199001,-229.34218
move,23.856123,-229.36618
move,22.561476,-229.37651
move,21.278896,-229.38368
move,19.96003,-229.39218
move,18.617031,-229.4093
move,19.96003,-229.39218
move,17.358736,-229.42548
move,16.076244,-229.44193
move,14.781655,-229.45883
move,13.523407,-229.4782
move,12.2411785,-229.50871
move,10.959998,-229.56833
move,9.68085,-229.66144
move,8.416104,-229.86946
move,7.1736507,-230.2317
move,5.9737334,-230.77275
move,4.9303284,-231.57385
move,4.0109124,-232.53564
move,3.220233,-233.54427
move,2.6190186,-234.71542
move,2.2290955,-235.94931
move,1.92957,-237.24606
move,1.6414235,-238.63213
move,1.3911189,-239.96402
move,1.153344,-241.39635
move,1.0241624,-242.62334
move,0.9002349,-244.03352
move,0.76305604,-245.4426
move,0.64748544,-246.65929
move,0.5366112,-248.11908
move,0.47853988,-249.35187
move,0.43939954,-250.64587
move,0.41819745,-251.87997
move,0.3962531,-253.15034
move,0.36634547,-254.45677
move,0.2862697,-255.67607
move,0.17369479,-256.9537
move,0.058456246,-258.25543
move,-0.058861624,-259.58127
move,-0.18292728,-260.90646
move,-0.29939878,-262.24448
move,-0.41181964,-263.58273
move,-0.5310719,-264.9448
move,-0.69198936,-266.3633
move,-0.89047706,-267.64255
move,-1.1914958,-269.03784
move,-1.7276678,-270.5143
move,-2.377714,-271.7164
move,-3.158728,-272.79272
move,-4.126997,-273.75592
move,-5.197908,-274.56567
move,-6.338564,-275.34128
move,-7.3865027,-276.0999
move,-8.322417,-277.15875
move,-8.998739,-278.3177
move,-9.522581,-279.55402
move,-9.9655905,-280.91068
move,-10.269646,-282.2311
move,-10.43181,-283.55112
move,-10.4254465,-284.97827
move,-10.257951,-286.2855
move,-9.929108,-287.6243
move,-9.425937,-288.92056
move,-8.760797,-290.1417
move,-7.957024,-291.2312
move,-7.0608435,-292.1818
move,-6.066333,-293.10187
move,-5.0395446,-293.9677
move,-4.002563,-294.82123
move,-2.96011,-295.70547
move,-2.107137,-296.67566
move,-1.4936012,-297.79907
move,-1.0539243,-299.18112
move,-0.8127471,-300.40356
move,-0.65235484,-301.6759
move,-0.57396406,-302.89542
move,-0.5257924,-304.37076
move,-0.48558575,-305.84634
move,-0.4644517,-307.32236
move,-0.43542883,-308.78616
move,-0.39495984,-310.17703
move,-0.3366497,-311.5431
move,-0.2641371,-312.77515
move,-0.16025396,-313.99277
move,-0.012357445,-315.20578
move,0.18645768,-316.48502
move,0.39578944,-317.87292
move,0.557245,-319.09644
move,0.682281,-320.32428
move,0.78847736,-321.77237
move,0.8437875,-323.02957
move,0.856501,-324.4815
move,0.82191986,-325.70303
move,0.75322783,-327.21396
move,0.6903117,-328.604
move,0.6086539,-329.96872
move,0.4708324,-331.32904
move,0.30636257,-332.662
move,0.12448772,-334.01712
move,-0.05320424,-335.3484
move,-0.23577607,-336.71564
move,-0.42130253,-338.0582
move,-0.6598311,-339.4167
move,-1.0357476,-340.70508
move,-1.5342133,-341.92563
move,-2.1990118,-343.09113
move,-3.063235,-344.14844
move,-4.037476,-345.0363
move,-5.10469,-345.85147
move,-6.185625,-346.64865
move,-7.264893,-347.4873
move,-8.231772,-348.5664
move,-8.899198,-349.71603
move,-9.369998,-350.97247
move,-9.694113,-352.39963
move,-9.8892565,-353.7038
move,-10.0255995,-355.1614
move,-10.07242,-356.38235
move,-10.076525,-357.68918
move,-10.084404,-358.95975
move,-10.126065,-360.39905
move,-10.21483,-361.8363
move,-10.303145,-363.07944
move,-10.423965,-364.52652
move,-10.5466585,-365.79108
move,-10.679016,-367.04242
move,-10.804171,-368.52527
move,-10.864222,-369.7942
move,-10.869728,-370.03613
cluster,4457
move,-10.804171,-368.52527
move,-10.892416,-371.24582
move,-4.4703484E-07,359.5
move,-0.013369834,359.01755
move,-0.026037239,357.81644
move,-0.015405566,356.71185
move,0.0008541192,355.60733
move,0.044247247,354.40692
move,0.08213091,353.15274
move,0.11903928,351.91986
move,0.13946559,350.69745
move,0.14018358,349.47482
move,0.11572853,348.22028
move,0.0535028,346.98853
move,-0.044870786,345.76987
move,-0.1632323,344.53146
move,-0.28283864,343.30392
move,-0.39702293,342.0651
move,-0.46012893,340.83362
move,-0.4827706,339.58972
move,-0.49038795,338.3457
move,-0.46931016,337.08032
move,-0.41419953,335.85898
move,-0.3291612,334.7576
move,-0.21651371,333.5079
move,-0.1374654,332.43835
move,-0.068718836,331.34665
move,-0.030060532,330.09244
move,-0.021411477,328.827
move,-0.037677266,327.58304
move,-0.07889431,326.4899
move,-0.15451248,325.24817
move,-0.26362312,324.00888
move,-0.36720783,322.90906
move,-0.45801365,321.6682
move,-0.55855995,320.4282
move,-0.68535924,319.20135
move,-0.8151414,318.1043
move,-0.95973307,316.87955
move,-1.0272801,315.66986
move,-1.0006695,314.5872
move,-0.9327125,313.32343
move,-0.8659453,312.0811
move,-0.7985513,310.82803
move,-0.73361,309.5963
move,-0.67976016,308.49295
move,-0.6359683,307.2604
move,-0.6197745,306.17737
move,-0.6398507,304.93347
move,-0.6880949,303.69034
move,-0.7548037,302.5778
move,-0.8874251,301.01254
move,-1.0222142,299.67288
move,-1.220723,298.32864
move,-1.7322292,297.0469
move,-2.5699327,295.96384
move,-3.606046,295.08533
move,-4.700599,294.3244
move,-5.815256,293.56918
move,-6.914278,292.7479
move,-7.9445825,291.62067
move,-8.593875,290.45764
move,-9.170393,289.0398
move,-9.59146,287.56824
move,-9.853448,286.27475
move,-10.107392,284.72452
move,-10.333245,283.23688
move,-10.494682,281.67465
move,-10.603868,280.1474
move,-10.662717,278.80225
move,-10.693953,277.25815
move,-10.708285,275.9117
move,-10.725348,274.5521
move,-10.751193,273.2193
move,-10.866311,271.8654
move,-11.165768,270.32385
move,-11.573648,269.02795
move,-12.160271,267.81738
move,-13.052537,266.57648
move,-14.024536,265.66568
move,-15.183901,264.7484
move,-16.248543,263.9028
move,-17.215014,262.98605
move,-18.175291,261.81213
move,-18.931799,260.5142
move,-19.410671,259.13098
move,-19.750906,257.61157
move,-19.970991,256.12302
move,-20.174974,254.7923
move,-20.55858,253.29826
move,-21.22627,251.95277
move,-22.195852,250.77228
move,-23.418077,249.8341
move,-24.855328,249.28322
move,-26.22467,248.99612
move,-27.514248,248.57756
move,-28.536175,247.73439
move,-29.194946,246.47989
move,-29.53987,245.05756
move,-29.758575,243.68892
move,-29.96382,242.27817
move,-30.128468,240.87541
move,-30.229298,239.50645
move,-30.292007,238.06895
move,-30.35168,236.67097
move,-30.432198,235.27412
move,-30.560217,233.89421
move,-30.750431,232.45479
move,-30.965923,231.09901
move,-31.234621,229.75296
move,-31.622252,228.4509
move,-32.22612,227.10272
move,-32.931828,225.92581
move,-33.770233,224.85715
move,-34.74618,223.95905
move,-35.818413,223.17062
move,-36.817085,222.44548
move,-37.868412,221.57228
move,-38.714653,220.62775
move,-39.36409,219.55136
move,-39.876842,218.38966
move,-40.28418,217.18652
move,-40.61487,215.91005
move,-40.827168,214.64557
move,-40.937973,213.33163
move,-40.969177,212.07375
move,-40.959373,210.80334
move,-40.94764,209.5088
move,-40.93627,208.26262
move,-40.92681,206.99223
move,-40.923233,205.73373
move,-40.933636,204.35435
move,-40.98069,203.12117
move,-41.126648,201.8596
move,-41.503086,200.66211
move,-42.147526,199.55557
move,-42.967087,198.58626
move,-43.917828,197.70811
move,-44.88168,196.89911
move,-45.861496,196.09033
move,-46.837307,195.25803
move,-47.764977,194.33849
move,-48.514427,193.34459
move,-49.10968,192.15605
move,-49.50347,190.93619
move,-49.80658,189.7026
move,-50.037525,188.42888
move,-50.203487,187.14496
move,-50.326862,185.85614
move,-50.381847,184.58707
move,-50.38066,183.30438
move,-50.35347,182.03426
move,-50.288578,180.74124
move,-50.16592,179.44023
move,-50.03903,178.18819
move,-49.907574,176.93672
move,-49.784508,175.66011
move,-49.657932,174.34734
move,-49.524254,173.10826
move,-49.33889,171.82698
move,-49.08294,170.55804
move,-48.746338,169.34587
move,-48.281563,168.16402
move,-47.71776,167.0257
move,-47.07,165.9332
move,-46.303417,164.92102
move,-45.406315,164.02293
move,-44.380375,163.23427
move,-43.261944,162.46901
move,-42.400314,161.54767
move,-41.870686,160.30276
move,-41.527916,159.06715
move,-41.25366,157.82666
move,-41.026253,156.57674
move,-40.82277,155.27364
move,-40.669357,154.02477
move,-40.82277,155.27364
move,-40.56511,152.74649
move,-40.487724,151.45413
move,-40.434937,150.19685
move,-40.38953,148.90292
move,-40.356773,147.63284
move,-40.348885,146.3382
move,-40.399597,145.04466
move,-40.527874,143.7687
move,-40.740887,142.47961
move,-41.04038,141.23273
move,-41.439728,140.00163
move,-41.989815,138.76375
move,-42.600605,137.70586
move,-43.382652,136.66013
move,-44.29753,135.74556
move,-45.292053,134.9359
move,-46.319767,134.14848
move,-47.32126,133.3093
move,-48.23339,132.39177
move,-48.978794,131.35042
move,-49.522587,130.19048
move,-49.89046,128.93791
move,-50.066418,127.69286
move,-50.126347,126.41177
move,-50.130768,125.12934
move,-50.084373,123.823364
move,-50.027832,122.55415
move,-49.931908,121.27519
move,-49.819977,119.96103
move,-49.723255,118.70639
move,-49.62592,117.42752
move,-49.549496,116.13516
move,-49.507076,114.81697
move,-49.479378,113.53467
move,-49.461678,112.26437
move,-49.514687,110.95874
move,-49.58088,109.65364
move,-49.66207,108.325134
move,-49.74695,107.02106
move,-49.82013,105.77693
move,-49.885654,104.508125
move,-49.949364,103.215034
move,-50.012314,101.93403
move,-50.096718,100.65428
move,-50.221703,99.36567
move,-50.404724,98.08419
move,-50.69517,96.84785
move,-51.105656,95.607666
move,-51.65829,94.4513
move,-52.338615,93.364624
move,-53.131035,92.35702
move,-54.08377,91.46501
move,-55.130825,90.792244
move,-56.314323,90.33662
move,-57.585712,90.099594
move,-58.85356,90.02289
move,-60.160263,90.01403
move,-61.43057,90.03565
move,-62.676697,90.04502
move,-63.946987,90.022415
move,-65.265656,89.99785
move,-66.48746,89.97075
move,-67.75775,89.94543
move,-69.040146,89.91982
move,-70.31043,89.89447
move,-71.56861,89.8694
move,-72.8268,89.84431
move,-74.07301,89.83264
move,-75.3794,89.86156
move,-76.77564,89.996864
move,-78.009705,90.24092
move,-79.215294,90.60029
move,-80.40341,91.049576
move,-81.55625,91.58272
move,-82.65846,92.21369
move,-83.70524,92.95413
move,-84.66035,93.77286
move,-85.57624,94.72115
move,-86.379074,95.70556
move,-87.104935,96.762405
move,-87.72512,97.88457
move,-88.24794,99.12101
move,-88.65311,100.38862
move,-88.9691,101.59406
move,-89.2601,102.85564
move,-89.551834,104.12945
move,-89.84895,105.42688
move,-90.135254,106.677155
move,-90.435074,107.98637
move,-90.72335,109.236145
move,-91.02598,110.482506
move,-91.4118,111.755646
move,-91.916954,112.92068
move,-92.543045,114.03976
move,-93.282814,115.0867
move,-94.14914,116.03133
move,-95.12846,116.87693
move,-96.20166,117.599754
move,-97.396904,118.21087
move,-98.5755,118.68432
move,-99.81018,119.07303
move,-101.06729,119.382065
move,-102.36417,119.62118
move,-103.61248,119.77986
move,-104.90041,119.9115
move,-106.227165,120.01652
move,-107.472466,120.06461
move,-108.77885,120.09765
move,-110.061035,120.13005
move,-111.33112,120.162186
move,-112.6135,120.178955
move,-113.88339,120.13965
move,-115.20158,120.0959
move,-116.495575,120.05295
move,-117.753296,120.0112
move,-119.071526,119.96868
move,-120.317535,119.9425
move,-121.575905,119.93508
move,-122.82204,119.9518
move,-124.07819,120.02371
move,-125.41096,120.1878
move,-126.65711,120.43425
move,-127.90006,120.75006
move,-129.14372,121.18597
move,-130.31941,121.83175
move,-131.29314,122.60769
move,-132.19382,123.617874
move,-132.88219,124.62754
move,-133.64236,125.73455
move,-134.49666,126.72185
move,-135.43578,127.50223
move,-136.62581,128.2442
move,-137.74475,128.73347
move,-139.08578,129.1453
move,-140.4629,129.41426
move,-141.8555,129.58798
move,-143.25468,129.69806
move,-144.66927,129.75288
move,-145.89127,129.76682
move,-147.27075,129.76797
move,-148.49294,129.76903
move,-149.71512,129.77074
move,-151.15489,129.78752
move,-152.53395,129.81793
move,-153.90091,129.84807
move,-155.26785,129.87785
move,-156.61081,129.8986
move,-157.91753,129.91505
move,-159.21214,129.93063
move,-160.6398,129.94221
move,-161.862,129.94637
move,-163.10803,129.92267
move,-164.54716,129.87572
move,-165.82793,129.80794
move,-167.23865,129.69012
move,-168.44955,129.52692
move,-169.6607,129.23619
move,-170.85379,128.71147
move,-171.84329,127.99735
move,-172.74454,127.13731
move,-173.58678,126.235214
move,-174.48431,125.25236
move,-175.36505,124.28688
move,-176.2298,123.33961
move,-177.08183,122.43011
move,-177.98914,121.59486
move,-179.13086,120.868324
move,-180.2406,120.35787
move,-181.42142,119.960846
move,-182.71484,119.64906
move,-183.96158,119.482605
move,-185.32674,119.40725
move,-186.58421,119.35775
move,-187.9626,119.3035
move,-189.18372,119.253746
move,-190.40369,119.18205
move,-191.81003,119.02227
move,-193.23265,118.80023
move,-194.5592,118.472404
move,-195.71812,118.12459
move,-197.0836,117.70742
move,-198.24046,117.35268
move,-199.59401,116.93763
move,-200.76247,116.57938
move,-201.9238,116.199394
move,-203.03716,115.698
move,-204.2155,114.89604
move,-205.20079,113.88252
move,-205.8985,112.88025
move,-206.54625,111.636024
move,-207.00583,110.503914
move,-207.39793,109.32115
move,-207.74174,107.96063
move,-207.98325,106.76274
move,-208.18373,105.52041
move,-208.3747,104.1177
move,-208.54483,102.70006
move,-208.7136,101.29442
move,-208.86328,100.05713
move,-209.01544,98.83235
move,-209.17307,97.583885
move,-209.33331,96.34792
move,-209.49878,95.11269
move,-209.67322,93.903114
move,-209.88573,92.68746
move,-210.16977,91.48661
move,-210.56203,90.227615
move,-211.01317,89.00135
move,-211.5476,87.822685
move,-212.21562,86.68627
move,-212.95897,85.68645
move,-213.76036,84.76406
move,-214.7216,83.809265
move,-215.66338,82.97473
move,-216.65219,82.17717
move,-217.6557,81.458984
move,-218.69907,80.82322
move,-219.83185,80.24849
move,-220.9985,79.77788
move,-222.20871,79.391975
move,-223.46007,79.11296
move,-224.76558,78.92682
move,-226.03085,78.81355
move,-227.30037,78.764244
move,-228.57059,78.73945
move,-229.86522,78.73918
move,-231.20787,78.773
move,-232.44124,78.81966
move,-233.77115,78.87244
move,-234.99219,78.92384
move,-236.26193,78.968124
move,-237.49573,78.9984
move,-238.74188,79.016464
move,-240.08496,79.0224
move,-241.35548,79.017105
move,-242.69849,79.00153
move,-243.9324,78.97572
move,-245.20181,78.924675
move,-246.43921,78.78081
move,-247.65051,78.40992
move,-248.66682,77.66239
move,-249.38902,76.536446
move,-249.82512,75.369934
move,-250.11166,74.121216
move,-250.17719,72.87741
move,-250.17183,71.60693
move,-250.22972,70.30214
move,-250.61507,69.12406
move,-251.3476,68.08982
move,-252.27689,67.22579
move,-253.35136,66.50514
move,-254.42822,65.902214
move,-255.54875,65.27826
move,-256.6535,64.58106
move,-257.66245,63.752342
move,-258.46085,62.767517
move,-259.05347,61.6314
move,-259.51855,60.359627
move,-259.82056,59.088936
move,-259.96313,57.814915
move,-260.00217,56.50891
move,-259.9695,55.214638
move,-259.93558,53.920406
move,-259.90512,52.6624
move,-259.91003,51.355648
move,-259.92816,50.073177
move,-259.94724,48.802826
move,-259.96616,47.520367
move,-259.9815,46.225765
move,-259.98718,44.943176
move,-259.99158,43.64849
move,-259.99475,42.35381
move,-259.99774,41.083332
move,-259.9988,39.80075
move,-259.99942,38.51817
move,-260.00012,37.21139
move,-260.00885,35.928852
move,-260.03088,34.646423
move,-260.05573,33.35197
move,-260.08078,32.069637
move,-260.1067,30.775198
move,-260.15826,29.457373
move,-260.24985,28.129543
move,-260.35983,26.888119
move,-260.48438,25.575108
move,-260.61353,24.250381
move,-260.76178,22.976435
move,-260.98956,21.665318
move,-261.30103,20.408983
move,-261.7143,19.169651
move,-262.23764,17.972858
move,-262.89938,16.83281
move,-263.69833,15.769461
move,-264.59427,14.802088
move,-265.57666,13.886537
move,-266.62546,13.048274
move,-267.74927,12.313724
move,-268.93927,11.692234
move,-270.22366,11.157733
move,-271.4986,10.73611
move,-272.82037,10.386659
move,-274.1482,10.117371
move,-275.35907,9.952311
move,-276.72128,9.836914
move,-278.00226,9.772936
move,-279.30743,9.708375
move,-280.6247,9.642125
move,-281.9416,9.574044
move,-283.25848,9.506016
move,-284.55124,9.439431
move,-285.88028,9.368289
move,-287.19638,9.282981
move,-288.49454,9.13664
move,-289.77798,8.891782
move,-291.04144,8.517337
move,-292.17987,7.931804
move,-293.1612,7.05582
move,-293.97382,6.032975
move,-294.73444,4.9852653
move,-295.52673,3.915798
move,-296.36053,2.9420826
move,-297.3443,2.0657713
move,-298.4966,1.3559889
move,-299.65506,0.8663591
move,-300.9184,0.48921824
move,-302.2095,0.22246237
move,-303.50156,0.15119332
move,-304.83252,0.1622876
move,-306.13855,0.20655707
move,-307.46854,0.25648147
move,-308.79916,0.28802016
move,-310.118,0.27901834
move,-311.44833,0.23785056
move,-312.74286,0.22940786
move,-314.10992,0.25590035
move,-315.42813,0.29616246
move,-316.75867,0.3267955
move,-318.07727,0.34765238
move,-319.44464,0.357738
move,-320.7757,0.34966227
move,-322.1186,0.32905883
move,-323.49765,0.29635024
move,-324.88846,0.2542715
move,-326.31573,0.21452641
move,-327.68243,0.17507859
move,-329.12152,0.12589616
move,-330.5481,0.06658479
move,-331.96216,-0.00209147
move,-333.41187,-0.082778834
move,-334.6557,-0.16045855
move,-336.10483,-0.25146297
move,-337.48227,-0.32519525
move,-338.87207,-0.39434996
move,-340.2493,-0.47222406
move,-341.6135,-0.5645055
move,-343.0122,-0.68147576
move,-344.38516,-0.8138706
move,-345.75815,-0.9466119
move,-347.133,-1.0580776
move,-348.50903,-1.1534585
move,-349.88684,-1.2175646
move,-351.26587,-1.2487743
move,-352.6086,-1.2793163
move,-353.99936,-1.3251421
move,-352.6086,-1.2793163
move,-355.39035,-1.3602518
move,-356.76984,-1.3664033
move,-358.14896,-1.3375354
move,-359.516,-1.3025304
move,-360.89517,-1.267215
move,-362.00803,-1.2417051
cluster,1760
move,-362.23785,-1.2364886
move,-363.62897,-1.2049239
move,359.5,8.6426735E-07
move,359.13553,0.011505263
move,357.96664,0.0081706075
move,356.79807,-0.026436945
move,355.63,-0.07340259
move,354.45285,-0.15032826
move,353.28882,-0.25779885
move,352.12537,-0.37138292
move,350.9823,-0.4734228
move,349.8403,-0.586301
move,348.6789,-0.71993214
move,347.55185,-0.86937726
move,346.42517,-1.0212525
move,345.28284,-1.1234251
move,344.1569,-1.1049861
move,343.02072,-1.0652051
move,341.86398,-1.0060258
move,340.69748,-0.9289977
move,339.5752,-0.83629173
move,338.432,-0.73611903
move,337.26715,-0.636919
move,336.1535,-0.57605165
move,334.99548,-0.5525742
move,333.8479,-0.54518545
move,332.68954,-0.53772753
move,333.8479,-0.54518545
move,331.52048,-0.5302005
move,330.39435,-0.5229496
move,329.23602,-0.5154915
move,328.08844,-0.5081024
move,326.96234,-0.5008514
move,326.1486,-0.49561164
move,325.41837,-0.7114082
move,324.32056,-0.960703
move,323.16693,-1.1486518
move,322.0369,-1.2720901
move,320.88092,-1.3443828
move,319.75507,-1.3653563
move,318.61832,-1.3528045
move,317.47125,-1.3199376
move,316.3246,-1.2753333
move,315.19897,-1.2415783
move,314.05176,-1.2135317
move,312.9156,-1.1741393
move,311.69366,-1.1317909
move,310.51453,-1.0941769
move,309.39963,-1.0610032
move,308.25256,-1.0268762
move,307.09515,-0.9819401
move,305.9598,-0.9239406
move,304.82462,-0.865063
move,303.67868,-0.80564374
move,302.54346,-0.74677044
move,301.41895,-0.6884517
move,300.30515,-0.6306893
move,299.15872,-0.58047855
move,298.03284,-0.55975264
move,296.9067,-0.55327123
move,295.75925,-0.56968457
move,294.62558,-0.64639103
move,293.59787,-1.0445318
move,292.99344,-1.9844859
move,292.8915,-3.112608
move,292.992,-4.201628
move,293.11957,-5.4067206
move,293.17444,-6.531349
move,293.16086,-7.65725
move,293.0637,-8.8434515
move,292.91205,-9.940384
move,292.7571,-10.968264
move,292.6198,-11.9791975
move,292.51462,-12.984295
move,292.403,-14.027393
move,292.2808,-15.020904
move,292.157,-16.023918
move,292.02792,-17.113546
move,291.91437,-18.098396
move,291.8005,-19.102589
move,291.68698,-20.116503
move,291.5764,-21.179132
move,291.47498,-22.19433
move,291.3736,-23.209528
move,291.25903,-24.385363
move,291.13617,-25.674212
move,291.01456,-26.951027
move,290.8971,-28.264698
move,290.7845,-29.59093
move,290.67908,-30.881319
move,290.5669,-32.25615
move,290.45816,-33.546272
move,290.3624,-34.813145
move,290.27042,-36.10456
move,290.19434,-37.372787
move,290.12363,-38.617077
move,290.04413,-40.018406
move,289.95795,-41.26171
move,289.8642,-42.553005
move,289.77353,-43.82025
move,289.6713,-45.09877
move,289.54868,-46.387638
move,289.4101,-47.6627
move,289.2189,-48.979694
move,288.93643,-50.230392
move,288.5518,-51.440876
move,288.03986,-52.655785
move,287.38968,-53.787964
move,286.59238,-54.807102
move,285.6806,-55.77632
move,284.7248,-56.64906
move,283.71066,-57.453583
move,282.6324,-58.169086
move,281.47437,-58.773514
move,280.2839,-59.282085
move,279.0662,-59.721043
move,277.82034,-60.07236
move,276.58057,-60.349148
move,275.3112,-60.604008
move,274.0533,-60.85488
move,272.7842,-61.111473
move,271.54437,-61.388767
move,270.3139,-61.704895
move,269.0815,-62.06007
move,267.85703,-62.48026
move,266.69644,-62.995983
move,265.58423,-63.609386
move,264.52634,-64.33313
move,263.5614,-65.17696
move,262.71475,-66.1393
move,261.9858,-67.1646
move,261.3427,-68.2735
move,260.8322,-69.4626
move,260.45987,-70.67676
move,260.2079,-71.92154
move,260.03436,-73.2655
move,259.89673,-74.52855
move,259.7609,-75.80395
move,259.6209,-77.04238
move,259.48346,-78.31759
move,259.36627,-79.65559
move,259.23477,-81.07735
move,259.10263,-82.328766
move,259.01822,-83.60826
move,258.9827,-84.866135
move,258.95728,-86.19689
move,258.9299,-87.527596
move,258.9252,-88.83436
move,258.92722,-90.16534
move,258.927,-91.4963
move,258.907,-92.82715
move,258.92224,-94.14591
move,258.95966,-95.476364
move,259.01373,-96.80625
move,259.0973,-98.13458
move,259.21027,-99.46075
move,259.35953,-100.807625
move,259.58005,-102.120056
move,259.84616,-103.47355
move,260.05994,-104.799255
move,260.20688,-106.182846
move,260.27365,-107.49999
move,260.32602,-108.854164
move,260.37802,-110.22049
move,260.4234,-111.56283
move,260.45807,-112.92965
move,260.4753,-114.28474
move,260.4921,-115.61562
move,260.5091,-116.95861
move,260.52573,-118.3016
move,260.5393,-119.64463
move,260.53366,-120.975586
move,260.51932,-122.29437
move,260.50452,-123.63736
move,260.48932,-124.98035
move,260.4741,-126.335434
move,260.48932,-124.98035
move,260.45908,-127.66631
move,260.4438,-129.02144
move,260.4284,-130.38867
move,260.39706,-131.804
move,260.36655,-133.17097
move,260.35013,-134.63493
move,260.34262,-135.92953
move,260.33493,-137.24832
move,260.32767,-138.57921
move,260.32745,-139.88611
move,260.32745,-141.20512
move,260.32745,-142.52414
move,260.32745,-143.85526
move,260.319,-145.16208
move,260.30545,-146.46881
move,260.28726,-147.81178
move,260.26407,-149.13048
move,260.22504,-150.42456
move,260.16885,-151.75438
move,260.0835,-153.0584
move,259.97617,-154.34863
move,259.83444,-155.64766
move,259.65958,-156.93045
move,259.44235,-158.20671
move,259.16733,-159.4716
move,258.76364,-160.70084
move,258.19443,-161.84872
move,257.41293,-162.89317
move,256.46213,-163.733
move,255.38957,-164.43544
move,254.29977,-165.08849
move,253.20847,-165.80595
move,252.27025,-166.66046
move,251.49005,-167.69002
move,250.97437,-168.8742
move,250.67307,-170.1203
move,250.45355,-171.39618
move,250.24864,-172.65004
move,249.998,-173.93246
move,249.66922,-175.18451
move,249.21841,-176.39711
move,248.50237,-177.51363
move,247.5242,-178.35623
move,246.37253,-178.94186
move,245.10449,-179.30028
move,243.80447,-179.52075
move,242.4928,-179.65692
move,241.17725,-179.75034
move,239.8253,-179.8429
move,238.40103,-179.942
move,237.08627,-180.0464
move,235.73596,-180.16183
move,234.3742,-180.28477
move,233.0378,-180.41801
move,231.66867,-180.58499
move,230.34448,-180.80846
move,229.02147,-181.15025
move,227.7828,-181.66476
move,226.65501,-182.4548
move,225.67958,-183.37767
move,224.72914,-184.32661
move,223.76334,-185.32823
move,222.88892,-186.36295
move,222.1017,-187.48047
move,221.41873,-188.69159
move,220.92073,-189.938
move,220.53044,-191.2482
move,220.17255,-192.59283
move,219.8309,-193.91681
move,219.4732,-195.28659
move,219.0694,-196.6181
move,218.6138,-197.93289
move,218.1268,-199.23639
move,217.59912,-200.55003
move,216.99191,-201.80139
move,216.29393,-202.96288
move,215.51735,-204.14624
move,214.6168,-205.20499
move,213.58795,-206.12254
move,212.42401,-206.88225
move,211.17096,-207.48631
move,209.9038,-207.99974
move,208.58374,-208.47649
move,207.26358,-208.87575
move,205.92412,-209.20464
move,204.55313,-209.4408
move,203.16057,-209.61644
move,201.79158,-209.7852
move,200.38599,-209.95378
move,198.9897,-210.09737
move,197.57935,-210.22044
move,196.17897,-210.31519
move,194.75249,-210.37466
move,193.5185,-210.36641
move,192.08763,-210.21547
move,190.72252,-209.84601
move,189.42032,-209.26474
move,188.239,-208.48668
move,187.14665,-207.56828
move,186.18924,-206.52672
move,185.32216,-205.39262
move,184.47227,-204.2303
move,183.56558,-203.09683
move,182.55792,-202.06935
move,181.39429,-201.18317
move,180.13109,-200.49483
move,178.97478,-200.06615
move,177.56609,-199.77357
move,176.34924,-199.66513
move,174.89748,-199.65802
move,173.44617,-199.70177
move,172.21262,-199.7417
move,170.7613,-199.78569
move,169.2974,-199.81038
move,167.84555,-199.83363
move,166.6236,-199.85323
move,165.15965,-199.8769
move,163.7214,-199.9437
move,162.29933,-200.06969
move,160.8548,-200.21658
move,159.43436,-200.36101
move,158.23058,-200.48335
move,156.79813,-200.62979
move,155.3789,-200.78561
move,153.9488,-200.95334
move,152.49474,-201.1241
move,151.28036,-201.26064
move,149.85529,-201.5293
move,148.50755,-202.06252
move,147.48692,-202.73041
move,146.45972,-203.73729
move,145.68498,-204.66661
move,144.76611,-205.8065
move,143.81934,-206.92316
move,142.95839,-207.80653
move,141.77019,-208.63533
move,140.66,-209.1444
move,139.49991,-209.52727
move,138.27603,-209.81873
move,137.04393,-210.00337
move,135.74326,-210.12912
move,134.47624,-210.22202
move,133.25658,-210.29968
move,131.9281,-210.38312
move,130.49097,-210.47331
move,129.042,-210.56848
move,127.60556,-210.66882
move,126.182,-210.7784
move,124.74836,-210.91202
move,126.182,-210.7784
move,123.33284,-211.09808
move,121.93887,-211.3445
move,120.5727,-211.66545
move,119.20638,-212.0785
move,117.90838,-212.61118
move,116.66516,-213.26173
move,115.49081,-214.02925
move,114.39091,-214.9383
move,113.44788,-215.97601
move,112.690544,-217.14177
move,112.09438,-218.39827
move,111.596725,-219.72339
move,111.188194,-221.07861
move,110.86882,-222.4451
move,110.637024,-223.8047
move,110.44682,-225.19525
move,110.305244,-226.57942
move,110.231895,-227.98102
move,110.20592,-229.38437
move,110.1934,-230.78781
move,110.17689,-232.21542
move,110.11982,-233.60573
move,110.04008,-235.01912
move,109.94621,-236.4074
move,109.84564,-237.81952
move,109.74562,-239.21956
move,109.64634,-240.61964
move,109.55828,-241.99623
move,109.47519,-243.4094
move,109.39507,-244.79851
move,109.36528,-246.1774
move,109.35451,-247.56874
move,109.3457,-248.97221
move,109.34167,-250.3275
move,109.33925,-251.70702
move,109.337654,-253.11073
move,109.33613,-254.46605
move,109.334785,-255.70035
move,109.333275,-257.10394
move,109.331726,-258.49542
move,109.33022,-259.88687
move,109.32684,-261.29047
move,109.30705,-262.70602
move,109.253044,-264.10864
move,109.155106,-265.5209
move,108.998344,-266.9278
move,108.78036,-268.35098
move,108.473175,-269.7077
move,108.01574,-271.0339
move,107.44606,-272.3031
move,106.768074,-273.5592
move,105.9988,-274.7325
move,105.12028,-275.84222
move,104.15504,-276.8603
move,103.088356,-277.75287
move,101.93673,-278.5546
move,100.702515,-279.24655
move,99.37544,-279.77066
move,98.14263,-280.12302
move,96.894516,-280.3584
move,95.644875,-280.50525
move,94.35383,-280.6015
move,93.085304,-280.67215
move,91.816765,-280.74277
move,90.56039,-280.8141
move,89.29196,-280.88657
move,88.03509,-280.9477
move,86.76536,-280.99078
move,85.483215,-281.02502
move,84.21308,-281.05533
move,82.9308,-281.0823
move,81.63667,-281.12048
move,80.342575,-281.15997
move,79.108955,-281.19797
move,77.68157,-281.2323
move,76.25428,-281.27002
move,74.8151,-281.31485
move,73.387695,-281.34842
move,71.96003,-281.36374
move,70.5326,-281.3362
move,69.10721,-281.25616
move,67.68293,-281.15674
move,66.22217,-281.05853
move,64.82011,-280.9938
move,63.380802,-280.95255
move,62.122887,-280.97433
move,60.78326,-281.17233
move,59.43475,-281.5984
move,58.177643,-282.24664
move,57.046528,-283.03583
move,55.95074,-283.9125
move,54.884792,-284.84406
move,53.847073,-285.78912
move,52.81123,-286.73615
move,51.72271,-287.64072
move,50.565857,-288.43472
move,49.29842,-289.08856
move,47.976273,-289.5198
move,46.616005,-289.81113
move,45.237564,-289.99927
move,43.838314,-290.10825
move,42.45974,-290.15308
move,41.080383,-290.16498
move,39.676804,-290.1728
move,38.297424,-290.18317
move,36.918045,-290.19324
move,35.502365,-290.20218
move,34.147182,-290.20764
move,32.7678,-290.2131
move,31.36422,-290.21872
move,29.98484,-290.2242
move,28.605461,-290.2297
move,27.213982,-290.23523
move,25.834602,-290.24072
move,24.455223,-290.24622
move,23.051643,-290.25192
move,21.672834,-290.28873
move,20.331125,-290.34998
move,18.941095,-290.4141
move,17.587347,-290.4769
move,16.221512,-290.54028
move,14.843591,-290.6042
move,13.489187,-290.64923
move,12.098052,-290.68094
move,10.743168,-290.71033
move,9.388283,-290.73962
move,10.743168,-290.71033
move,7.9848156,-290.75177
move,6.653899,-290.7367
move,5.2745867,-290.7211
move,3.8469093,-290.70242
move,2.4798791,-290.6753
move,1.1128932,-290.646
move,-0.2541913,-290.62183
move,-1.6334044,-290.59906
move,-3.00052,-290.57654
move,-4.367636,-290.55402
move,-5.7589674,-290.53238
move,-7.1624126,-290.51132
move,-8.590054,-290.48984
move,-9.9451,-290.4695
move,-11.324347,-290.44882
move,-12.703592,-290.42816
move,-14.082837,-290.4075
move,-15.437894,-290.38766
move,-16.793047,-290.37723
move,-18.16034,-290.38
move,-19.527456,-290.4019
move,-20.882355,-290.43045
move,-22.2133,-290.43536
move,-23.56848,-290.42987
move,-24.935781,-290.42773
move,-26.278883,-290.426
move,-27.682484,-290.42426
move,-29.086086,-290.4224
move,-30.441288,-290.42075
move,-31.856989,-290.419
move,-33.21217,-290.41736
move,-34.56735,-290.4157
move,-35.99513,-290.414
move,-37.338207,-290.41238
move,-38.693386,-290.41068
move,-40.060665,-290.409
move,-41.427944,-290.40854
move,-42.771023,-290.40884
move,-44.1262,-290.40915
move,-45.46928,-290.40945
move,-46.82446,-290.40982
move,-48.167545,-290.4102
move,-49.510624,-290.4098
move,-50.853497,-290.38773
move,-52.1824,-290.31555
move,-53.517857,-290.17398
move,-54.838406,-290.00742
move,-56.134945,-289.8439
move,-57.45548,-289.67725
move,-58.820114,-289.47687
move,-60.043026,-289.23734
move,-61.354744,-288.89816
move,-62.634888,-288.41998
move,-63.84772,-287.7908
move,-64.85056,-287.07288
move,-65.82499,-286.20294
move,-66.6631,-285.29764
move,-67.421616,-284.2941
move,-68.114395,-283.1723
move,-68.70926,-281.9686
move,-69.17354,-280.74783
move,-69.501755,-279.4336
move,-69.6994,-278.09348
move,-69.78389,-276.77737
move,-69.85893,-275.40005
move,-69.93452,-274.0228
move,-70.03816,-272.67172
move,-70.17872,-271.28745
move,-70.427864,-269.98096
move,-70.92331,-268.68292
move,-71.62206,-267.53732
move,-72.45919,-266.4571
move,-73.41259,-265.49527
move,-74.4325,-264.60306
move,-75.50804,-263.7592
move,-76.62525,-263.01447
move,-77.82225,-262.3544
move,-79.08176,-261.79303
move,-80.36162,-261.34842
move,-81.68396,-261.00156
move,-83.00301,-260.74976
move,-84.35749,-260.5635
move,-85.70603,-260.43048
move,-87.05986,-260.37045
move,-88.40204,-260.32056
move,-89.7684,-260.2697
move,-91.134766,-260.21893
move,-92.46486,-260.16943
move,-93.75867,-260.12137
move,-95.08876,-260.07184
move,-96.39467,-260.02316
move,-97.70058,-259.97452
move,-99.006485,-259.92603
move,-100.30051,-259.88412
move,-101.619194,-259.86353
move,-102.92597,-259.85944
move,-104.184265,-259.8751
move,-105.47885,-259.89294
move,-106.73714,-259.91028
move,-108.055916,-259.92987
move,-109.30201,-259.9509
move,-110.66909,-259.9739
move,-111.95147,-259.99548
move,-113.22174,-260.01688
move,-114.492065,-260.03693
move,-115.761955,-260.01758
move,-117.099525,-259.89697
move,-118.37301,-259.74442
move,-119.61975,-259.57364
move,-120.86442,-259.38812
move,-122.23072,-259.19925
move,-123.49583,-259.08438
move,-124.82483,-259.01117
move,-126.10702,-258.98557
move,-127.485466,-259.03348
move,-128.70622,-259.0904
move,-129.9748,-259.1609
move,-131.2787,-259.2479
move,-132.56863,-259.3587
move,-133.85622,-259.49423
move,-135.12898,-259.65262
move,-136.42488,-259.8211
move,-137.72495,-259.95334
move,-139.05185,-260.0572
move,-140.4166,-260.1407
move,-141.72249,-260.18488
move,-143.06546,-260.1729
move,-144.4076,-260.12433
move,-145.7685,-259.9948
move,-147.08342,-259.79004
move,-148.4242,-259.46835
move,-149.72218,-259.0789
move,-150.99452,-258.64923
move,-152.20067,-258.11777
move,-153.39682,-257.40823
move,-154.43744,-256.61853
move,-155.44644,-255.7142
move,-156.3494,-254.75366
move,-157.15813,-253.6672
move,-157.81903,-252.51271
move,-158.37805,-251.25218
move,-158.78822,-249.96138
move,-159.0613,-248.62216
move,-159.22575,-247.25282
move,-159.3206,-245.88893
move,-159.35394,-244.52219
move,-159.32964,-243.16724
move,-159.3149,-241.7879
move,-159.30006,-240.39647
move,-159.29553,-239.01718
move,-159.31412,-237.62584
move,-159.33234,-236.25867
move,-159.35068,-234.87941
move,-159.37088,-233.47598
move,-159.40839,-232.12137
move,-159.46413,-230.74313
move,-159.53438,-229.30486
move,-159.60144,-227.93909
move,-159.66815,-226.65817
move,-159.77846,-225.36821
move,-159.93332,-224.05855
move,-160.18195,-222.73898
move,-160.48407,-221.46764
move,-160.8353,-220.18398
move,-161.2444,-218.93025
move,-161.71834,-217.68683
move,-162.27606,-216.51915
move,-162.96463,-215.33801
move,-163.68619,-214.27809
move,-164.56184,-213.22887
move,-165.4632,-212.33409
move,-166.46985,-211.50157
move,-165.4632,-212.33409
move,-167.53514,-210.78816
move,-168.69969,-210.17073
move,-169.89497,-209.70723
move,-171.17435,-209.34193
move,-172.4683,-209.08794
move,-173.75395,-208.93765
move,-175.11925,-208.86798
move,-176.37746,-208.88449
move,-177.65862,-208.94447
move,-178.96346,-209.01416
move,-180.24416,-209.08252
move,-181.5009,-209.14671
move,-182.78197,-209.20845
move,-184.05127,-209.26292
move,-185.30856,-209.31516
move,-186.65048,-209.37094
move,-187.91986,-209.42378
move,-189.18925,-209.4765
move,-190.53119,-209.5322
move,-191.7885,-209.5844
move,-193.05789,-209.63712
move,-194.33939,-209.69034
move,-195.60878,-209.74306
move,-196.91444,-209.79732
move,-198.18382,-209.84999
move,-199.47739,-209.9037
move,-200.77098,-209.95749
move,-202.04037,-210.01024
move,-203.32188,-210.06345
move,-204.63962,-210.1182
move,-206.02992,-210.17593
move,-207.34767,-210.23067
move,-208.67752,-210.28592
move,-210.05574,-210.34328
move,-211.39766,-210.3991
move,-212.72751,-210.45432
move,-214.02107,-210.50803
move,-215.363,-210.56374
move,-216.64449,-210.617
move,-217.96222,-210.6717
move,-219.29205,-210.72691
move,-220.56146,-210.77963
move,-221.85503,-210.83333
move,-223.17276,-210.88805
move,-224.46634,-210.94183
move,-225.77202,-210.99612
move,-227.08977,-211.05084
move,-228.4196,-211.10606
move,-229.73735,-211.16078
move,-231.05508,-211.21555
move,-232.40938,-211.26355
move,-233.70392,-211.2844
move,-235.03476,-211.30363
move,-236.38982,-211.32278
move,-237.68452,-211.32939
move,-239.03984,-211.32402
move,-240.35866,-211.3107
move,-241.76219,-211.29433
move,-243.09312,-211.27876
move,-244.44826,-211.26294
move,-245.75499,-211.24767
move,-247.13432,-211.23157
move,-248.52574,-211.2154
move,-249.89293,-211.19763
move,-251.28413,-211.17052
move,-252.62672,-211.13596
move,-253.99326,-211.08894
move,-255.4073,-211.02113
move,-256.78207,-210.91016
move,-258.15942,-210.71423
move,-259.53894,-210.39932
move,-260.81332,-209.941
move,-262.06134,-209.32687
move,-263.26938,-208.5671
move,-264.24033,-207.80605
move,-265.27832,-206.79195
move,-266.22577,-205.6141
move,-266.9235,-204.52406
move,-267.5361,-203.34296
move,-268.06265,-202.08153
move,-268.46686,-200.82646
move,-268.80624,-199.5021
move,-269.08548,-198.17606
move,-269.31555,-196.87746
move,-269.4614,-195.56686
move,-269.56522,-194.23999
move,-269.61935,-192.89812
move,-269.64078,-191.59142
move,-269.66193,-190.26057
move,-269.68344,-188.94183
move,-269.691,-187.59874
move,-269.67264,-186.2921
move,-269.62714,-184.96196
move,-269.5511,-183.64525
move,-269.47617,-182.3406
move,-269.45337,-180.98605
move,-269.46304,-179.67941
move,-269.494,-178.36093
move,-269.5378,-177.03065
move,-269.58124,-175.7125
move,-269.62436,-174.40642
move,-269.6665,-173.07607
move,-269.73734,-171.73482
move,-269.81314,-170.4424
move,-269.84625,-169.14813
move,-269.87872,-167.80544
move,-269.88916,-166.51079
move,-269.85165,-165.14406
move,-269.80682,-163.82594
move,-269.77682,-162.54372
move,-269.7523,-161.22516
move,-269.7183,-159.90678
move,-269.6515,-158.58961
move,-269.5697,-157.29752
move,-269.4357,-155.98558
move,-269.25366,-154.70383
move,-268.994,-153.41133
move,-268.5727,-152.21371
move,-267.93555,-151.04651
move,-267.17603,-149.99922
move,-266.2316,-148.9449
move,-265.3279,-148.01785
move,-264.39276,-147.03726
move,-263.5904,-146.03697
move,-262.8389,-144.95374
move,-262.1834,-143.7683
move,-261.61816,-142.52374
move,-261.18817,-141.29027
move,-260.8732,-140.10959
move,-260.6078,-138.83012
move,-260.38214,-137.51857
move,-260.21942,-136.28288
move,-260.03476,-135.06277
move,-260.21942,-136.28288
move,-259.73312,-133.85454
move,-259.2873,-132.69176
move,-258.65125,-131.6533
move,-257.6693,-130.89497
move,-256.53714,-130.44487
move,-255.30171,-130.20605
move,-253.88931,-129.99792
move,-252.47377,-129.81126
move,-251.24112,-129.62746
move,-250.04524,-129.37796
move,-248.86076,-128.9577
move,-247.79152,-128.36815
move,-246.78928,-127.62808
move,-245.7194,-126.68307
move,-244.88167,-125.79378
move,-244.11302,-124.813225
move,-243.30965,-123.61869
move,-242.68718,-122.53926
move,-242.14528,-121.44412
move,-241.66537,-120.29427
move,-241.264,-119.11456
move,-240.91557,-117.930626
move,-240.61462,-116.68405
move,-240.41322,-115.478905
move,-240.2876,-114.22694
move,-240.19913,-112.95954
move,-240.1223,-111.64289
move,-240.04056,-110.20532
move,-239.96503,-108.876465
move,-239.89252,-107.55956
move,-239.83847,-106.27808
move,-239.78212,-104.92406
move,-239.70775,-103.51033
move,-239.61768,-102.14602
move,-239.51927,-100.84295
move,-239.39151,-99.55463
move,-239.26184,-98.16929
move,-239.15907,-96.9151
move,-239.06662,-95.6601
move,-238.94519,-94.334694
move,-238.78662,-93.03758
move,-238.60536,-91.75566
move,-238.38194,-90.36998
move,-238.1434,-89.060524
move,-237.86484,-87.6725
move,-237.61548,-86.29133
move,-237.47655,-84.88341
move,-237.51349,-83.48087
move,-237.64978,-82.084145
move,-237.83203,-80.753525
move,-238.0797,-79.384315
move,-238.3468,-78.03105
move,-238.54254,-76.66577
move,-238.7172,-75.2731
move,-238.87628,-73.91512
move,-239.00989,-72.54222
move,-239.1525,-71.17025
move,-239.3047,-69.79928
move,-239.4532,-68.39141
move,-239.59354,-66.994835
move,-239.4532,-68.39141
move,-239.78806,-65.60509
move,-240.06323,-64.24132
move,-240.43307,-62.875057
move,-240.83746,-61.61974
move,-241.3659,-60.33306
move,-241.88783,-59.228107
move,-242.48929,-58.123104
move,-243.16682,-57.091743
move,-243.96059,-56.038803
move,-244.82617,-55.04409
move,-245.73657,-54.176308
move,-246.76324,-53.388393
move,-247.92206,-52.66464
move,-249.1385,-52.09656
move,-250.49614,-51.618515
move,-251.68205,-51.32468
move,-252.93114,-51.09318
move,-254.21394,-50.919014
move,-255.4564,-50.823303
move,-256.72614,-50.779556
move,-257.9966,-50.783554
move,-259.26678,-50.81169
move,-260.50067,-50.839466
move,-261.75876,-50.867783
move,-263.0047,-50.89583
move,-264.26282,-50.92415
move,-265.52106,-50.944256
move,-266.80377,-50.953648
move,-268.02597,-50.96257
move,-269.27213,-50.945606
move,-270.52908,-50.888077
move,-271.77304,-50.812336
move,-273.00217,-50.70097
move,-274.2537,-50.569874
move,-275.49033,-50.415455
move,-276.7304,-50.202057
move,-277.94247,-49.913464
move,-279.13367,-49.509117
move,-280.26245,-49.010803
move,-281.3367,-48.428596
move,-282.40588,-47.765133
move,-283.43066,-47.035378
move,-284.38312,-46.250774
move,-285.3045,-45.37658
move,-286.12863,-44.458225
move,-286.89093,-43.457626
move,-287.5652,-42.367203
move,-288.15228,-41.18645
move,-288.6128,-40.0417
move,-288.99704,-38.843735
move,-289.31232,-37.501225
move,-289.48972,-36.292282
move,-289.60263,-34.94194
move,-289.67188,-33.685486
move,-289.69818,-32.43947
move,-289.71945,-31.193342
move,-289.74078,-29.947226
move,-289.76382,-28.604324
move,-289.78656,-27.273523
move,-289.80603,-26.027378
move,-289.8215,-24.78117
move,-289.83804,-23.45027
move,-289.85376,-22.17986
move,-289.86917,-20.93365
move,-289.88577,-19.602743
move,-289.9018,-18.344442
move,-289.9208,-17.061983
move,-289.95724,-15.731583
move,-290.02963,-14.463145
move,-290.1058,-13.122209
move,-290.17456,-11.82933
move,-290.23193,-10.572262
move,-290.26965,-9.290219
move,-290.3059,-8.008136
move,-290.34586,-6.7261558
move,-290.39545,-5.444556
move,-290.5295,-4.1455503
move,-290.86853,-2.8851993
move,-291.46643,-1.727109
move,-292.36212,-0.7985149
move,-293.45554,-0.1572832
move,-294.72742,0.22479357
move,-295.9672,0.34136978
move,-297.27362,0.32372043
move,-298.60385,0.27528417
move,-300.01877,0.22375561
move,-301.2884,0.17661688
move,-302.59442,0.13148314
move,-303.88873,0.100316785
move,-305.18274,0.05840356
move,-306.4518,-0.0012407859
move,-307.744,-0.08139011
move,-309.03464,-0.18347286
move,-310.31088,-0.31039345
move,-311.6089,-0.461061
move,-312.8945,-0.61443204
move,-314.18033,-0.76520896
move,-315.46985,-0.88066083
move,-316.84378,-1.0033367
move,-318.1331,-1.1205678
move,-319.4615,-1.2023673
move,-320.80212,-1.2829033
move,-322.21405,-1.3860012
move,-323.54205,-1.4763753
move,-324.77505,-1.5284363
move,-326.0929,-1.4948062
move,-327.3917,-1.3520627
move,-328.6483,-1.1652514
move,-329.946,-0.93052167
move,-331.22122,-0.7071153
move,-332.52567,-0.5120253
move,-333.82306,-0.35563517
move,-335.11365,-0.25314733
move,-336.3949,-0.19630194
move,-337.7255,-0.16472441
move,-338.99496,-0.11834515
move,-340.32416,-0.048654832
move,-341.58188,-0.006467059
move,-342.88815,0.027180467
move,-344.15863,0.042290386
move,-345.47763,0.057069797
move,-346.77234,0.06429351
move,-348.04282,0.07118162
move,-349.30118,0.077999756
move,-350.58374,0.084950216
move,-351.87842,0.09196746
move,-353.1611,0.08437697
move,-354.2015,0.06890164
cluster,2654
move,-354.39508,0.06489521
move,-355.7742,0.03633964
move,-357.0444,0.010040665
move,56.19565,-0.5
move,55.203968,-0.468098
move,52.627895,-0.38855097
move,50.100174,-0.31119627
move,47.499886,-0.23161817
move,44.89972,-0.14812355
move,41.91186,-0.081006184
move,39.28694,-0.14592956
move,37.145916,-0.20121188
move,33.746914,-0.28897682
move,30.009241,-0.38548777
move,28.932968,-0.4132785
move,27.471142,-0.69275314
move,24.92382,-1.1573606
move,22.368258,-1.9735823
move,20.24143,-3.2844095
move,18.337545,-5.1229286
move,16.707281,-6.9763074
move,15.078543,-8.847161
move,13.481749,-10.681651
move,11.630904,-12.808351
move,9.825106,-14.796592
move,7.9866004,-16.671204
move,6.1382494,-18.553123
move,4.3831573,-20.340084
move,2.6348531,-22.118258
move,0.7081286,-23.936827
move,-1.2413728,-25.507854
move,-3.3378246,-27.147932
move,-5.2906528,-28.69697
move,-7.2434807,-30.24601
move,-7.547842,-30.487436
