metadata,origin:fort-sterling,destination:aspenwood,name:Default Trade Mission
move,-8.880345,-33.547943
move,-8.598749,-33.421825
move,-5.981537,-32.362503
move,-4.743905,-31.867985
move,-2.9600232,-30.927168
move,-1.2682447,-29.741426
move,0.2509673,-28.383757
move,1.5900731,-26.886026
move,2.8716242,-25.182663
move,3.9811823,-23.585636
move,4.9371057,-22.09939
move,6.2507634,-19.911146
move,4.9371057,-22.09939
move,7.2366314,-18.105932
move,6.2507634,-19.911146
move,8.206885,-16.19725
move,9.208468,-14.220579
move,10.225414,-12.304548
move,11.381258,-10.316092
move,12.545617,-8.553417
move,14.138746,-6.611078
move,16.106194,-4.6263366
move,18.698975,-2.7576506
move,21.635672,-1.824566
move,24.172241,-1.4378504
move,26.723282,-1.297566
move,29.467781,-1.2433965
move,32.452797,-1.1954185
move,35.235554,-1.1573316
move,37.828743,-1.1369674
move,40.712894,-1.1156087
move,43.432167,-1.0677344
move,46.252327,-1.0024872
move,49.13572,-0.9357682
move,51.980747,-0.8550225
move,54.89997,-0.72414166
move,57.54105,-0.6025125
move,60.081383,-0.4935556
move,61.24438,-0.45034522
cluster,12,mawar-gorge
move,-345.06198,59.87717
move,-344.61438,59.837265
move,-343.3965,59.728653
move,-342.18945,59.617382
move,-340.8368,59.49115
move,-339.7856,59.396465
move,-338.50372,59.30241
move,-337.13614,59.24492
move,-335.81967,59.259846
move,-334.60965,59.330082
move,-333.35175,59.45644
move,-332.19333,59.62294
move,-330.9272,59.84429
move,-329.6321,60.08187
move,-328.53152,60.27884
move,-327.36633,60.47072
move,-326.2384,60.62816
move,-324.8339,60.75922
move,-323.63382,60.8204
move,-322.44278,60.800022
move,-323.63382,60.8204
move,-321.11874,60.711952
move,-322.44278,60.800022
move,-319.7131,60.504845
move,-318.32904,60.232254
move,-317.10883,59.943127
move,-315.8775,59.61265
move,-314.815,59.26446
move,-313.44934,58.7964
move,-312.08517,58.323635
move,-310.40942,57.743385
move,-309.07507,57.192387
move,-307.5477,56.40601
move,-305.8205,55.305687
move,-304.40802,54.27901
move,-303.05075,53.202797
move,-301.97507,52.281532
move,-300.54794,51.116997
move,-299.16495,50.297737
move,-297.41852,49.42567
move,-295.97232,48.82151
move,-294.4329,48.268353
move,-292.72473,47.741528
move,-291.32947,47.32017
move,-289.69,46.76071
move,-288.2732,46.231236
move,-286.97687,45.697178
move,-285.72348,45.01077
move,-284.3802,44.10212
move,-283.3321,43.17275
move,-282.328,41.917606
move,-281.57352,40.5938
move,-281.01572,38.983707
move,-280.56702,37.310707
move,-280.24536,35.343403
move,-280.01398,33.77917
move,-279.76065,32.107014
move,-279.52042,30.697418
move,-279.14944,29.146719
move,-278.5715,27.618067
move,-277.7978,26.255154
move,-277.0545,25.06614
move,-276.17358,23.958786
move,-275.18988,22.94009
move,-274.09613,21.875471
move,-272.88678,20.598135
move,-272.10114,19.437792
move,-271.33322,17.839659
move,-270.71924,16.32301
move,-270.09863,14.705496
move,-269.55365,13.235775
move,-269.0727,11.932989
move,-268.54892,10.514096
move,-268.03226,9.151272
move,-267.29977,7.6754007
move,-266.24878,6.1291485
move,-265.2283,4.9229198
move,-264.16876,3.9428341
move,-262.8218,2.8989847
move,-261.35626,2.0301363
move,-259.75595,1.2990139
move,-258.25186,0.7704841
move,-256.72873,0.3461136
move,-254.98482,-0.04448572
move,-252.99063,-0.37349513
move,-251.24286,-0.57864046
move,-249.64548,-0.73974186
move,-248.03596,-0.9162425
move,-246.70927,-1.1103089
move,-245.21925,-1.4004287
move,-243.946,-1.676481
move,-242.52618,-2.0466094
move,-241.00166,-2.5524457
move,-239.69472,-3.1307213
move,-238.04382,-3.958268
move,-236.88376,-4.578844
move,-235.28659,-5.4547653
move,-233.8522,-6.259055
move,-232.5303,-7.005413
move,-230.92624,-7.8949385
move,-229.66887,-8.519464
move,-228.47713,-9.045983
move,-226.94403,-9.603597
move,-225.46094,-9.981316
move,-223.54478,-10.331234
move,-222.08565,-10.4857
move,-223.54478,-10.331234
move,-220.34445,-10.61007
move,-222.08565,-10.4857
move,-218.58746,-10.68108
move,-216.90543,-10.717381
move,-215.55193,-10.712365
move,-214.09732,-10.69219
move,-212.18736,-10.666049
move,-210.6442,-10.646465
move,-209.24005,-10.639785
move,-212.18736,-10.666049
move,-207.71162,-10.709849
move,-206.26556,-10.867069
move,-204.38802,-11.141514
move,-202.49185,-11.459916
move,-200.72316,-11.83935
move,-199.46056,-12.160705
move,-197.99237,-12.593192
move,-196.53029,-13.192325
move,-195.21469,-13.9233055
move,-193.83606,-14.772521
move,-192.54959,-15.578279
move,-191.15521,-16.450024
move,-189.72649,-17.289291
move,-188.40761,-18.014881
move,-187.03302,-18.716284
move,-185.40814,-19.482256
move,-183.75311,-20.21245
move,-182.44354,-20.785315
move,-181.53958,-21.180832
move,-179.94159,-21.883505
move,-178.43806,-22.580158
move,-176.94101,-23.319757
move,-175.54343,-24.059496
move,-174.00021,-24.928106
move,-172.71373,-25.685186
move,-171.16455,-26.59441
move,-169.56183,-27.374928
move,-168.15862,-27.953894
move,-166.58084,-28.538214
move,-165.03252,-29.053118
move,-163.71313,-29.407526
move,-161.75078,-29.848143
move,-159.94765,-30.183777
move,-158.38356,-30.415571
move,-156.97798,-30.593266
move,-155.45367,-30.731203
move,-154.0765,-30.797949
move,-152.14122,-30.822424
move,-150.62314,-30.8192
move,-148.85226,-30.808678
move,-147.30908,-30.795544
move,-145.71597,-30.746618
move,-144.1746,-30.670397
move,-142.4701,-30.566381
move,-140.90451,-30.470507
move,-139.20004,-30.364157
move,-137.83635,-30.281487
move,-136.33347,-30.194906
move,-135.01965,-30.125877
move,-133.37679,-30.054049
move,-131.92232,-30.031101
move,-130.54349,-30.038141
move,-128.65904,-30.075222
move,-127.29317,-30.106483
move,-125.53529,-30.148607
move,-123.89131,-30.189783
move,-122.33586,-30.22875
move,-120.86892,-30.265512
move,-119.46508,-30.29464
move,-117.84602,-30.31718
move,-116.30286,-30.337631
move,-114.73439,-30.358435
move,-112.96355,-30.381887
move,-111.01562,-30.407703
move,-109.32067,-30.430162
move,-107.550804,-30.484789
move,-106.20436,-30.62316
move,-104.561325,-30.837467
move,-103.05242,-31.156252
move,-101.65232,-31.59466
move,-100.20677,-32.135098
move,-101.65232,-31.59466
move,-98.52424,-32.76414
move,-100.20677,-32.135098
move,-96.99574,-33.33556
move,-95.63314,-33.844963
move,-94.8062,-34.1541
move,-93.13382,-35.153206
move,-91.46785,-36.138218
move,-89.983765,-36.983078
move,-88.72541,-37.661037
move,-87.34886,-38.299393
move,-86.036026,-38.759274
move,-84.565384,-39.133194
move,-83.162415,-39.4058
move,-81.50629,-39.6141
move,-80.1181,-39.70962
move,-78.426125,-39.81178
move,-77.12558,-39.890312
move,-78.426125,-39.81178
move,-75.6735,-39.97799
move,-73.918396,-40.08397
move,-72.34005,-40.17927
move,-70.938484,-40.263905
move,-69.63793,-40.342438
move,-69.08817,-40.37562
move,-68.150795,-39.45253
move,-66.96899,-38.255238
move,-65.83173,-36.99821
move,-64.99524,-36.03249
move,-64.12866,-34.848812
move,-63.033092,-33.253273
move,-62.089165,-31.830362
move,-61.14383,-30.170692
move,-60.51678,-28.97114
move,-59.81367,-27.625793
move,-59.061543,-26.177618
move,-58.12853,-24.36726
move,-57.266342,-22.777006
move,-56.51206,-21.430634
move,-55.752293,-20.190071
move,-54.630928,-18.535831
move,-53.593613,-17.147587
move,-52.676907,-16.001863
move,-51.70104,-14.958412
move,-50.615673,-14.088703
move,-49.34538,-13.306712
move,-48.14501,-12.73842
move,-46.583054,-12.187232
move,-45.09962,-11.810614
move,-43.672577,-11.528765
move,-41.81691,-11.283284
move,-40.041153,-11.115644
move,-38.564457,-11.017234
move,-37.13567,-10.974135
move,-35.175236,-11.00026
move,-33.734715,-11.067141
move,-31.739883,-11.191387
move,-29.997593,-11.3004265
move,-28.571041,-11.391406
move,-27.04206,-11.438537
move,-25.715565,-11.370213
move,-27.04206,-11.438537
move,-24.434462,-11.216474
move,-22.892801,-10.816462
move,-21.267832,-10.116736
move,-20.00416,-9.371886
move,-18.703873,-8.49459
move,-17.068214,-7.3680773
move,-15.906767,-6.5790343
move,-14.725788,-5.8195305
move,-13.610702,-5.1213984
move,-12.312912,-4.3591833
move,-11.021465,-3.7776659
move,-9.538837,-3.228537
move,-7.803708,-2.6744235
move,-5.847405,-2.1564076
move,-4.5723133,-1.8886603
move,-2.564945,-1.5451607
move,-0.7978206,-1.3033112
move,0.723622,-1.1357785
move,2.0446472,-0.99743176
move,3.390553,-0.8538257
move,4.6706767,-0.69232
move,6.18783,-0.48948213
move,7.9702764,-0.26740494
move,9.443971,-0.13089755
move,11.122262,-0.013089253
move,12.866813,0.048173845
move,14.675707,0.06001766
move,16.142843,0.03538605
move,18.191023,-0.032261204
move,19.997873,-0.119030245
move,21.551752,-0.1992413
move,23.168798,-0.28270358
move,24.823744,-0.36812153
move,26.45342,-0.45223212
move,27.767273,-0.5200423
move,29.068453,-0.5879293
move,30.431652,-0.6781657
move,31.994099,-0.81613874
move,33.398746,-1.0004493
move,34.856075,-1.2576454
move,36.44487,-1.6291416
move,37.907085,-2.0364234
move,39.544003,-2.6043792
move,40.75729,-3.1127112
move,42.188107,-3.7856207
move,43.47348,-4.4392834
move,44.8557,-5.2070885
move,45.992565,-5.869179
move,47.208218,-6.571862
move,48.67182,-7.3212156
move,50.32711,-8.050338
move,52.39558,-8.838852
move,53.66887,-9.258874
move,55.080563,-9.658855
move,56.358524,-9.970905
move,57.95398,-10.241534
move,59.985054,-10.389822
move,61.652306,-10.4819145
move,63.29438,-10.5713215
move,65.10156,-10.6518545
move,66.49213,-10.703615
move,68.13599,-10.747873
move,69.41323,-10.778707
move,71.00662,-10.81716
move,72.38503,-10.850424
move,73.776085,-10.883995
move,75.48329,-10.925194
move,76.785835,-10.956626
move,78.50563,-11.001442
move,80.123825,-11.058753
move,81.90548,-11.141883
move,83.294945,-11.216572
move,84.73494,-11.293882
move,86.28911,-11.367194
move,87.75582,-11.412561
move,89.260506,-11.456955
move,90.9414,-11.525611
move,92.631096,-11.659981
move,94.07927,-11.797641
move,95.5486,-11.9733095
move,94.07927,-11.797641
move,97.12341,-12.2888975
move,95.5486,-11.9733095
move,98.355675,-12.625839
move,99.58925,-13.082254
move,100.92013,-13.669258
move,102.30052,-14.358877
move,103.74579,-15.169599
move,105.229546,-16.015133
move,106.317535,-16.635382
move,107.50849,-17.304756
move,109.091385,-18.153917
move,110.99059,-19.019169
move,112.22368,-19.398203
move,113.615906,-19.773882
move,115.06136,-20.091368
move,116.77383,-20.355341
move,118.46118,-20.515676
move,120.55685,-20.64654
move,122.31509,-20.64382
move,123.61756,-20.609451
move,125.52595,-20.527954
move,127.17014,-20.504826
move,129.18102,-20.54355
move,130.72307,-20.605364
move,132.32697,-20.697737
move,133.63892,-20.79616
move,134.96255,-20.90659
move,136.2734,-21.01794
move,138.03802,-21.16855
move,139.9708,-21.256227
move,141.64017,-21.21781
move,142.95496,-21.172464
move,144.45857,-21.10003
move,145.92383,-21.021753
move,147.6673,-20.933779
move,149.27274,-20.872908
move,150.77788,-20.853031
move,152.33386,-20.856728
move,154.04103,-20.89995
move,155.56134,-21.07301
move,157.288,-21.404066
move,158.84409,-21.890251
move,160.38019,-22.635466
move,161.92694,-23.523348
move,163.40182,-24.480474
move,165.03165,-25.615294
move,166.16695,-26.419897
move,167.20938,-27.158726
move,168.50066,-28.071465
move,169.76419,-28.814905
move,171.1562,-29.349655
move,172.7144,-29.739544
move,174.48277,-30.052916
move,176.23175,-30.232319
move,177.81024,-30.322441
move,179.26352,-30.386238
move,180.8172,-30.470043
move,182.09114,-30.567287
move,183.72928,-30.711374
move,185.19505,-30.914236
move,186.5539,-31.148052
move,188.0074,-31.42676
move,189.91342,-32.059605
move,191.07582,-32.72632
move,192.26791,-33.624004
move,193.35442,-34.533363
move,194.47981,-35.570507
move,195.3841,-36.508358
move,196.26752,-37.51683
move,197.18076,-38.680996
move,198.06786,-40.019783
move,198.67664,-41.185757
move,199.40363,-42.800484
move,199.97687,-44.581173
move,200.18338,-45.93032
move,200.23676,-47.21929
move,200.25235,-48.5095
move,200.26299,-49.9642
move,200.26784,-51.40627
move,200.27805,-53.038074
move,200.29288,-54.41683
move,200.27805,-53.038074
move,200.32208,-56.16227
move,200.29288,-54.41683
move,200.35217,-57.717915
move,200.37839,-59.033226
move,200.32208,-56.16227
move,200.39743,-60.513123
move,200.40012,-61.854004
move,200.42342,-63.687912
move,200.53847,-64.998405
move,200.90434,-66.97607
move,201.27562,-68.61684
move,201.66321,-70.045044
move,202.20836,-71.75651
move,202.90813,-73.587814
move,203.6679,-75.130936
move,204.40077,-76.313416
move,205.16072,-77.3717
move,206.65633,-78.93889
move,207.93047,-79.61004
move,209.17009,-80.00868
move,210.57898,-80.315895
move,212.37784,-80.60089
move,213.64848,-80.73406
move,215.46603,-80.85456
move,217.04558,-80.927826
move,218.70157,-80.988976
move,219.99019,-81.05397
move,221.55249,-81.19227
move,222.98842,-81.42378
move,224.57411,-81.75097
move,226.20181,-82.12336
move,227.72643,-82.542366
move,229.34702,-83.118515
move,230.69571,-83.72739
move,231.92831,-84.399475
move,233.65765,-85.47522
move,235.06305,-86.353325
move,236.22444,-86.997345
move,237.41843,-87.579094
move,238.74962,-88.13255
move,240.15575,-88.593605
move,241.40735,-88.95577
move,242.7373,-89.26725
move,244.34702,-89.53397
move,245.61427,-89.695724
move,247.23921,-89.845085
move,248.81502,-89.97622
move,250.41507,-90.11991
move,251.7844,-90.280846
move,253.1591,-90.49534
move,254.74426,-90.8243
move,256.38852,-91.23601
move,257.66278,-91.61042
move,259.28098,-92.15567
move,260.90454,-92.890785
move,262.14297,-93.60457
move,263.32928,-94.33164
move,264.69138,-95.206955
move,265.8473,-95.95885
move,266.9817,-96.67367
move,268.70798,-97.629234
move,270.02817,-98.269455
move,271.65262,-98.941574
move,273.29807,-99.48418
move,274.63968,-99.80006
move,275.96732,-99.97611
move,277.78824,-100.01601
move,279.87506,-100.04712
move,281.20316,-100.06891
move,282.6196,-100.09523
move,284.57986,-100.12855
move,286.41367,-100.15714
move,287.7795,-100.17854
move,289.4108,-100.216965
move,290.95108,-100.308136
move,293.22028,-100.60977
move,294.59692,-100.88653
move,296.38348,-101.30236
move,298.07394,-101.785614
move,299.51562,-102.260666
move,301.42975,-102.99178
move,303.06732,-103.6987
move,304.60736,-104.37645
move,306.70337,-105.29823
move,308.5445,-106.108086
move,310.15408,-106.81605
move,311.63287,-107.4435
move,313.45312,-108.13796
move,311.63287,-107.4435
move,315.0398,-108.69743
move,316.58755,-109.25301
move,318.45737,-110.027374
move,320.1458,-110.889984
move,321.26825,-111.64632
move,322.8127,-112.72644
move,323.93225,-113.594635
move,325.25128,-114.69904
move,326.65836,-115.8953
move,327.77072,-116.83268
move,329.27255,-117.906364
move,330.55774,-118.66476
move,331.7707,-119.29226
move,333.71588,-120.080124
move,335.1399,-120.48317
move,336.64285,-120.83262
move,338.06638,-121.060295
move,339.6939,-121.173645
move,341.16003,-121.2346
move,342.5889,-121.2751
move,343.91724,-121.28441
move,345.61215,-121.26601
move,347.00116,-121.18272
move,348.43677,-121.04695
move,350.4139,-120.85888
move,351.68735,-120.75555
move,353.4315,-120.68603
move,354.83572,-120.67486
move,356.30307,-120.68013
move,358.41406,-120.75443
move,359.78976,-120.848076
move,361.5208,-120.93024
move,363.37802,-121.02492
move,365.2453,-121.15894
move,367.21725,-121.39439
cluster,1528,pen-kerrig
move,-359.49997,-10.000002
move,-358.9151,-9.9786215
move,-357.3677,-9.962598
move,-356.15692,-10.01861
move,-354.9584,-10.107211
move,-353.7199,-10.219157
move,-352.355,-10.322481
move,-351.2277,-10.3764
move,-349.88092,-10.432567
move,-348.7643,-10.489736
move,-347.17834,-10.579074
move,-345.9688,-10.659309
move,-344.64282,-10.713804
move,-343.5456,-10.724491
move,-342.15564,-10.717312
move,-343.5456,-10.724491
move,-340.6403,-10.712396
move,-339.1463,-10.683014
move,-338.07004,-10.676682
move,-336.68134,-10.727769
move,-335.5653,-10.797977
move,-333.77386,-10.9428
move,-332.53488,-11.048494
move,-331.3459,-11.122045
move,-330.1147,-11.189991
move,-328.41647,-11.253908
move,-326.918,-11.28299
move,-325.11765,-11.235205
move,-323.51526,-11.096128
move,-321.715,-10.865386
move,-320.31494,-10.651819
move,-318.64642,-10.375485
move,-316.5549,-10.150276
move,-314.78812,-9.9928
move,-313.14453,-9.8483
move,-311.73383,-9.72503
move,-310.21353,-9.5921545
move,-308.47412,-9.440135
move,-306.76187,-9.292116
move,-304.8432,-9.13464
move,-302.5278,-8.938949
move,-300.5008,-8.75815
move,-298.97818,-8.65762
move,-297.12216,-8.683065
move,-295.32166,-8.734429
move,-293.91992,-8.780823
move,-291.9459,-8.64691
move,-289.99304,-8.192847
move,-288.61288,-7.3812556
move,-287.59625,-6.359296
move,-286.779,-5.2210555
move,-286.06012,-3.9070163
move,-285.47607,-2.571867
move,-284.90424,-1.0976652
move,-284.41016,0.24427749
move,-283.74277,2.0645723
move,-283.1088,3.7945416
move,-282.6175,5.1521363
move,-281.84857,7.3304343
move,-281.21085,9.316538
move,-280.7529,11.053393
move,-280.43317,12.459516
move,-280.14453,13.936891
move,-279.86353,15.698169
move,-279.6506,17.26499
move,-279.4778,18.773111
move,-279.27344,20.71047
move,-279.1334,22.056747
move,-278.98355,23.58002
move,-278.85776,25.308458
move,-278.75702,27.025896
move,-278.68903,28.428404
move,-278.61887,29.881468
move,-278.5524,31.258717
move,-278.48267,32.661133
move,-278.40378,34.151745
move,-278.35785,35.46647
move,-278.36462,37.237404
move,-278.39056,38.641315
move,-278.42282,40.260185
move,-278.4433,41.600918
move,-278.46356,42.903698
move,-278.4684,44.66201
move,-278.44363,46.458134
move,-278.38623,47.861095
move,-278.30438,49.262817
move,-278.1499,50.83641
move,-277.91818,52.592167
move,-277.72223,53.90583
move,-277.4961,55.163204
move,-277.18747,56.610695
move,-276.86707,57.990776
move,-276.5414,59.317577
move,-276.17523,60.71234
move,-275.79764,62.038452
move,-275.35205,63.48958
move,-275.79764,62.038452
move,-274.93033,64.84219
move,-275.35205,63.48958
move,-274.45047,66.40192
move,-274.04453,67.719666
move,-273.63733,69.0899
move,-273.22665,70.59067
move,-272.83136,72.173935
move,-272.46524,73.712204
move,-272.12085,75.164635
move,-271.81763,76.45776
move,-271.58878,77.482445
move,-271.2598,79.222435
move,-271.06787,80.49837
move,-270.86267,82.053505
move,-270.70917,83.33465
move,-270.53687,84.83012
move,-270.34976,86.476616
move,-270.20123,87.78377
move,-270.05267,89.09092
move,-269.85715,90.774704
move,-269.71146,92.08219
move,-269.56274,93.414795
move,-269.391,94.82114
move,-269.2046,96.27669
move,-268.9963,97.84414
move,-268.74106,99.53267
move,-268.51486,100.84152
move,-268.2171,102.39451
move,-267.92853,103.794495
move,-267.59503,105.26234
move,-267.25867,106.50797
move,-266.85016,107.77181
move,-266.36227,109.12883
move,-265.8063,110.609085
move,-265.31018,111.92263
move,-264.80475,113.25976
move,-264.32797,114.51298
move,-263.78555,115.84916
move,-263.00443,117.730095
move,-262.44382,119.08616
move,-261.93396,120.36728
move,-261.37888,121.73929
move,-260.85754,122.960846
move,-260.2386,124.178276
move,-259.43115,125.50806
move,-258.48697,126.91572
move,-257.48724,128.25287
move,-256.65717,129.22412
move,-255.65056,130.34348
move,-254.66304,131.34137
move,-253.57411,132.28639
move,-252.4602,133.12
move,-251.41672,133.83493
move,-250.18092,134.60196
move,-248.59885,135.4788
move,-247.25854,136.16397
move,-246.64264,136.45947
move,-243.82703,137.54509
move,-242.18124,137.9502
move,-240.58076,138.26869
move,-239.26395,138.52167
move,-237.93205,138.82498
move,-236.55486,139.25151
move,-235.35483,139.72481
move,-234.15413,140.3211
move,-232.62659,141.19165
move,-231.35089,141.9906
move,-230.15154,142.76836
move,-228.77417,143.66682
move,-227.59897,144.4352
move,-226.46614,145.17598
move,-225.08977,146.0759
move,-223.78943,146.88225
move,-222.50734,147.41917
move,-221.14146,147.84012
move,-219.59593,148.22836
move,-218.15556,148.50844
move,-216.47278,148.79932
move,-215.06334,149.03772
move,-213.35924,149.27339
move,-212.07437,149.39104
move,-210.59752,149.48793
move,-209.27065,149.5472
move,-207.94263,149.57033
move,-206.66507,149.57852
move,-205.23564,149.58679
move,-203.89502,149.61145
move,-205.23564,149.58679
move,-202.21367,149.67136
move,-200.54626,149.76047
move,-198.88136,149.88715
move,-197.39641,150.03914
move,-195.79305,150.26454
move,-194.21225,150.6671
move,-195.79305,150.26454
move,-192.74057,151.1719
move,-191.55032,151.70071
move,-190.40979,152.33029
move,-189.14389,153.18942
move,-191.55032,151.70071
move,-188.12946,154.0852
move,-186.97084,155.14264
move,-186.00504,156.17717
move,-185.07056,157.43675
move,-184.08987,158.85022
move,-183.06012,160.3834
move,-182.10304,161.90335
move,-181.09615,163.60043
move,-180.35048,164.89345
move,-179.54913,166.28584
move,-178.73888,167.68777
move,-177.78331,169.32712
move,-176.91512,170.827
move,-176.2887,171.96951
move,-175.64825,173.21904
move,-175.06763,174.37134
move,-174.25076,175.99954
move,-173.61583,177.26614
move,-173.12828,178.23875
move,-172.44084,179.60634
move,-171.61955,181.10345
move,-170.78899,182.50809
move,-169.9774,183.87978
move,-169.2754,185.05177
move,-168.44258,186.33595
move,-167.54224,187.54228
move,-166.41371,188.956
move,-165.32076,190.16763
move,-164.16379,191.42375
move,-162.96597,192.65804
move,-161.79457,193.68193
move,-160.64964,194.59962
move,-159.26457,195.5981
move,-158.01314,196.41162
move,-156.72488,197.21454
move,-155.60605,197.90663
move,-154.10371,198.84438
move,-152.98442,199.58272
move,-151.80417,200.41139
move,-150.71426,201.23503
move,-149.44597,202.26143
move,-148.38237,203.25363
move,-146.99297,204.70743
move,-146.13118,206.16507
move,-145.4698,207.50328
move,-144.74918,209.00957
move,-144.19806,210.20418
move,-143.3975,211.93842
move,-142.67116,213.51186
move,-142.10924,214.72926
move,-141.32999,216.41756
move,-140.71501,217.74982
move,-140.17947,218.9098
move,-139.4213,220.55215
move,-138.8594,221.74162
move,-138.12518,223.15628
move,-137.48952,224.27911
move,-136.7853,225.52304
move,-136.02502,226.86604
move,-135.32083,228.10997
move,-134.55429,229.46397
move,-133.92497,230.57579
move,-133.17717,231.89677
move,-132.52907,233.04164
move,-131.70029,234.50574
move,-131.01485,235.71664
move,-130.13615,237.26878
move,-129.74638,237.95738
move,-129.468,239.00902
move,-129.74638,237.95738
move,-129.05656,240.56194
move,-129.468,239.00902
move,-128.68947,241.94344
move,-129.05656,240.56194
move,-128.33511,243.43245
move,-127.99598,244.92511
move,-127.66241,246.39311
move,-127.33718,247.8241
move,-127.00912,249.2674
move,-126.68755,250.60822
move,-126.304,252.01141
move,-125.721924,253.5746
move,-125.07764,254.8646
move,-124.45659,256.02432
move,-123.642166,257.4384
move,-122.72494,258.84842
move,-121.91745,259.98157
move,-120.96165,261.14386
move,-119.916306,262.26193
move,-118.98935,263.23093
move,-117.59767,264.48178
move,-116.58862,265.2654
move,-115.50324,266.0953
move,-114.41842,266.90475
move,-113.36158,267.66672
move,-112.12021,268.4719
move,-110.85622,269.1383
move,-109.63772,269.6665
move,-108.202736,270.16055
move,-106.85611,270.51062
move,-105.37855,270.79755
move,-104.02702,270.99704
move,-102.26945,271.21466
move,-100.59517,271.3794
move,-99.217514,271.43243
move,-97.77546,271.43735
move,-96.434784,271.41385
move,-95.11972,271.37643
move,-93.79227,271.3312
move,-92.110886,271.27145
move,-90.58086,271.2278
move,-89.1642,271.20712
move,-87.70946,271.20605
move,-86.432045,271.2278
move,-84.95615,271.3304
move,-83.64666,271.5485
move,-81.991165,272.0139
move,-80.635056,272.57278
move,-79.16231,273.30432
move,-77.38913,274.19882
move,-75.95319,274.829
move,-74.37568,275.3741
move,-72.829895,275.8115
move,-71.45799,276.16504
move,-69.92876,276.51398
move,-68.37863,276.82605
move,-66.976616,277.10483
move,-65.72349,277.35397
move,-64.3651,277.65463
move,-62.807438,278.09583
move,-61.5247,278.52753
move,-60.340336,279.0376
move,-58.960915,279.83508
move,-57.664146,280.7172
move,-56.401134,281.66843
move,-55.20082,282.716
move,-54.172634,283.86554
move,-53.257847,285.16907
move,-52.640747,286.42932
move,-52.104664,287.84924
move,-51.630398,289.3971
move,-51.28582,290.78427
move,-51.010315,292.04477
move,-50.717133,293.48273
move,-50.408436,295.0078
move,-50.717133,293.48273
move,-50.141777,296.78406
move,-49.89005,298.72864
move,-49.777237,300.36816
move,-49.786865,302.01257
move,-49.83766,303.8208
move,-49.882133,305.48987
move,-49.830452,306.94345
move,-49.713573,308.44424
move,-49.58364,309.98215
move,-49.713573,308.44424
move,-49.45637,311.4313
move,-49.32751,312.98187
move,-49.228443,314.94006
move,-49.156326,316.48157
move,-49.102863,318.03653
move,-49.057472,319.8703
move,-49.102863,318.03653
move,-49.004036,321.6657
move,-48.95445,323.28415
move,-48.948925,324.62515
move,-48.960587,326.32037
move,-48.979877,327.9776
move,-48.999836,329.28024
move,-49.023018,330.92465
move,-49.047363,332.60675
move,-49.067196,334.3146
move,-49.07027,335.97186
move,-49.07088,337.41406
move,-49.070774,338.79297
move,-49.06838,340.60205
move,-49.05814,342.14542
move,-49.011826,343.80197
move,-48.94195,345.26764
move,-48.86427,346.5935
move,-48.81355,348.28778
move,-48.787582,349.57776
move,-48.73434,351.12018
move,-48.70933,352.54926
move,-48.693123,353.8902
move,-48.684082,355.16794
move,-48.68905,356.59744
move,-48.719234,358.2542
move,-48.79079,360.21365
move,-48.860325,361.8567
move,-48.88371,362.40018
cluster,167,cedarcopse
move,-80.5,-360.50537
move,-80.50721,-359.40805
move,-80.52994,-357.6735
move,-80.58906,-356.40015
move,-80.66334,-355.1901
move,-80.74748,-353.81314
move,-80.84763,-352.1754
move,-80.92599,-350.67258
move,-80.98628,-349.39905
move,-81.03376,-348.26096
move,-81.07843,-346.9973
move,-81.102486,-345.74362
move,-81.11566,-344.16562
move,-81.10294,-343.07874
move,-81.0834,-342.11758
move,-81.03478,-339.92014
move,-80.92671,-338.33554
move,-80.719826,-337.0139
move,-80.4769,-335.47577
move,-80.2143,-333.81378
move,-80.04799,-332.76083
move,-79.82945,-331.37753
move,-79.57016,-329.73615
move,-79.360176,-328.33545
move,-79.193474,-326.8877
move,-79.020386,-325.05322
move,-78.77801,-322.43802
move,-78.594955,-320.46637
move,-78.462944,-319.04242
move,-78.298546,-317.22107
move,-78.217476,-315.77945
move,-78.16861,-314.2815
move,-78.12074,-312.63217
move,-78.06434,-310.37772
move,-78.05836,-308.30136
move,-78.06599,-306.52753
move,-78.0803,-304.64368
move,-78.09887,-303.2551
move,-78.12673,-301.27557
move,-78.09887,-303.2551
move,-78.15183,-299.47473
move,-78.12673,-301.27557
move,-78.17493,-297.83887
move,-78.20198,-295.88684
move,-78.22828,-294.0035
move,-78.25382,-291.99612
move,-78.26215,-290.37354
move,-78.271095,-288.72345
move,-78.27959,-287.11462
move,-78.288,-285.60205
move,-78.37466,-283.5004
move,-78.54159,-281.80356
move,-78.713745,-280.10733
move,-78.91406,-278.428
move,-79.22898,-276.54333
move,-79.63092,-274.59064
move,-80.03842,-273.03467
move,-80.65739,-271.3291
move,-81.46486,-269.73547
move,-82.339134,-268.5533
move,-83.41729,-267.3785
move,-84.81994,-266.0808
move,-86.186424,-265.01614
move,-87.66505,-263.9639
move,-89.046265,-263.06165
move,-90.21524,-262.33765
move,-91.46661,-261.5903
move,-93.161674,-260.70834
move,-94.60131,-260.0218
move,-96.20451,-259.26288
move,-97.94099,-258.43207
move,-99.56565,-257.5928
move,-101.14263,-256.59116
move,-102.62905,-255.28403
move,-103.790146,-254.09306
move,-104.663414,-252.9107
move,-105.421616,-251.6027
move,-106.186035,-249.88156
move,-106.77121,-248.1058
move,-107.239624,-246.34396
move,-107.593475,-244.73805
move,-107.9506,-242.92603
move,-108.24273,-241.2563
move,-108.56593,-239.15591
move,-108.78003,-237.67865
move,-109.01467,-235.93605
move,-109.18172,-234.45273
move,-109.319984,-232.91563
move,-109.40844,-231.5396
move,-109.49183,-230.17603
move,-109.62576,-228.461
move,-109.84224,-226.90744
move,-110.243065,-225.00215
move,-110.6276,-223.7706
move,-111.17939,-222.2754
move,-111.77104,-220.8364
move,-112.30581,-219.60678
move,-112.97755,-218.09178
move,-113.691284,-216.4849
move,-114.33801,-215.02806
move,-115.015625,-213.50188
move,-115.743095,-211.85938
move,-116.5675,-209.94199
move,-117.02236,-208.66734
move,-117.57899,-206.81369
move,-118.099594,-204.81857
move,-118.37107,-203.55719
move,-118.58569,-202.41335
move,-118.92978,-200.39307
move,-119.26847,-198.25668
move,-119.52715,-196.6199
move,-119.82534,-194.73325
move,-120.05835,-193.2589
move,-120.30524,-191.6971
move,-120.56199,-190.0728
move,-120.82364,-188.42363
move,-121.11506,-186.80556
move,-121.48656,-185.20357
move,-121.995224,-183.41539
move,-122.6779,-181.68613
move,-123.59679,-179.74223
move,-124.30187,-178.5576
move,-125.22111,-177.2251
move,-124.30187,-178.5576
move,-126.28425,-176.03987
move,-127.30993,-175.11852
move,-128.5991,-174.0778
move,-129.75377,-173.27959
move,-131.02397,-172.54584
move,-132.58292,-171.84993
move,-134.14833,-171.3076
move,-135.58652,-170.90877
move,-136.84584,-170.62823
move,-138.5071,-170.3642
move,-140.0584,-170.25468
move,-141.63913,-170.281
move,-142.99019,-170.36337
move,-144.50461,-170.46822
move,-145.7919,-170.55693
move,-147.27051,-170.62099
move,-148.67451,-170.63586
move,-150.33118,-170.59573
move,-153.36505,-170.33
move,-154.73056,-170.06262
move,-156.32603,-169.66566
move,-152.03645,-170.5078
move,-153.36505,-170.33
move,-157.92036,-169.12976
move,-159.29362,-168.57808
move,-160.97128,-167.83696
move,-162.20668,-167.14362
move,-163.50739,-166.33669
move,-164.60008,-165.65044
move,-165.75383,-164.9428
move,-166.96385,-164.25584
move,-168.18123,-163.63625
move,-169.63493,-163.04831
move,-171.00528,-162.60007
move,-172.44156,-162.24316
move,-173.86946,-161.96544
move,-175.96625,-161.71059
move,-177.53801,-161.53763
move,-179.01228,-161.40703
move,-180.53928,-161.30135
move,-181.8896,-161.2084
move,-183.5186,-161.11157
move,-184.88258,-161.03319
move,-186.6002,-160.93454
move,-188.1284,-160.8469
move,-189.95949,-160.73924
move,-191.28236,-160.62117
move,-192.8383,-160.42368
move,-194.53021,-160.00185
move,-195.79558,-159.48735
move,-197.3952,-158.72787
move,-199.13611,-157.74666
move,-200.53561,-156.8129
move,-201.78703,-155.91016
move,-202.92009,-154.90189
move,-203.97974,-153.72884
move,-204.96234,-152.45801
move,-205.78206,-151.21095
move,-206.56757,-149.85327
move,-207.27554,-148.52519
move,-207.84363,-147.22769
move,-208.22298,-146.0082
move,-208.55952,-144.47629
move,-208.81122,-143.0051
move,-209.01465,-141.46263
move,-209.14369,-139.91226
move,-209.18091,-138.07852
move,-209.17476,-136.53522
move,-209.11986,-134.80304
move,-209.05826,-133.43828
move,-208.9723,-132.10011
move,-208.88197,-130.76224
move,-208.79927,-129.42389
move,-208.75108,-128.00804
move,-208.8116,-126.26359
move,-208.95119,-124.930176
move,-209.26964,-123.266014
move,-208.95119,-124.930176
move,-209.9366,-121.53365
move,-210.81891,-120.07261
move,-211.60393,-119.01739
move,-212.51093,-118.01312
move,-213.65692,-116.96149
move,-214.84816,-116.0624
move,-216.17906,-115.185776
move,-217.43993,-114.486046
move,-218.72342,-113.82859
move,-219.77017,-113.319954
move,-221.13254,-112.71003
move,-222.5249,-112.138176
move,-223.92554,-111.66033
move,-225.32433,-111.31081
move,-226.81557,-111.02805
move,-228.52856,-110.765656
move,-229.95558,-110.558044
move,-231.4703,-110.337906
move,-232.95963,-110.11859
move,-234.55959,-109.86961
move,-236.10603,-109.60716
move,-237.645,-109.24629
move,-239.09349,-108.751495
move,-240.96204,-108.04239
move,-242.649,-107.23221
move,-243.79243,-106.582115
move,-245.1593,-105.64612
move,-246.19345,-104.79312
move,-247.10233,-103.87796
move,-248.14183,-102.49333
move,-248.85089,-101.22388
move,-249.35852,-100.03773
move,-249.9262,-98.50797
move,-250.47433,-96.75766
move,-250.88133,-95.361015
move,-251.35481,-93.69392
move,-251.81499,-92.07561
move,-252.28006,-90.44553
move,-252.79248,-88.75031
move,-253.36967,-86.916176
move,-253.82231,-85.480515
move,-254.3452,-83.89473
move,-255.06169,-81.72006
move,-255.63013,-79.98943
move,-256.25128,-78.063095
move,-256.68204,-76.70015
move,-257.2478,-74.875694
move,-257.68253,-73.434456
move,-257.95267,-72.524956
move,-258.4935,-70.70609
move,-258.9555,-69.02263
move,-259.31708,-67.52238
move,-259.57654,-66.11742
move,-259.79926,-64.27131
move,-259.9327,-62.365894
move,-260.07425,-59.92852
move,-260.13937,-58.449913
move,-260.18378,-57.17304
move,-260.22855,-55.592426
move,-260.27896,-53.796837
move,-260.32574,-52.1277
move,-260.38086,-50.155083
move,-260.4308,-48.169678
move,-260.45215,-46.588573
move,-260.4649,-45.10857
move,-260.46982,-43.590595
move,-260.47015,-41.68047
move,-260.46704,-39.64385
move,-260.46426,-37.822277
move,-260.46146,-35.962753
move,-260.45944,-34.647167
move,-260.4598,-33.116535
move,-260.46332,-31.446753
move,-260.4698,-29.3342
move,-260.47546,-27.474642
move,-260.48108,-25.627737
move,-260.4863,-23.907331
move,-260.4915,-22.199577
move,-260.49356,-20.289421
move,-260.4915,-22.199577
move,-260.48465,-18.847343
move,-260.49356,-20.289421
move,-260.45993,-16.98796
move,-260.42606,-15.482997
move,-260.37723,-14.029058
move,-260.28116,-12.248047
move,-260.19592,-11.011276
move,-260.06177,-9.194654
move,-259.93204,-7.529906
move,-259.8011,-5.8525696
move,-259.65967,-4.226905
move,-259.4696,-2.5297909
move,-259.24683,-1.0922529
move,-258.86157,0.8429879
move,-258.3583,2.8423395
move,-257.90726,4.4106236
move,-257.27472,6.3597403
move,-256.71463,7.9328165
move,-256.04782,9.7363
move,-255.26593,11.76675
move,-254.535,13.654173
move,-253.8821,15.34119
move,-253.1957,17.245167
move,-252.61969,19.119255
move,-252.18198,20.678167
move,-251.78432,22.156252
move,-251.40518,23.626143
move,-250.98209,25.462755
move,-250.61716,27.260315
move,-250.34802,28.651318
move,-250.01402,30.67313
move,-249.80002,32.354584
move,-249.6081,34.17876
move,-249.41562,36.07919
move,-249.28769,37.452076
move,-249.1486,39.154156
move,-249.04216,40.643044
move,-248.96086,41.93078
move,-248.86119,43.55957
move,-248.75972,45.213596
move,-248.63931,47.00587
move,-248.467,49.00977
move,-248.3211,50.406322
move,-248.09406,52.251938
move,-247.82182,54.027397
move,-247.43274,55.987545
move,-246.96182,57.58925
move,-246.26205,59.32451
move,-245.37326,60.92845
move,-244.46542,62.222847
move,-243.43282,63.50233
move,-242.24817,64.7491
move,-241.14215,65.69336
move,-239.75262,66.70715
move,-238.01942,67.77527
move,-236.39726,68.631485
move,-235.15736,69.2904
move,-233.5836,70.129715
move,-232.22827,70.9187
move,-231.14891,71.62567
move,-229.90164,72.44565
move,-228.57562,73.35219
move,-227.16995,74.44912
move,-226.21521,75.37237
move,-225.20773,76.5078
move,-224.30154,77.6131
move,-223.56392,78.656136
move,-222.81387,80.0759
move,-222.28,81.415115
move,-221.79395,82.95945
move,-221.31873,84.78328
move,-221.03593,86.09399
move,-220.77025,87.60134
move,-220.56004,89.01521
move,-220.36037,90.39235
move,-220.56004,89.01521
move,-220.07732,92.34539
move,-220.36037,90.39235
move,-219.81786,94.135666
move,-219.5511,95.976036
move,-219.28438,97.8164
move,-219.01793,99.63117
move,-218.79129,101.119286
move,-218.41925,102.759384
move,-217.8548,104.50416
move,-217.24573,105.99069
move,-216.73311,107.16103
move,-216.11023,108.461464
move,-215.38579,109.693184
move,-214.35526,111.038956
move,-213.47543,112.197495
move,-212.76726,113.120995
move,-211.7454,114.260056
move,-210.34315,115.361824
move,-209.03043,116.12364
move,-207.56845,116.848076
move,-206.38225,117.35547
move,-204.81445,117.929504
move,-203.3855,118.360214
move,-201.997,118.69946
move,-200.68556,118.979195
move,-198.61769,119.41114
move,-197.30515,119.68529
move,-195.9321,119.97896
move,-194.18456,120.394264
move,-191.96037,121.23177
move,-190.56726,121.92435
move,-189.03337,122.73102
move,-187.47693,123.54899
move,-186.07726,124.28453
move,-184.65431,125.03027
move,-183.33556,125.644
move,-181.96094,126.19226
move,-183.33556,125.644
move,-180.40001,126.70955
move,-179.15984,127.06572
move,-177.36833,127.5147
move,-175.91428,127.85239
move,-174.64307,128.13824
move,-173.2829,128.43141
move,-171.66386,128.71848
move,-169.72722,129.02441
move,-167.65315,129.3522
move,-166.10384,129.59705
move,-164.65227,129.88591
move,-162.6771,130.38208
move,-160.68773,131.05234
move,-158.99393,131.9311
move,-157.75533,132.87184
move,-156.7033,133.85736
move,-155.58609,135.09804
move,-154.64085,136.28572
move,-153.86882,137.35088
move,-152.96323,138.73843
move,-152.09016,140.29305
move,-151.43779,141.67769
move,-150.70546,143.26234
move,-149.86678,145.07666
move,-149.03159,146.50623
move,-148.0381,147.89497
move,-147.02202,149.17189
move,-145.95052,150.45226
move,-144.7036,151.69064
move,-143.52173,152.6629
move,-142.16748,153.59479
move,-140.76967,154.38643
move,-139.21338,155.20476
move,-137.44048,155.9789
move,-135.42282,156.64566
move,-133.62366,157.16325
move,-132.22496,157.51428
move,-130.5205,157.8913
move,-129.0052,158.18384
move,-127.27438,158.4936
move,-125.75205,158.74702
move,-127.27438,158.4936
move,-124.14761,158.96458
move,-125.75205,158.74702
move,-122.527534,159.16002
move,-121.06882,159.31934
move,-119.23963,159.45393
move,-117.65934,159.50832
move,-116.10402,159.55258
move,-114.194626,159.60707
move,-112.68988,159.65001
move,-110.71734,159.70969
move,-108.98537,159.77185
move,-107.07675,159.84824
move,-110.71734,159.70969
move,-105.42146,159.9273
move,-103.89283,160.0065
move,-102.27576,160.09026
move,-100.92399,160.16028
move,-99.31954,160.24338
move,-98.00567,160.31143
move,-96.4265,160.39322
move,-95.04945,160.46454
move,-93.58395,160.53966
move,-92.23158,160.5955
move,-90.7391,160.61946
move,-88.968155,160.6122
move,-87.42516,160.58119
move,-86.110344,160.53706
move,-84.79587,160.4837
move,-82.8368,160.40433
move,-81.04203,160.32976
move,-79.524734,160.28383
move,-77.84249,160.25716
move,-76.29933,160.23409
move,-74.97121,160.21422
move,-73.54189,160.19292
move,-71.922844,160.1687
move,-70.49353,160.14732
move,-69.152756,160.12727
move,-67.84998,160.10657
move,-66.142586,160.07237
move,-64.72633,160.03278
move,-63.13325,159.98216
move,-61.28722,159.92552
move,-59.668785,159.87585
move,-57.658104,159.82492
move,-56.1158,159.85239
move,-54.673046,160.03392
move,-53.02554,160.3745
move,-51.187588,160.93501
move,-49.972385,161.63637
move,-48.211697,162.9139
move,-46.561756,164.29248
move,-45.109447,165.6835
move,-43.687294,167.44409
move,-42.571407,169.29709
move,-41.7118,170.93105
move,-41.062836,172.57852
move,-40.573,174.29347
move,-40.04105,176.28569
move,-39.68519,177.6179
move,-39.26079,179.2068
move,-38.888577,180.60005
move,-38.542675,181.8825
move,-38.18676,183.14903
move,-37.70984,184.7228
move,-37.28748,185.99544
move,-36.650837,187.8499
move,-36.121754,189.32655
move,-35.47375,190.9881
move,-34.78074,192.49312
move,-34.173325,193.71689
move,-33.44013,195.18884
move,-32.740765,196.59286
move,-31.657883,198.76685
move,-31.060097,199.96707
move,-30.236689,201.62021
move,-29.242031,203.61198
move,-28.58525,204.8958
move,-27.775602,206.41374
move,-28.58525,204.8958
move,-26.590557,208.20758
move,-27.775602,206.41374
move,-25.393358,209.72678
move,-26.590557,208.20758
move,-24.254366,210.8953
move,-23.220385,211.95425
move,-21.87491,213.30984
move,-20.468008,214.56337
move,-17.577576,216.67389
move,-16.33363,217.47572
move,-15.024262,218.16402
move,-18.875381,215.77054
move,-13.623453,218.67708
move,-17.577576,216.67389
move,-11.931823,219.107
move,-16.33363,217.47572
move,-10.593178,219.37982
move,-9.165538,219.65941
move,-6.7454,220.19594
move,-4.650038,220.90973
move,-2.9469128,221.59024
move,-1.0665677,222.43628
move,0.219775,223.05974
move,1.6731594,223.7736
move,2.9258459,224.37935
move,4.4657044,225.08797
move,5.966623,225.75996
move,7.4870996,226.41873
move,8.63309,226.857
move,10.509641,227.424
move,12.020222,227.73949
move,13.32645,227.98024
move,14.900475,228.23102
move,16.707579,228.46013
move,17.988382,228.61646
move,19.394758,228.78812
move,20.87287,228.99538
move,22.453144,229.34682
move,23.756563,229.71176
move,25.061167,230.19539
move,26.96696,231.01443
move,28.753576,231.9099
move,30.301918,232.74324
move,31.817238,233.55782
move,33.47187,234.43372
move,34.823795,235.12396
move,36.486183,235.92845
move,38.157356,236.65274
move,39.819042,237.26494
move,41.082317,237.67525
move,42.489243,238.09198
move,43.794586,238.44989
move,45.391712,238.84084
move,47.20249,239.13075
move,48.70773,239.32701
move,50.716133,239.57779
move,52.452053,239.76111
move,54.00396,239.8725
move,55.9761,239.92772
move,57.506413,239.89813
move,59.185925,239.8005
move,61.07105,239.5853
move,62.977356,239.33385
move,64.65084,239.16232
move,66.29401,239.096
move,68.07703,239.04713
move,69.75781,239.10284
move,72.04707,239.34648
move,73.69814,239.5938
move,75.06646,239.90837
move,76.3019,240.28029
move,77.712776,240.80484
move,78.987045,241.33154
move,80.370995,241.95515
move,81.97406,242.73697
move,83.405014,243.49477
move,84.79897,244.24124
move,85.98706,244.83484
move,84.79897,244.24124
move,87.292244,245.41782
move,88.50647,245.92429
move,87.292244,245.41782
move,89.945076,246.51701
move,91.45957,247.08885
move,92.95214,247.47958
move,94.24007,247.7474
move,95.57347,247.98003
move,97.62621,248.2791
move,98.99624,248.43471
move,100.61899,248.60661
move,101.91567,248.73407
move,103.45306,248.86938
move,105.31771,249.03725
move,107.12832,249.23709
move,108.67461,249.41035
move,110.398254,249.59029
move,112.72694,249.82185
move,115.12224,250.01971
move,117.05176,250.17105
move,118.41377,250.278
move,119.80131,250.38297
move,121.582016,250.48456
move,123.731766,250.5348
move,125.603935,250.52904
move,127.55179,250.49619
move,129.13226,250.4466
move,130.82619,250.38374
move,132.78555,250.3112
move,134.07486,250.26102
move,135.84435,250.1862
move,137.538,250.11469
move,139.04204,250.05106
move,140.53346,249.98819
move,141.9996,249.92741
move,143.76749,249.82274
move,145.87436,249.55348
move,147.13403,249.27512
move,148.55002,248.89027
move,150.21959,248.38062
move,151.87021,247.64386
move,153.1377,246.83218
move,154.69606,245.56122
move,155.74736,244.64957
move,157.4249,243.20517
move,159.42055,241.73705
move,161.08748,240.83243
move,163.1291,239.9454
move,165.0984,239.44272
move,166.53625,239.33215
move,168.43297,239.28847
move,170.08585,239.40422
move,171.65758,239.57683
move,173.45078,239.67165
move,175.56328,239.65523
move,177.27051,239.61223
move,179.36855,239.52486
move,181.69165,239.38177
move,183.21936,239.28778
move,184.53242,239.20688
move,186.05939,239.1025
move,187.70714,238.92758
move,189.07188,238.60109
move,190.7431,238.01793
move,192.53816,237.23006
move,194.0847,236.36868
move,195.7966,235.19734
move,197.56294,233.86316
move,199.7305,232.15817
move,201.44817,231.26926
move,203.03127,230.66385
move,204.62819,230.13446
move,206.60873,229.66396
move,207.96175,229.62451
move,209.46628,229.67184
move,207.96175,229.62451
move,210.76851,229.7145
move,212.37418,229.76712
move,214.08102,229.82306
move,215.37064,229.86539
move,217.02727,229.90485
move,218.73485,229.9318
move,220.40468,229.93982
move,221.91,229.93668
move,220.40468,229.93982
move,223.73096,229.89084
move,225.43462,229.77402
move,227.09724,229.51736
move,228.54861,229.22765
move,229.9943,228.91075
move,231.41539,228.59955
move,232.89827,228.27481
move,234.4876,227.9654
move,235.79166,227.71332
move,237.77702,227.3199
move,239.3069,226.92105
move,240.79735,226.32294
move,242.12103,225.68967
move,243.31001,225.0185
move,244.57248,224.07053
move,245.68056,222.94386
move,246.52058,221.83525
move,247.52374,220.15073
move,248.10606,218.99985
move,248.73073,217.35777
move,249.37645,215.22702
move,249.82968,213.69893
move,250.19641,212.46191
move,250.63547,211.00879
move,251.47493,209.01952
move,252.31815,207.50603
move,253.1547,206.25494
move,253.96365,205.20164
move,255.31667,203.68005
move,256.30865,202.61601
move,256.91235,201.96826
move,258.16385,200.61009
move,259.3149,199.11964
move,260.15924,197.04352
move,260.38193,195.74701
move,260.67908,193.47702
move,260.78003,191.12743
move,260.8082,189.5464
move,260.8527,188.2568
move,261.0202,186.63396
move,261.56046,184.24065
move,262.14972,181.89746
move,262.74118,179.81697
move,263.13086,178.57358
move,263.56366,177.37149
move,264.2029,176.13759
move,265.02255,175.12656
move,266.44156,174.09799
move,267.46338,173.59593
move,268.7864,172.9912
move,271.0705,171.96368
move,273.14163,171.34131
move,274.79285,170.95793
move,276.2652,170.64417
move,278.2083,170.23325
move,280.32114,169.39992
move,282.2986,168.22093
move,284.20224,167.0426
move,285.77805,165.83437
move,287.26596,164.65685
move,288.66443,163.69897
move,289.32123,163.29393
move,291.1147,162.27646
move,292.6772,161.49873
move,293.86136,161.01947
move,296.08475,160.38124
move,297.91306,160.24683
move,296.08475,160.38124
move,299.2414,160.25217
move,301.03723,160.29732
move,302.441,160.33289
move,304.04715,160.36568
move,305.47626,160.38945
move,306.76624,160.4109
move,308.5364,160.45914
move,310.18008,160.50691
move,311.76096,160.54153
move,313.83505,160.5788
move,315.68005,160.65698
move,317.34473,160.78902
move,318.89508,160.92036
move,320.49594,161.0541
move,322.56516,161.19998
move,323.99265,161.27328
move,325.4836,161.34344
move,326.89877,161.40755
move,328.25168,161.44138
move,330.05872,161.37271
move,331.5397,161.18852
move,333.02258,160.92975
move,334.60226,160.63824
move,336.1206,160.36249
move,338.3418,160.08151
move,340.5561,159.84944
move,342.22937,159.67317
move,343.6762,159.52068
move,344.99725,159.38155
move,346.34518,159.25922
move,348.5057,159.15686
move,350.31363,159.09406
move,351.62848,159.0497
move,352.9939,159.00363
move,354.51105,158.95244
move,356.06613,158.89996
move,357.65912,158.84602
move,359.2648,158.79176
move,360.73135,158.74228
move,362.4508,158.68427
move,364.6128,158.61131
move,365.9656,158.5638
move,367.43207,158.50833
move,368.14008,158.48239
cluster,1067,russerdell
move,-360.50537,-149.5
move,-359.5988,-149.56842
move,-358.23157,-149.6349
move,-356.64322,-149.64557
move,-355.08606,-149.64627
move,-353.71713,-149.63785
move,-352.52637,-149.60371
move,-351.26263,-149.56174
move,-349.49762,-149.50029
move,-348.31705,-149.4809
move,-346.81274,-149.5164
move,-345.59076,-149.55492
move,-344.13904,-149.60057
move,-343.01108,-149.63605
move,-341.3808,-149.65062
move,-339.87604,-149.66537
move,-338.5707,-149.70744
move,-337.42657,-149.81638
move,-336.24887,-149.99611
move,-337.42657,-149.81638
move,-334.75156,-150.2889
move,-333.25598,-150.58986
move,-332.24542,-150.75565
move,-330.62692,-150.94672
move,-328.80133,-151.04987
move,-327.15155,-151.07437
move,-325.3788,-151.02193
move,-323.6782,-150.90112
move,-322.16943,-150.79352
move,-320.38544,-150.68126
move,-319.17673,-150.62363
move,-317.1572,-150.5387
move,-315.22012,-150.45833
move,-313.4891,-150.38641
move,-311.88174,-150.31964
move,-310.04083,-150.24333
move,-308.29608,-150.17085
move,-306.3993,-150.1177
move,-304.98334,-150.09705
move,-303.3887,-150.07442
move,-301.07928,-150.04163
move,-299.38843,-150.01762
move,-297.739,-149.97382
move,-296.09097,-149.8959
move,-294.58072,-149.8113
move,-292.21954,-149.67273
move,-290.7261,-149.44423
move,-288.92664,-148.7287
move,-287.5487,-147.95381
move,-286.00745,-146.9446
move,-284.779,-146.1353
move,-283.60605,-145.36655
move,-282.096,-144.49088
move,-280.505,-143.77429
move,-279.20114,-143.33838
move,-277.42642,-142.84383
move,-275.43588,-142.35847
move,-274.01785,-142.02124
move,-271.9845,-141.53777
move,-270.19012,-141.1199
move,-268.2315,-140.67886
move,-266.64368,-140.28407
move,-265.01202,-139.83888
move,-263.59262,-139.31984
move,-262.08414,-138.52615
move,-260.71335,-137.7376
move,-259.00375,-136.73851
move,-257.36844,-135.77608
move,-256.15973,-135.06471
move,-254.46376,-134.06975
move,-253.28755,-133.39986
move,-251.91982,-132.71364
move,-250.57948,-132.1821
move,-249.12262,-131.7568
move,-247.50208,-131.41171
move,-246.2051,-131.19142
move,-244.62639,-130.97264
move,-243.15495,-130.81374
move,-241.7802,-130.70755
move,-239.87257,-130.60963
move,-238.34346,-130.5412
move,-236.56096,-130.47833
move,-235.09407,-130.44124
move,-233.2732,-130.3928
move,-231.50368,-130.32193
move,-230.00017,-130.24768
move,-228.24515,-130.1394
move,-226.86937,-130.0479
move,-225.06444,-129.92795
move,-222.96835,-129.80247
move,-221.61523,-129.76826
move,-219.56645,-129.72408
move,-218.25098,-129.70682
move,-216.63182,-129.7212
move,-214.70949,-129.76091
move,-212.7998,-129.80313
move,-211.06746,-129.85408
move,-208.94374,-129.93105
move,-206.98418,-129.99783
move,-208.94374,-129.93105
move,-206.98418,-129.99783
move,-204.63257,-130.07573
move,-203.10284,-130.12941
move,-201.58556,-130.17867
move,-199.73889,-130.20088
move,-198.3855,-130.1825
move,-197.00694,-130.1563
move,-195.28699,-130.11736
move,-193.87132,-130.06271
move,-192.3423,-129.99342
move,-190.77464,-129.9403
move,-188.87723,-129.94148
move,-187.22076,-129.9893
move,-185.90639,-130.04807
move,-183.97461,-130.16505
move,-181.88333,-130.35529
move,-180.0786,-130.47818
move,-178.27795,-130.65031
move,-176.92145,-130.813
move,-175.00362,-131.07378
move,-173.26987,-131.2775
move,-171.92317,-131.41359
move,-170.6246,-131.52058
move,-168.93483,-131.65404
move,-167.26883,-131.76587
move,-165.28302,-131.79213
move,-162.98094,-131.75493
move,-161.33691,-131.71437
move,-159.94574,-131.68422
move,-158.18767,-131.65472
move,-156.6698,-131.6452
move,-154.53218,-131.67418
move,-152.24214,-131.90726
move,-150.46992,-132.26648
move,-149.24834,-132.68091
move,-147.76993,-133.42712
move,-146.54245,-134.29742
move,-145.34494,-135.36705
move,-144.12825,-136.72157
move,-143.19618,-138.13531
move,-142.56352,-139.5008
move,-142.02957,-140.82661
move,-141.56546,-142.09811
move,-141.07924,-143.49605
move,-140.5846,-144.9179
move,-140.04291,-146.48402
move,-139.58447,-147.81117
move,-139.15245,-149.06717
move,-138.71623,-150.33511
move,-138.14131,-151.8889
move,-137.08801,-153.68863
move,-136.10664,-154.91122
move,-134.9189,-155.95255
move,-133.56343,-156.86101
move,-132.04579,-157.77354
move,-130.36972,-158.60724
move,-129.08295,-159.16924
move,-127.825554,-159.70364
move,-126.46876,-160.2625
move,-125.13966,-160.78867
move,-123.65166,-161.36003
move,-122.271614,-161.89487
move,-121.02877,-162.39825
move,-119.84729,-162.88457
move,-118.353195,-163.54054
move,-116.68157,-164.35487
move,-115.45749,-165.01651
move,-114.31636,-165.64534
move,-112.815636,-166.4866
move,-111.68051,-167.12627
move,-110.41343,-167.84097
move,-109.0608,-168.55714
move,-107.71712,-169.20721
move,-106.55464,-169.73735
move,-105.24859,-170.31828
move,-103.65387,-170.99658
move,-105.24859,-170.31828
move,-102.47231,-171.48274
move,-101.29112,-171.96974
move,-99.54527,-172.80408
move,-97.93453,-173.806
move,-96.73466,-174.67242
move,-95.43673,-175.64044
move,-94.22016,-176.54834
move,-92.623886,-177.57199
move,-91.304214,-178.21207
move,-89.5271,-178.83722
move,-88.22425,-179.20401
move,-86.87262,-179.53435
move,-85.496414,-179.81259
move,-84.18528,-180.02371
move,-82.62428,-180.17447
move,-81.33636,-180.25261
move,-79.783295,-180.34802
move,-78.23332,-180.48415
move,-76.80813,-180.70183
move,-75.10065,-180.99817
move,-73.480644,-181.28088
move,-72.14725,-181.5136
move,-70.73394,-181.7273
move,-69.44034,-181.88322
move,-67.66632,-182.06795
move,-65.93545,-182.14561
move,-64.06816,-182.01656
move,-62.309715,-181.80632
move,-60.714264,-181.53256
move,-58.966923,-181.17436
move,-57.6113,-180.92354
move,-56.066273,-180.73993
move,-54.669037,-180.60056
move,-53.094456,-180.45537
move,-51.50601,-180.32382
move,-50.180225,-180.24326
move,-48.562496,-180.17456
move,-46.818047,-180.10878
move,-45.416077,-180.0305
move,-44.05203,-179.954
move,-42.485348,-179.87817
move,-41.20817,-179.84329
move,-39.627438,-179.80228
move,-37.806664,-179.74773
move,-36.125317,-179.6896
move,-34.32376,-179.52838
move,-32.745262,-179.3093
move,-31.269312,-179.01488
move,-29.99612,-178.68488
move,-28.031443,-177.891
move,-26.828814,-177.19109
move,-25.11571,-176.13748
move,-23.981647,-175.37563
move,-22.854418,-174.60371
move,-21.53621,-173.73074
move,-20.98638,-173.41805
move,-18.630558,-172.30672
move,-17.352219,-171.82655
move,-15.319561,-171.30202
move,-13.308414,-170.98842
move,-12.010279,-170.87682
move,-10.240493,-170.81137
move,-8.634884,-170.75618
move,-6.940743,-170.69928
move,-5.4523463,-170.5891
move,-3.453111,-170.27904
move,-2.0016375,-169.8806
move,-0.62676424,-169.4055
move,0.639815,-168.8609
move,2.2436678,-168.05243
move,3.6507246,-167.22594
move,5.0018187,-166.42906
move,6.176442,-165.73141
move,7.7491107,-164.763
move,9.49977,-163.69785
move,10.935226,-162.86987
move,12.488361,-162.01895
move,13.756823,-161.35999
move,15.167502,-160.64563
move,16.466373,-159.99045
move,15.167502,-160.64563
move,18.013035,-159.2086
move,16.466373,-159.99045
move,19.323292,-158.52036
move,20.848976,-157.69835
move,22.093777,-157.02168
move,23.62754,-156.18794
move,25.016855,-155.43274
move,26.272741,-154.75003
move,27.51809,-154.07445
move,25.016855,-155.43274
move,29.248747,-153.18013
move,30.913324,-152.3513
move,32.818935,-151.63817
move,34.69253,-151.15427
move,36.011944,-150.91591
move,37.568363,-150.72131
move,38.89382,-150.63583
move,40.61216,-150.55162
move,42.49404,-150.44675
move,44.525406,-150.18272
move,46.68739,-149.70758
move,48.12469,-149.2616
move,49.075333,-148.87932
move,50.95591,-147.97406
move,52.53816,-147.02309
move,54.40869,-145.66122
move,55.8186,-144.33612
move,56.939407,-142.98163
move,57.36989,-142.35657
move,58.400043,-140.73328
move,59.310932,-139.18513
move,60.029305,-137.94928
move,60.754025,-136.7025
move,61.612255,-135.22604
move,62.260666,-134.1105
move,62.94725,-132.92934
move,63.83091,-131.40913
move,64.7197,-129.87733
move,65.55754,-128.41838
move,66.19852,-127.29854
move,66.817635,-125.996376
move,67.50389,-124.281845
move,68.052185,-122.82577
move,68.51744,-121.47419
move,69.12398,-119.58302
move,69.57471,-117.975395
move,70.04879,-115.94272
move,70.389946,-114.30809
move,70.6959,-112.83419
move,71.06815,-111.16754
move,71.39395,-109.89298
move,71.90088,-108.18293
move,72.37373,-106.75393
move,73.1904,-104.52032
move,74.01325,-102.288956
move,74.85437,-100.11867
move,75.40375,-98.74438
move,75.94925,-97.40942
move,76.53935,-95.9697
move,77.03784,-94.75221
move,77.600174,-93.19361
move,78.04342,-91.88795
move,78.49486,-90.55837
move,78.93002,-89.27672
move,79.454544,-87.73142
move,80.17012,-85.62311
move,80.59859,-84.24626
move,81.030624,-82.59416
move,81.36067,-81.28143
move,81.672264,-80.042404
move,82.03901,-78.6216
move,82.399475,-77.34321
move,83.08571,-75.132484
move,83.688576,-73.31993
move,84.429756,-71.14019
move,85.02263,-69.57922
move,85.55337,-68.21115
move,86.04166,-66.96231
move,86.566696,-65.61915
move,86.04166,-66.96231
move,87.12861,-64.18177
move,87.69057,-62.74441
move,88.29856,-61.18926
move,89.01242,-59.3631
move,89.70485,-57.66486
move,90.3033,-56.45078
move,90.882645,-55.28372
move,91.679596,-53.702232
move,92.42688,-52.35194
move,93.09598,-51.175365
move,94.17651,-49.404575
move,95.301575,-47.69192
move,96.067505,-46.669373
move,97.00542,-45.5575
move,98.04545,-44.524586
move,99.41993,-43.512135
move,100.31444,-42.915413
move,102.24692,-41.80998
move,103.94987,-40.863953
move,105.18448,-40.14385
move,106.709816,-39.195156
move,107.86889,-38.471992
move,109.15678,-37.668488
move,110.38026,-36.90513
move,112.01904,-35.949745
move,113.46702,-35.22518
move,114.81249,-34.578747
move,116.11013,-33.97924
move,117.691795,-33.335403
move,119.29359,-32.707676
move,120.51634,-32.22229
move,121.85096,-31.643444
move,123.28561,-31.009212
move,124.742836,-30.332903
move,126.30606,-29.55601
move,127.71858,-28.817587
move,128.88045,-28.20034
move,130.16237,-27.512712
move,131.36603,-26.866474
move,133.13606,-25.911186
move,135.04929,-24.874912
move,136.61566,-24.1044
move,137.97249,-23.452316
move,139.54414,-22.752604
move,140.91595,-22.232073
move,142.8301,-21.536577
move,144.26859,-21.013666
move,145.87218,-20.391249
move,147.18466,-19.825172
move,148.94409,-19.018805
move,150.62692,-18.198599
move,151.96039,-17.500051
move,153.38588,-16.759283
move,155.09865,-15.942742
move,156.2853,-15.469282
move,157.40495,-15.032961
move,159.42659,-14.263602
move,161.0141,-13.746238
move,162.47922,-13.303217
move,164.12216,-12.837316
move,165.37186,-12.516172
move,166.94785,-12.144578
move,168.45277,-11.802127
move,170.03389,-11.453089
move,172.03906,-11.097651
move,173.44539,-10.925868
move,174.90562,-10.781212
move,176.59616,-10.656327
move,178.50334,-10.551387
move,180.27255,-10.470194
move,181.89043,-10.406483
move,183.31969,-10.382146
move,185.5048,-10.483856
move,187.48814,-10.813289
move,189.03131,-11.256159
move,190.29962,-11.795372
move,191.64528,-12.550103
move,193.11298,-13.517956
move,191.64528,-12.550103
move,194.30898,-14.452642
move,195.83197,-15.707525
move,196.9705,-16.61199
move,195.83197,-15.707525
move,198.26877,-17.46924
move,199.9866,-18.38739
move,201.19443,-18.908318
move,202.63493,-19.38655
move,204.46718,-19.879496
move,205.76978,-20.197645
move,207.02196,-20.508795
move,208.2933,-20.93489
move,209.80623,-21.545872
move,211.17741,-22.226223
move,212.34703,-22.955194
move,213.59319,-23.886646
move,214.62196,-24.706568
move,215.68625,-25.56312
move,216.91815,-26.533815
move,218.23647,-27.382208
move,219.72302,-28.142084
move,220.99234,-28.680428
move,222.66663,-29.25695
move,223.952,-29.590998
move,225.4609,-29.844284
move,226.83603,-29.93621
move,228.31555,-29.904572
move,230.0092,-29.836903
move,231.70262,-29.763506
move,233.26855,-29.67121
move,235.07388,-29.556192
move,237.2588,-29.42992
move,238.57368,-29.387585
move,240.4454,-29.420542
move,242.3786,-29.512854
move,244.22345,-29.601217
move,246.34836,-29.623648
move,248.19496,-29.59303
move,249.72514,-29.555866
move,251.10307,-29.505573
move,252.69585,-29.444529
move,254.02318,-29.393621
move,255.52783,-29.350918
move,257.07117,-29.347618
move,258.63962,-29.365234
move,260.61215,-29.423393
move,261.914,-29.475445
move,264.25226,-29.574017
move,265.55408,-29.62889
move,266.86853,-29.684294
move,268.46103,-29.753311
move,270.1673,-29.829727
move,271.45645,-29.887465
move,273.2133,-29.966145
move,274.6162,-30.028975
move,276.2087,-30.100313
move,277.51056,-30.156704
move,278.82605,-30.180895
move,280.44534,-30.194853
move,282.3556,-30.207638
move,284.46826,-30.221853
move,285.8725,-30.231295
move,287.2261,-30.240417
move,288.6303,-30.247297
move,290.4897,-30.213623
move,292.11963,-30.134184
move,293.457,-30.038216
move,295.2919,-29.828943
move,296.56998,-29.5765
move,298.0755,-29.137794
move,300.0151,-28.368765
move,302.04865,-27.373531
move,303.77826,-26.504988
move,304.9543,-25.915497
move,306.19855,-25.321402
move,307.86838,-24.625761
move,309.3933,-24.044573
move,310.97797,-23.479437
move,312.5608,-22.947763
move,314.30908,-22.39269
move,312.5608,-22.947763
move,315.87833,-21.944693
move,317.59616,-21.513971
move,319.48056,-21.07251
move,320.81973,-20.802074
move,322.1181,-20.590118
move,323.8762,-20.37735
move,325.4379,-20.229214
move,326.7999,-20.124556
move,328.41696,-20.040749
move,330.56702,-20.008072
move,332.12262,-20.037844
move,333.74142,-20.06879
move,335.0188,-20.093208
move,337.13083,-20.136206
move,338.97763,-20.16253
move,340.79895,-20.196522
move,342.31592,-20.248932
move,343.6683,-20.30378
move,345.43704,-20.392439
move,347.35645,-20.505468
move,348.66974,-20.583256
move,350.13452,-20.670702
move,351.47363,-20.739553
move,353.33218,-20.793346
move,354.8502,-20.777786
move,356.12753,-20.754135
move,357.67047,-20.72562
move,359.12488,-20.701092
move,360.51642,-20.685736
move,362.46463,-20.66694
move,364.08392,-20.661152
move,365.76645,-20.658394
move,367.23364,-20.637106
move,368.51028,-20.588522
cluster,1129,oakcopse
move,0.49999934,360.50537
move,0.41800022,359.41122
move,0.33853143,358.34824
move,0.41800022,359.41122
move,0.23336779,356.96255
move,0.095129244,355.66354
move,-0.059242133,354.13513
move,-0.1814965,352.6145
move,-0.26920113,351.40555
move,-0.311789,349.99573
move,-0.25405,348.72263
move,-0.13617125,347.43228
move,0.0427646,345.4551
move,0.21619369,343.5404
move,0.33308077,342.04025
move,0.3623764,340.68222
move,0.31287685,338.82294
move,0.22795932,337.21597
move,0.13554157,335.46295
move,0.059725612,334.02295
move,0.009786771,332.67584
move,-0.004235769,331.44293
move,0.003073103,330.1262
move,0.028369071,328.4335
move,0.10130824,326.0423
move,0.16879855,324.14584
move,0.23944992,322.13947
move,0.30116853,319.62387
move,0.3161614,317.27246
move,0.31773427,315.59485
move,0.3190654,313.94476
move,0.32079902,312.0334
move,0.321914,310.86456
move,0.15099335,308.91998
move,-0.06405872,307.27023
move,-0.42361706,305.42807
move,-0.7698777,304.08032
move,-1.1317918,302.72366
move,-1.596697,301.13345
move,-2.0562005,300.06406
move,-3.1180024,298.1509
move,-3.884499,296.9293
move,-5.0197177,295.44095
move,-6.169462,294.01184
move,-7.4137936,292.4159
move,-8.614396,290.69324
move,-9.576368,289.0441
move,-10.499278,287.11584
move,-11.349447,285.07266
move,-11.76313,283.86392
move,-12.27265,282.35364
move,-12.81942,280.99246
move,-13.406172,279.84363
move,-14.0501,278.69656
move,-15.22304,276.59872
move,-16.122362,274.88498
move,-16.79543,273.58102
move,-17.518375,272.07608
move,-18.142847,270.60956
move,-18.625584,269.37216
move,-19.137459,267.70343
move,-19.4536,266.1801
move,-19.670448,264.10513
move,-19.565361,261.97302
move,-19.27747,260.40576
move,-19.058514,259.34003
move,-18.660452,257.40744
move,-18.035603,255.69188
move,-16.809923,254.39746
move,-15.615045,253.30504
move,-16.809923,254.39746
move,-14.026307,252.16069
move,-15.615045,253.30504
move,-12.141761,251.4608
move,-14.026307,252.16069
move,-10.206606,251.01755
move,-8.349497,250.78477
move,-6.5115137,250.60356
move,-4.923674,250.46709
move,-2.572146,250.39288
move,-1.2697337,250.43004
move,0.55129164,250.4758
move,1.9675807,250.51376
move,4.066467,250.57912
move,5.609113,250.62402
move,7.177653,250.63596
move,9.037187,250.64336
move,10.32743,250.63155
move,12.712306,250.33505
move,15.015645,249.85861
move,17.077518,249.24835
move,19.104244,248.5296
move,20.309029,248.0677
move,22.001696,247.29794
move,23.741331,246.23997
move,25.21629,245.14967
move,26.20919,244.34567
move,27.880947,243.01326
move,29.66778,241.64294
move,31.428825,240.43402
move,33.214466,239.53757
move,35.541626,238.72388
move,37.64683,238.17427
move,40.040092,237.57654
move,42.049286,236.97145
move,44.01775,235.83029
move,45.07659,235.1152
move,46.07611,234.4479
move,47.853218,233.25952
move,48.95729,232.52098
move,50.063442,231.83249
move,52.36314,230.88528
move,54.85441,230.38179
move,56.141335,230.17801
move,57.382053,230.00774
move,59.9574,229.86615
move,62.195255,229.7928
move,63.48125,229.68747
move,65.631165,229.35356
move,67.979706,228.78973
move,70.16934,227.96649
move,71.89804,227.04355
move,73.51454,225.91435
move,74.69081,224.8576
move,76.14161,223.51991
move,77.52188,222.41595
move,79.22441,221.47076
move,81.09291,220.69511
move,82.31683,220.3284
move,84.548645,219.81686
move,86.88809,219.32358
move,89.229706,218.90953
move,91.301796,218.65863
move,92.93915,218.50603
move,94.81051,218.45255
move,96.31568,218.47263
move,98.693115,218.53503
move,100.86846,218.57619
move,102.99363,218.59143
move,105.16911,218.55339
move,107.0767,218.3191
move,105.16911,218.55339
move,108.476166,218.02798
move,109.7946,217.66985
move,111.7369,216.84033
move,113.69901,215.78877
move,115.44839,214.60616
move,116.4562,213.82088
move,118.39903,212.28055
move,120.468025,210.99947
move,122.72884,210.1892
move,125.093285,209.48615
move,127.52236,208.82758
move,129.95569,208.23404
move,132.24112,207.27678
move,134.29097,206.09792
move,135.38446,205.41296
move,136.60097,204.20824
move,138.1836,202.28299
move,139.46094,200.72913
move,140.82648,199.06776
move,141.56848,198.16516
move,141.5685,198.16516
move,141.37566,196.94614
move,141.22467,195.96661
move,141.02338,194.64487
move,140.87297,193.64629
move,140.68863,192.44484
move,140.50502,191.30002
move,140.28116,189.87761
move,140.07521,188.58488
move,139.77332,186.77744
move,139.51587,185.09537
move,139.42769,184.14569
move,139.33038,182.63428
move,139.29742,181.6998
move,139.24455,180.35442
move,139.19576,179.01822
move,139.1447,177.55109
move,139.09995,176.27084
move,139.06596,175.29898
move,139.01399,173.83195
move,138.96266,172.46782
move,138.87585,170.66548
move,138.83958,169.63771
move,138.80238,167.4843
move,138.74477,166.16994
move,138.67235,164.81828
move,138.56467,162.88585
move,138.54448,160.69824
move,138.64656,158.81648
move,138.96353,156.65175
move,139.6086,154.2448
move,139.98268,152.91762
move,140.28468,151.65018
move,140.49838,150.60924
move,141.3016,148.40276
move,142.2437,146.35742
move,143.16975,144.34654
move,144.08539,142.35866
move,144.2783,141.9397
move,144.58412,141.78761
move,146.36235,141.17574
move,148.63687,140.81978
move,150.64816,140.50017
move,152.75194,140.1224
move,150.64816,140.50017
move,154.05241,139.79607
move,155.31667,139.48094
move,156.61264,139.1368
move,158.81851,138.5234
move,160.39241,138.04652
move,161.60443,137.64218
move,163.73367,136.33385
move,164.69519,135.49261
move,166.36052,133.60732
move,167.6481,131.41864
move,168.60263,129.33817
move,169.2008,127.52439
move,169.62616,125.0094
move,169.7502,123.68694
move,169.8335,122.386696
move,169.91675,121.18781
move,170.0149,119.761765
move,170.0988,118.43617
move,170.17296,117.13533
move,170.3211,114.58435
move,170.39537,113.245514
move,170.41199,111.91738
move,170.43306,110.58925
move,170.46915,108.21127
move,170.48941,106.88315
move,170.52202,104.7455
move,170.5485,102.494
move,170.5635,101.21647
move,170.57947,99.875694
move,170.60551,97.68743
move,170.62106,96.39725
move,170.64487,94.42402
move,170.66595,92.66583
move,170.68913,90.7179
move,170.71791,88.30197
move,170.73326,87.01179
move,170.7411,84.69688
move,170.7516,82.24281
move,170.7606,80.20619
move,170.77155,77.60033
move,170.73123,75.096146
move,170.66365,72.567055
move,170.66127,71.26412
move,170.69666,69.96169
move,170.88818,67.41416
move,171.28099,65.41641
move,171.78267,63.73131
move,172.63826,61.323986
move,173.48967,59.67163
move,174.70976,57.61555
move,175.38593,56.501793
move,176.05147,55.42598
move,177.3663,53.38389
move,178.06859,52.30142
move,178.75041,51.25093
move,179.63168,49.58934
move,180.16884,47.456104
move,180.51242,45.21796
move,180.83212,42.88686
move,181.12123,40.781437
move,181.29561,39.350117
move,181.5192,37.02058
move,181.49026,35.2181
move,181.11552,33.203346
move,180.74388,30.893116
move,180.55179,29.438334
move,180.27158,27.31893
move,180.15262,25.32601
move,180.27158,27.31893
move,180.19342,22.910196
move,180.2319,20.772705
move,180.26212,19.115833
move,180.29306,17.421019
move,180.32092,15.890625
move,180.36177,13.651951
move,180.3974,11.881314
move,180.44609,10.553965
move,180.49748,9.188737
move,180.59824,7.6744533
move,180.91087,5.7264094
move,181.45354,3.5295582
move,182.13953,1.3186427
move,182.62129,0.08085592
move,183.71051,-1.8580868
move,185.12733,-3.8304522
move,186.72435,-5.606963
move,188.1677,-6.759108
move,189.79562,-7.851016
move,191.88095,-8.911309
move,193.07506,-9.400062
move,195.1006,-10.159074
move,196.37016,-10.549249
move,198.32771,-10.783516
move,200.37637,-10.761822
move,201.7029,-10.695483
move,203.35641,-10.585387
move,204.8614,-10.552437
move,206.60683,-10.524426
move,208.38857,-10.440279
move,210.4604,-10.334447
move,212.44135,-10.196345
move,214.59735,-9.904011
move,216.27504,-9.6617985
move,217.91151,-9.504495
move,219.2389,-9.45653
move,220.49127,-9.450981
move,222.49002,-9.461789
move,224.51414,-9.472402
move,226.66475,-9.483697
move,228.38524,-9.491829
move,229.90323,-9.498162
move,231.25673,-9.506751
move,232.68527,-9.455803
move,234.23906,-9.372575
move,235.54028,-9.305068
move,237.29613,-9.21136
move,239.01443,-9.125795
move,241.00009,-9.098032
move,242.4414,-9.142251
move,244.1473,-9.219218
move,246.01648,-9.325428
move,247.65805,-9.423671
move,249.6548,-9.508009
move,251.23532,-9.556485
move,252.92924,-9.618261
move,254.39563,-9.671618
move,256.11484,-9.734146
move,257.42972,-9.781999
move,259.402,-9.853728
move,260.90652,-9.908474
move,262.47424,-9.963703
move,264.18423,-9.8081045
move,266.05856,-9.327121
move,267.45102,-8.951761
move,269.86594,-8.165384
move,271.5788,-7.349291
move,273.39856,-6.434722
move,275.18134,-5.559329
move,276.39053,-4.9796367
move,275.18134,-5.559329
move,277.9955,-4.293645
move,280.39343,-3.5742493
move,282.04562,-3.1415486
move,283.93494,-2.723053
move,285.8424,-2.3968859
move,287.8557,-2.0892994
move,288.73236,-1.9646052
move,291.4285,-1.7485518
move,288.73236,-1.9646052
move,292.84238,-1.8242742
move,294.2042,-2.2038
move,295.71823,-3.0927448
move,297.30847,-4.455263
move,297.9378,-5.479106
move,298.34024,-6.9160585
move,298.6413,-8.608047
move,298.731,-9.882533
move,298.69168,-11.551282
move,298.4601,-13.345124
move,298.24875,-14.809991
move,297.94763,-16.773014
move,297.56976,-18.334257
move,297.23004,-19.552835
move,296.49866,-21.560259
move,295.7233,-23.277956
move,294.8693,-24.986475
move,294.03088,-26.632145
move,293.28867,-28.253963
move,292.4101,-30.31338
move,291.81204,-31.722404
move,291.10486,-33.38748
move,290.31857,-35.238857
move,289.66086,-36.787457
move,288.66052,-39.014496
move,287.60812,-41.118828
move,286.61743,-42.999104
move,285.86435,-44.43251
move,284.73883,-46.584846
move,284.11758,-47.787457
move,283.36777,-49.46127
move,282.9004,-50.745056
move,282.59927,-51.973648
move,282.4512,-54.181545
move,282.52335,-55.50785
move,282.712,-57.26857
move,282.9252,-58.566784
move,283.4686,-60.69832
move,284.54794,-62.82838
move,285.1505,-63.86806
move,285.8504,-64.937004
move,287.36374,-66.86748
move,288.69144,-68.34457
move,289.89032,-69.682205
move,290.72598,-70.96296
move,291.24393,-72.74557
move,291.5237,-74.09569
move,291.75018,-75.55829
move,291.86658,-77.37579
move,291.90338,-79.13372
move,291.9089,-80.424
move,291.91025,-82.09378
move,291.9113,-83.78886
move,291.8974,-85.48387
move,291.856,-87.20377
move,291.80685,-89.12596
move,291.8193,-90.49199
move,292.05322,-93.00946
move,292.49274,-94.98514
move,293.0649,-97.13675
move,293.651,-99.258316
move,294.6694,-101.47335
move,295.6043,-103.022064
move,294.6694,-101.47335
move,296.66028,-104.613174
move,295.6043,-103.022064
move,298.04813,-106.2723
move,299.2877,-107.4467
move,300.77246,-108.275734
move,302.7087,-109.05497
move,304.7742,-109.778175
move,306.03445,-110.197815
move,307.66833,-110.694664
move,309.43475,-111.233665
move,311.08148,-111.81015
move,312.4432,-112.61141
move,313.67874,-113.55691
move,314.89536,-114.73601
move,315.71268,-115.717125
move,316.6213,-117.1019
move,317.2358,-118.20751
move,318.0392,-119.94005
move,318.6112,-121.49488
move,319.1359,-123.106766
move,319.70346,-124.970215
move,320.11325,-126.4448
move,320.4358,-128.10876
move,320.70227,-130.20386
move,320.84003,-132.02008
move,320.87006,-133.55034
move,320.87146,-135.03046
move,320.86768,-136.7383
move,320.8655,-138.14253
move,320.9333,-139.27887
move,321.08978,-140.92856
move,321.22934,-142.35121
move,321.3956,-143.8092
move,321.6729,-145.7114
move,321.99384,-147.29836
move,322.3791,-148.77954
move,322.77713,-150.0593
move,323.37683,-151.39807
move,324.62704,-153.25426
move,325.44513,-154.25204
move,326.24585,-155.19838
move,327.67557,-156.7533
move,328.79346,-157.9249
move,329.71002,-159.3579
move,330.282,-160.91154
move,330.77277,-163.05641
move,331.09827,-165.22044
move,331.3307,-167.25656
move,331.49423,-169.38817
move,331.6036,-171.06712
move,331.71948,-173.01167
move,331.81662,-174.7293
move,331.99258,-176.90984
move,332.3102,-178.70316
move,332.5965,-179.80507
move,333.37833,-181.79247
move,334.3688,-183.41054
move,335.48755,-184.9586
move,336.498,-186.05698
move,337.44833,-187.0736
move,338.29916,-188.09344
move,339.24707,-189.66075
move,339.9709,-191.4691
move,340.3944,-193.17474
move,340.63113,-194.66116
move,340.81985,-196.57445
move,340.92142,-198.11444
move,340.99445,-199.7194
move,341.03845,-201.36333
move,341.0772,-203.07066
move,341.12445,-204.7778
move,341.18024,-206.63661
move,341.2231,-208.15402
move,341.2293,-209.44429
move,341.21957,-210.74712
move,341.2293,-209.44429
move,341.20236,-212.48003
move,341.1871,-213.90935
move,341.16943,-215.49045
move,341.15274,-216.85652
move,341.10007,-218.31026
move,340.93814,-219.99718
move,340.72272,-221.26921
move,340.35492,-222.79393
move,339.95322,-224.08617
move,339.4005,-225.48608
move,338.8238,-226.71011
move,338.14597,-227.89615
move,337.37207,-229.14294
move,336.406,-230.67232
move,335.5205,-232.07306
move,334.48627,-233.70888
move,333.5534,-235.18431
move,332.77655,-236.41426
move,331.994,-237.70013
move,331.22583,-239.13974
move,330.66772,-240.45543
move,330.0636,-242.17393
move,329.53424,-243.82416
move,328.98737,-245.37488
move,328.2655,-247.12961
move,327.71268,-248.32346
move,327.0864,-249.65047
move,326.4003,-251.08916
move,325.48193,-252.9776
move,324.87985,-254.17578
move,324.29532,-255.34026
move,323.67676,-256.57245
move,322.95575,-258.00803
move,322.28976,-259.35794
move,321.6174,-260.96857
move,321.0133,-262.5929
move,320.53867,-263.91443
move,320.0348,-265.2791
move,319.52853,-266.50723
move,318.97577,-267.7703
move,318.25394,-269.37378
move,317.42365,-271.17807
move,316.54932,-272.94708
move,315.68088,-274.60568
move,315.01718,-275.87164
move,314.16205,-277.46564
move,313.4657,-278.75717
move,312.93845,-279.7376
move,312.03964,-281.57904
move,311.12097,-283.69016
move,310.3915,-285.17758
move,309.4671,-286.74722
move,308.66983,-288.0834
move,307.7572,-289.5116
move,306.58704,-291.10007
move,305.0814,-292.61774
move,303.95554,-293.7462
move,302.78683,-294.921
move,301.75565,-295.91074
move,300.52646,-296.88467
move,298.87833,-298.01425
move,297.40714,-298.8807
move,295.8607,-299.69043
move,294.5642,-300.2923
move,293.19043,-300.84253
move,291.68503,-301.36636
move,290.33386,-301.7482
move,288.90012,-302.06033
move,287.0676,-302.28452
move,285.7408,-302.33942
move,284.1347,-302.30847
move,282.55814,-302.18884
move,281.14642,-302.06735
move,278.9785,-301.8808
move,277.3569,-301.69858
move,275.00708,-301.42786
move,273.15625,-301.24646
move,271.35358,-301.09485
move,273.15625,-301.24646
move,269.56323,-300.94794
move,267.17783,-300.7875
move,265.57312,-300.71005
move,263.66516,-300.62125
move,261.833,-300.53613
move,260.02536,-300.46487
move,258.34384,-300.40613
move,257.00366,-300.36276
move,255.52443,-300.31467
move,254.03255,-300.26593
move,252.33836,-300.20972
move,250.69476,-300.15353
move,249.2029,-300.1024
move,247.38232,-300.04013
move,245.15717,-299.96402
move,243.08293,-299.92163
move,240.84427,-299.88065
move,238.98491,-299.8466
move,236.6449,-299.80408
move,235.22824,-299.7783
move,233.57149,-299.74316
move,232.28151,-299.71362
move,230.77652,-299.6787
move,229.36006,-299.6473
move,227.67776,-299.62064
move,226.14714,-299.60806
move,224.23207,-299.74173
move,223.00174,-300.1236
move,221.55559,-300.82187
move,220.36095,-301.55862
move,218.91962,-302.71298
move,217.70583,-303.89618
move,216.64638,-304.96558
move,215.6642,-306.00412
move,214.77473,-307.07385
move,213.96094,-308.33865
move,213.29066,-309.67206
move,212.66705,-311.13867
move,212.10654,-312.81708
move,211.80508,-314.20126
move,211.55278,-315.71088
move,211.28635,-318.03528
move,211.2427,-319.6917
move,211.2337,-320.96942
move,211.22514,-322.62662
move,211.21632,-324.39767
move,211.20827,-325.979
move,211.20029,-327.4971
move,211.19284,-329.00253
move,211.18343,-330.84955
move,211.17508,-332.5068
move,211.16876,-333.78455
move,211.1599,-335.51767
move,211.15297,-336.87128
move,211.13647,-338.69296
move,211.09502,-339.9952
move,211.04913,-341.3733
move,210.99312,-343.06747
move,210.9372,-344.6858
move,210.88298,-346.2535
move,210.82285,-347.94766
move,210.77132,-349.4142
move,210.72517,-350.9822
move,210.72037,-352.48764
move,210.71446,-353.99304
move,210.70819,-355.587
move,210.70087,-357.4087
move,210.69443,-359.05328
move,210.68826,-360.6093
move,210.68155,-362.29187
move,210.67285,-364.32864
move,210.66673,-365.872
move,210.66214,-367.6431
move,210.66077,-368.38947
cluster,117,aspenwood
move,190.5,360.50537
move,190.50284,360.2441
move,190.52142,359.09485
move,190.54472,357.77844
move,190.56374,356.70233
move,190.5881,355.32324
move,190.60031,354.13196
move,190.5881,355.32324
move,190.55359,352.94168
move,190.4831,351.1458
move,190.43515,349.9242
move,190.37654,348.4311
move,190.32571,347.13638
move,190.2839,346.07135
move,190.24277,345.02725
move,190.32571,347.13638
move,190.24211,345.0093
move,190.24277,345.02725
move,190.24211,345.0093
move,190.11407,344.2784
move,189.8892,342.49536
move,189.79118,341.2452
move,189.71977,340.22354
move,189.64694,339.12878
move,189.58916,337.95996
move,189.58423,336.3507
move,189.60704,335.17017
move,189.64423,333.58215
move,189.67317,332.08813
move,189.68163,330.56238
move,189.68791,329.35013
move,189.68907,328.0856
move,189.68083,326.40308
move,189.67062,325.0236
move,189.67499,323.91595
move,189.71895,322.86145
move,189.76906,321.76547
move,189.81766,320.7008
move,189.87016,319.5526
move,189.93436,318.07013
move,189.98769,316.68146
move,190.04375,315.1357
move,190.07565,313.4309
move,190.07635,311.3958
move,190.02359,308.88016
move,189.94748,307.02554
move,189.80551,305.43698
move,189.48044,303.49844
move,188.9067,301.5047
move,188.13527,299.86295
move,187.22328,298.3579
move,185.89583,296.4012
move,185.00352,295.21414
move,184.05597,293.9653
move,183.07658,292.63754
move,182.14185,291.3282
move,181.18388,289.78775
move,180.50432,288.36084
move,180.13681,286.7545
move,179.92928,284.71637
move,179.80669,283.27792
move,179.69704,281.05313
move,179.6289,279.79
move,179.53899,277.8947
move,179.44849,276.0269
move,179.26337,274.0018
move,179.02905,272.6854
move,178.63469,271.12817
move,178.01201,269.5381
move,177.31985,268.07462
move,176.68404,266.89404
move,176.03273,265.7656
move,175.33788,264.60406
move,174.58015,263.36218
move,173.8932,262.22522
move,173.05287,260.66653
move,172.21185,258.95157
move,171.47998,257.42242
move,170.68803,255.7678
move,169.86864,254.05637
move,169.02306,252.35788
move,168.35951,251.19264
move,167.45883,249.83197
move,166.37979,248.24052
move,165.2758,246.60477
move,164.32849,245.13861
move,163.49731,243.63287
move,162.66269,241.9711
move,162.31688,241.28123
move,161.43983,239.45744
move,160.87148,238.02261
move,160.26038,236.29306
move,159.60718,234.4175
move,159.12042,233.01979
move,158.50879,231.26369
move,158.92175,230.05852
move,158.51826,229.19774
move,157.92021,228.44403
move,157.09743,227.71143
move,156.31787,227.19586
move,155.49438,226.71481
move,154.68533,226.24611
move,153.73067,225.69307
move,152.96205,225.24783
move,152.2952,224.84796
move,151.76317,224.29115
move,151.79126,223.5306
move,152.23672,222.9031
move,152.85007,222.43787
move,152.23672,222.9031
move,153.58546,221.90424
move,152.23672,222.9031
move,153.58546,221.90424
move,154.3162,221.37733
move,154.94698,220.90947
move,155.55177,220.42062
move,156.18213,219.855
move,156.73715,219.31033
move,157.35434,218.65419
move,157.87015,218.07217
move,158.36848,217.48526
move,158.85478,216.87836
move,159.34106,216.26161
move,159.82259,215.6509
move,160.3089,215.03416
move,160.79085,214.42381
move,161.35388,213.71068
move,161.91228,213.0037
move,162.31815,212.49023
move,162.92934,211.71704
move,163.41202,211.09749
move,163.97997,210.33139
move,164.6575,209.3557
move,165.36667,208.26857
move,166.01472,207.27289
move,166.62076,206.34174
move,167.2329,205.40143
move,167.839,204.47032
move,168.53514,203.40096
move,169.1472,202.4606
move,169.75928,201.52025
move,170.36577,200.57632
move,170.9488,199.64355
move,171.58646,198.57669
move,172.21014,197.42601
move,172.71451,196.24304
move,173.11511,195.03174
move,173.3921,193.95601
move,173.6157,192.84561
move,173.66763,191.6935
move,173.56793,190.3996
move,173.44728,189.2952
move,173.30948,188.1928
move,173.1399,186.90593
move,172.97385,185.81853
move,172.7973,184.72165
move,172.61656,183.6143
move,172.4068,182.33337
move,172.22629,181.22603
move,172.04172,179.94127
move,171.91646,178.83737
move,171.78659,177.54588
move,171.65866,176.25418
move,171.53192,174.97342
move,171.40514,173.69267
move,171.29468,172.57613
move,171.17255,171.30602
move,171.0757,170.19928
move,170.95526,168.90695
move,170.82397,167.81483
move,170.68361,166.71272
move,170.51366,165.60374
move,170.3071,164.51215
move,170.08513,163.41232
move,169.85257,162.32594
move,169.57407,161.0807
move,169.27446,159.8404
move,169.00502,158.7512
move,168.73814,157.67274
move,168.42645,156.41272
move,168.07776,155.00151
move,167.80891,153.73969
move,167.63225,152.47469
move,167.5518,151.18706
move,167.56178,149.9099
move,167.74416,148.64651
move,168.11531,147.20094
move,168.4532,145.96881
move,168.82834,144.52426
move,169.01141,143.27365
move,169.01831,141.98495
move,168.75516,140.60756
move,168.3194,139.40742
move,167.81827,138.2184
move,167.3091,137.01909
move,166.79172,135.85094
move,166.28633,134.67764
move,165.78235,133.28625
move,165.40135,132.06679
move,165.06277,130.75647
move,164.8555,129.55676
move,164.82268,128.62262
move,164.84776,127.66945
move,164.96504,126.572685
move,165.13647,125.634705
move,165.36734,124.72882
move,165.13647,125.634705
move,165.65915,123.82098
move,165.98726,122.925514
move,166.32536,122.04376
move,165.65915,123.82098
move,166.67876,121.13787
move,167.1175,120.13589
move,167.53926,119.291016
move,167.98433,118.436966
move,168.41435,117.59629
move,168.77916,116.72549
move,169.08609,115.832596
move,169.34454,114.91474
move,169.54155,113.99137
move,169.70532,113.05185
move,169.86928,112.05544
move,170.03047,110.97345
move,170.18471,110.03239
move,170.37381,109.1072
move,170.5674,108.19246
move,170.82298,107.109665
move,171.07826,106.21025
move,171.5331,104.788574
move,171.95395,103.58232
move,172.5218,102.22975
move,173.09808,101.075325
move,173.72978,99.921425
move,174.44153,98.623955
move,175.02272,97.24949
move,175.4187,95.98291
move,175.70984,94.50609
move,175.97327,93.03682
move,176.16759,91.55713
move,176.31384,90.24967
move,176.50185,88.986046
move,176.73463,87.70411
move,176.97672,86.436745
move,177.09454,85.16636
move,177.0291,83.8909
move,176.88025,82.60933
move,176.66219,81.299385
move,176.33829,79.85524
move,176.03235,78.61478
move,175.66304,77.168465
move,175.30122,75.72031
move,175.01097,74.47609
move,174.77843,73.22005
move,174.6236,71.74856
move,174.5568,70.46005
move,174.55171,68.9804
move,174.71492,67.51082
move,175.01796,66.25737
move,175.51111,65.0664
move,176.17412,63.74321
move,176.93073,62.47207
move,177.70137,61.390297
move,177.90419,60.006653
move,177.21101,58.92281
move,176.3958,57.922684
move,175.45644,56.76268
move,174.6679,55.773556
move,173.76418,54.6015
move,172.89445,53.38863
move,172.23297,52.296024
move,171.67847,51.10427
move,171.30899,49.829933
move,171.10103,48.42911
move,171.01273,47.154728
move,171.0535,45.815666
move,171.18459,44.53205
move,171.30505,43.26014
move,171.19624,41.77856
move,170.66951,40.62187
move,169.74,39.756916
move,168.41632,39.069942
move,167.1895,38.719727
move,165.7346,38.44741
move,164.47868,38.21233
move,170,30
quest
move,166.4228,34.972897
move,166.74005,34.993233
move,167.84103,35.064396
move,168.89984,35.280087
move,169.74496,35.720196
move,170.49565,36.30201
move,170.97794,37.13962
move,171.19962,38.218014
move,171.27957,39.205776
move,171.34492,40.166607
move,171.41035,41.127434
move,171.48466,42.22823
move,171.5488,43.320293
move,171.60324,44.422245
move,171.65132,45.515137
move,171.69574,46.58947
move,171.73462,47.53302
move,171.78056,48.64472
move,171.82562,49.737743
move,171.8703,50.821415
move,171.9089,51.75561
move,171.94829,52.708496
move,171.98766,53.66138
move,172.0269,54.614265
move,172.06635,55.56715
move,172.12024,56.547253
move,172.28569,57.53326
move,172.61148,58.79472
move,172.95457,60.02543
move,173.31354,61.277927
move,172.95457,60.02543
move,173.71902,62.661835
move,174.12794,64.110565
move,174.45749,65.33186
move,174.80783,66.769806
move,175.14935,68.26187
move,175.45534,69.722725
move,175.64552,70.9988
move,175.80995,72.27859
move,175.99237,73.76011
move,176.16203,75.24315
move,176.3183,76.71494
move,176.45724,77.99771
move,176.61366,79.39309
move,176.74274,80.66417
move,176.87154,81.93528
move,177.00287,83.25702
move,177.14665,84.71735
move,177.2457,85.72228
move,177.33635,86.69043
move,177.42308,87.743416
move,177.49348,88.68514
move,177.57379,89.77614
move,177.65393,90.80151
move,177.74417,91.74145
move,177.92511,92.66786
move,178.31918,93.724915
move,178.85393,94.51318
move,179.49548,95.28072
move,180.17772,96.05034
move,180.83656,96.752686
move,181.5955,97.527504
move,182.3658,98.30428
move,183.04984,98.995415
move,183.70123,99.679085
move,184.45471,100.53538
move,185.15082,101.39129
move,185.80273,102.23456
move,186.45674,103.11146
move,187.03143,103.952934
move,187.51492,104.77483
move,187.99585,105.78751
move,188.29094,106.74269
move,188.49474,107.66471
move,188.6625,108.59397
move,188.78217,109.680664
move,188.78185,110.690125
move,188.70503,111.64058
move,188.5623,112.62124
move,188.37708,113.60439
move,188.19505,114.55009
move,187.95901,115.59894
move,187.6764,116.60728
move,187.39145,117.51731
move,187.02922,118.55941
move,186.61105,119.63063
move,186.23087,120.505264
move,185.79303,121.507774
move,185.40321,122.398636
move,184.9848,123.3688
move,184.61218,124.256836
move,184.20506,125.272194
move,183.77596,126.41228
move,183.30495,127.815285
move,183.01917,128.73494
move,182.74979,129.68867
move,182.50351,130.65834
move,182.2633,131.6295
move,182.0526,132.55962
move,181.85341,133.49226
move,181.64201,134.5179
move,181.45662,135.44386
move,181.26021,136.42482
move,181.06593,137.3967
move,180.88545,138.32364
move,180.69916,139.28754
move,180.48334,140.37907
move,180.27892,141.37752
move,180.06604,142.35504
move,179.84065,143.32976
move,179.60997,144.24547
move,179.34607,145.18132
move,179.05457,146.08932
move,178.73088,146.9664
move,178.31494,147.97816
move,177.85005,148.98878
move,177.37003,149.86646
move,176.79723,150.79837
move,176.12364,151.82924
move,175.3039,153.0616
move,174.4658,154.31204
move,173.76834,155.38243
move,174.4658,154.31204
move,173.23662,156.30232
move,173.76834,155.38243
move,172.36215,157.92891
move,171.83281,159.13298
move,171.41891,160.32797
move,171.07362,161.64954
move,170.81764,163.06857
move,170.63713,164.33336
move,170.47798,165.61382
move,170.35957,167.03831
move,170.28276,168.3263
move,170.24,169.79301
move,170.22917,171.08327
move,170.25516,172.56303
move,170.28954,173.8908
move,170.33586,175.3448
move,170.38892,176.672
move,170.45406,178.0493
move,170.53755,179.51434
move,170.61398,180.80235
move,170.70245,182.29243
move,170.79012,183.7699
move,170.87177,185.14632
move,170.94847,186.4597
move,171.01645,187.86218
move,171.07388,189.34116
move,171.11012,190.63092
move,171.14302,191.89542
move,171.17319,193.18533
move,171.1997,194.46269
move,171.22592,195.72743
move,171.23041,197.04285
move,171.14542,198.38094
move,170.96864,199.84991
move,170.64095,201.08325
move,170.16013,202.2666
move,169.60281,203.41603
move,168.85776,204.72366
move,168.04561,205.96075
move,167.23361,207.09067
move,166.46475,208.11101
move,165.56729,209.28783
move,164.79251,210.3037
move,164.01749,211.3194
move,163.25378,212.35933
move,162.4134,213.5776
move,161.64499,214.75279
move,160.88559,216.02296
move,160.22438,217.31842
move,159.71257,218.48895
move,159.1945,219.87497
move,158.86723,221.10922
move,158.64677,222.36745
move,158.52383,223.85432
move,158.52495,225.3341
move,158.60516,226.62169
move,158.76437,227.92743
move,159.02621,229.39677
move,159.38718,230.83176
move,159.82169,232.24657
move,160.31676,233.6412
move,160.8701,235.02757
move,161.37874,236.19946
move,161.93999,237.40323
move,162.4974,238.55281
move,163.16322,239.88872
move,163.84146,241.20415
move,164.52303,242.51788
move,165.09888,243.67245
move,165.6767,244.88248
move,166.2998,246.22498
move,166.84473,247.38051
move,167.50047,248.70732
move,168.07352,249.84929
move,168.66771,250.99467
move,169.26877,252.12212
move,170.00793,253.44792
move,170.74995,254.74312
move,171.3928,255.84723
move,172.07487,257.01633
move,172.80219,258.2907
move,173.43488,259.40076
move,174.1557,260.6933
move,174.80788,262.0077
move,175.35254,263.23297
move,175.89117,264.557
move,176.35336,265.77518
move,176.83522,267.08063
move,177.26036,268.2855
move,177.67851,269.49295
move,178.16023,270.90594
move,178.5677,272.1035
move,178.98096,273.32584
move,178.5677,272.1035
move,179.45044,274.72937
move,178.98096,273.32584
move,179.91795,276.1338
move,180.32843,277.3705
move,180.72983,278.58344
move,181.19315,279.98904
move,181.6612,281.4065
move,182.10335,282.72592
move,182.56128,284.01315
move,183.00372,285.25214
move,183.45467,286.5149
move,183.927,287.83725
move,184.3609,289.0524
move,184.85445,290.4343
move,185.3522,291.8281
move,185.86418,293.27054
move,186.28899,294.4756
move,186.77478,295.88702
move,187.17851,297.09927
move,187.55907,298.3057
move,187.97571,299.72586
move,188.31673,300.9703
move,188.63751,302.22012
move,188.98541,303.68472
move,189.28938,305.14612
move,189.56267,306.60083
move,189.81929,308.0841
move,190.04987,309.55884
move,190.23024,310.8236
move,190.38965,312.0912
move,190.5391,313.53818
move,190.64128,314.95117
move,190.71379,316.4294
move,190.75974,317.74417
move,190.7767,319.13556
move,190.75996,320.6409
move,190.70946,322.0187
move,190.65057,323.3331
move,190.59634,324.6223
move,190.53789,326.1518
move,190.49988,327.60605
move,190.47546,328.97195
move,190.45598,330.32526
move,190.44885,331.79276
move,190.44666,333.24753
move,190.45566,334.5632
move,190.47095,335.8535
move,190.49355,337.2699
move,190.51646,338.6357
move,190.54175,339.951
move,190.56956,341.39276
move,190.59981,342.72064
move,190.62881,344.07388
move,190.66089,345.5662
move,190.6876,347.0332
move,190.71309,348.47488
move,190.73593,349.76483
move,190.76134,351.1939
move,190.76012,352.50958
move,190.7383,353.91342
move,190.70815,355.36786
move,190.68015,356.7085
move,190.6604,358.15045
move,190.6489,359.56738
move,190.64256,361.02213
move,190.62202,362.42615
move,190.5349,363.82742
move,190.47418,365.1036
move,190.42238,366.53217
move,190.34236,367.9594
move,190.3277,368.17395
cluster,1422,oakcopse
move,209.5,-360.50537
move,209.58722,-359.6424
move,209.67001,-358.59033
move,209.68845,-357.53516
move,209.6787,-356.3021
move,209.66719,-355.07947
move,209.65753,-353.84637
move,209.6519,-352.63416
move,209.64703,-351.56824
move,209.6422,-350.51282
move,209.63667,-349.3006
move,209.6315,-348.23468
move,209.61389,-347.1794
move,209.59079,-345.95697
move,209.61389,-347.1794
move,209.5709,-344.89124
move,209.59079,-345.95697
move,209.55629,-343.65823
move,209.56813,-342.47745
move,209.60738,-341.4228
move,209.55629,-343.65823
move,209.71269,-340.2784
move,209.87338,-339.2248
move,210.08423,-337.97812
move,210.27202,-336.86523
move,210.47423,-335.65945
move,210.6694,-334.49478
move,210.86623,-333.31985
move,211.05774,-332.15463
move,211.23303,-330.9869
move,211.41023,-329.56744
move,211.58925,-327.941
move,211.71587,-326.42026
move,211.81123,-325.00726
move,211.85548,-323.60568
move,211.81882,-322.02673
move,211.76414,-320.5013
move,211.71907,-318.9069
move,211.69751,-317.31198
move,211.673,-315.88226
move,211.61795,-314.45343
move,211.50096,-312.82144
move,211.38553,-311.21683
move,211.35667,-309.60886
move,211.44684,-308.0856
move,211.62164,-306.7083
move,211.9674,-305.23697
move,212.5281,-303.93918
move,213.40636,-302.8507
move,214.7807,-301.95096
move,216.15094,-301.55048
move,217.70905,-301.39148
move,219.27614,-301.36176
move,220.82982,-301.3798
move,222.27332,-301.40692
move,223.66179,-301.43457
move,225.27057,-301.44064
move,226.6869,-301.4394
move,228.2545,-301.43793
move,229.65709,-301.4366
move,231.08716,-301.43576
move,232.50348,-301.43958
move,234.02982,-301.44156
move,235.74861,-301.4368
move,237.16472,-301.4209
move,238.75957,-301.39456
move,240.16174,-301.36462
move,241.85257,-301.32642
move,243.52945,-301.28003
move,245.08234,-301.2307
move,246.73141,-301.178
move,248.14687,-301.12875
move,249.60356,-301.07806
move,251.03282,-301.03174
move,252.5449,-300.9979
move,253.94737,-300.98682
move,255.61095,-301.00885
move,257.1639,-301.05856
move,258.70306,-301.1119
move,260.42087,-301.1715
move,261.87753,-301.22195
move,263.54056,-301.26895
move,265.02518,-301.29465
move,266.39987,-301.31387
move,267.91205,-301.33524
move,269.438,-301.35663
move,271.07416,-301.37677
move,272.56702,-301.38992
move,273.88272,-301.3978
move,275.21097,-301.40417
move,276.48862,-301.41037
move,277.77893,-301.41626
move,279.05655,-301.41464
move,280.34686,-301.40933
move,281.77637,-301.40332
move,283.2818,-301.396
move,284.58487,-301.3835
move,285.9891,-301.36932
move,287.34247,-301.34854
move,288.80957,-301.3201
move,290.17538,-301.29095
move,291.67963,-301.235
move,292.99432,-301.05032
move,294.29956,-300.7448
move,295.5859,-300.2871
move,296.82333,-299.67966
move,298.03418,-298.96902
move,299.2283,-298.18365
move,300.41904,-297.34808
move,299.2283,-298.18365
move,301.56207,-296.53244
move,300.41904,-297.34808
move,302.7441,-295.6213
move,303.86176,-294.5947
move,304.80624,-293.55612
move,305.67844,-292.42392
move,306.5409,-291.17487
move,304.80624,-293.55612
move,307.32153,-289.99255
move,308.053,-288.86868
move,308.75253,-287.76938
move,309.4851,-286.5715
move,310.2085,-285.29492
move,310.92764,-284.0013
move,309.4851,-286.5715
move,311.603,-282.78467
move,309.4851,-286.5715
move,311.603,-282.78467
move,309.4851,-286.5715
move,311.603,-282.78467
move,309.4851,-286.5715
move,311.603,-282.78467
move,309.4851,-286.5715
move,311.603,-282.78467
move,310.2085,-285.29492
move,312.2953,-281.5486
move,310.2085,-285.29492
move,312.2953,-281.5486
move,310.2085,-285.29492
move,312.2953,-281.5486
move,310.2085,-285.29492
move,312.2953,-281.5486
move,310.2085,-285.29492
move,312.2953,-281.5486
move,312.98682,-280.32654
move,310.92764,-284.0013
move,313.70947,-279.03485
move,314.40625,-277.7578
move,315.08926,-276.5022
move,315.7388,-275.2289
move,316.3321,-274.02643
move,316.9982,-272.6763
move,317.6722,-271.3587
move,318.29092,-270.16916
move,318.96786,-268.86737
move,319.65643,-267.54315
move,320.24597,-266.4097
move,320.88223,-265.18643
move,321.49506,-264.00806
move,322.1429,-262.76233
move,322.73233,-261.62885
move,323.4152,-260.31583
move,324.00476,-259.1823
move,324.62338,-257.99274
move,325.22464,-256.83676
move,325.83755,-255.65834
move,326.4271,-254.52483
move,327.1017,-253.22174
move,327.6822,-252.06941
move,328.25302,-250.92644
move,328.90817,-249.61345
move,329.48434,-248.459
move,330.06052,-247.30455
move,330.73843,-245.94637
move,331.3372,-244.74664
move,331.94177,-243.53568
move,332.5369,-242.33409
move,333.1179,-241.11165
move,333.66452,-239.90115
move,334.21945,-238.65271
move,334.774,-237.39026
move,335.371,-236.02211
move,335.94095,-234.69745
move,336.46335,-233.4488
move,336.9977,-232.08226
move,337.43146,-230.8269
move,337.86942,-229.41321
move,338.26932,-227.96202
move,338.60855,-226.53447
move,338.86703,-225.27032
move,339.13272,-223.80151
move,339.3904,-222.2927
move,339.59238,-221.01833
move,339.76462,-219.61215
move,339.91068,-218.13928
move,340.01926,-216.84087
move,340.10327,-215.51526
move,340.17,-214.21399
move,340.233,-212.79863
move,340.26025,-211.25566
move,340.25525,-209.80089
move,340.2349,-208.51077
move,340.19174,-206.96806
move,340.11316,-205.51547
move,340.02475,-204.2155
move,339.9292,-202.8273
move,339.84064,-201.54004
move,339.74268,-200.11397
move,339.64633,-198.71315
move,339.55255,-197.36287
move,339.4181,-195.88898
move,339.26102,-194.5446
move,339.04916,-193.0671
move,338.7941,-191.5836
move,338.49722,-190.19841
move,338.1466,-188.85191
move,337.7455,-187.5063
move,337.32117,-186.1413
move,336.9264,-184.87296
move,336.47162,-183.41135
move,336.9264,-184.87296
move,336.08456,-182.16718
move,336.47162,-183.41135
move,335.64117,-180.74184
move,335.26166,-179.52185
move,334.85965,-178.22939
move,334.48004,-177.00937
move,334.02917,-175.55986
move,333.63455,-174.29155
move,333.22864,-172.987
move,332.81155,-171.64616
move,332.4319,-170.4262
move,331.98947,-169.01384
move,331.58575,-167.76173
move,331.13672,-166.44473
move,330.62692,-165.05525
move,330.0856,-163.69144
move,329.6059,-162.5758
move,328.9496,-161.09557
move,328.31384,-159.68929
move,327.7562,-158.4559
move,327.1467,-157.10718
move,326.55267,-155.79303
move,325.9352,-154.40628
move,325.42795,-153.20616
move,324.94882,-151.99455
move,324.48608,-150.80368
move,324.01025,-149.53648
move,323.55374,-148.26227
move,323.12775,-146.99089
move,322.7024,-145.6395
move,322.2912,-144.21773
move,321.96243,-142.94391
move,321.67514,-141.69897
move,321.38586,-140.3767
move,321.08932,-138.97841
move,320.82382,-137.67693
move,320.5407,-136.28868
move,320.28067,-135.01193
move,319.97504,-133.51207
move,319.68454,-132.0866
move,319.42694,-130.82227
move,319.16666,-129.55852
move,318.89487,-128.31013
move,318.55838,-126.920944
move,318.21643,-125.67681
move,317.83087,-124.3398
move,317.3926,-122.95276
move,316.86914,-121.60941
move,316.24832,-120.25216
move,315.5132,-118.85225
move,314.88715,-117.72402
move,314.19333,-116.56194
move,313.3888,-115.396385
move,312.5711,-114.41551
move,311.58438,-113.47168
move,310.5029,-112.65896
move,309.2486,-111.89825
move,308.12997,-111.28103
move,306.8604,-110.59706
move,305.9187,-110.10503
move,304.4725,-109.349434
move,303.28506,-108.72681
move,302.13116,-108.09486
move,300.7481,-107.27792
move,299.50574,-106.45106
move,298.3864,-105.6036
move,297.33597,-104.672424
move,296.3326,-103.63734
move,295.4269,-102.531784
move,294.56052,-101.31651
move,293.83066,-100.13215
move,293.1616,-98.826584
move,292.62622,-97.61104
move,292.09155,-96.24465
move,291.61542,-94.856735
move,291.21817,-93.5364
move,290.85382,-92.128006
move,290.54666,-90.79682
move,290.27658,-89.52219
move,289.99603,-88.069
move,289.75284,-86.6604
move,289.5305,-85.29962
move,289.30847,-83.93879
move,289.09476,-82.627884
move,288.8607,-81.19213
move,288.62918,-79.743126
move,288.43173,-78.34013
move,288.2538,-77.06217
move,288.0614,-75.684044
move,287.83267,-74.31164
move,287.53784,-72.88716
move,287.23273,-71.6465
move,287.53784,-72.88716
move,286.9192,-70.407936
move,287.23273,-71.6465
move,286.55774,-68.998795
move,286.9192,-70.407936
move,286.1872,-67.61821
move,286.55774,-68.998795
move,285.77042,-66.21124
move,286.55774,-68.998795
move,285.77042,-66.21124
move,286.55774,-68.998795
move,285.77042,-66.21124
move,286.55774,-68.998795
move,285.77042,-66.21124
move,286.55774,-68.998795
move,285.77042,-66.21124
move,285.40152,-64.988014
move,284.98846,-63.619534
move,284.6466,-62.480637
move,284.2469,-60.88576
move,283.9595,-59.434017
move,283.7821,-58.16903
move,283.66742,-56.858524
move,283.59302,-55.54508
move,283.7821,-58.16903
move,283.5666,-54.204487
move,283.5954,-52.87673
move,283.66742,-56.858524
move,283.59302,-55.54508
move,283.7304,-51.40327
move,283.59302,-55.54508
move,283.7304,-51.40327
move,283.59302,-55.54508
move,283.7304,-51.40327
move,283.59302,-55.54508
move,283.7304,-51.40327
move,283.59302,-55.54508
move,283.7304,-51.40327
move,283.99817,-49.81953
move,284.33606,-48.44395
move,284.777,-47.057922
move,285.23682,-45.798325
move,285.77536,-44.433334
move,286.28467,-43.16563
move,286.8095,-41.87694
move,287.35065,-40.622513
move,287.9203,-39.40869
move,288.49838,-38.26945
move,289.1794,-37.02707
move,289.84723,-35.82071
move,290.52118,-34.60326
move,291.19754,-33.387207
move,291.89975,-32.171257
move,292.54834,-31.055845
move,293.2033,-29.929531
move,293.89642,-28.73757
move,294.58713,-27.472075
move,295.1497,-26.213263
move,295.6724,-25.019754
move,296.22098,-23.768534
move,296.78235,-22.495317
move,297.30286,-21.273294
move,297.8997,-19.809038
move,298.36392,-18.591635
move,298.79355,-17.388426
move,299.23917,-16.043524
move,299.651,-14.76744
move,300.07455,-13.415437
move,300.4428,-12.152457
move,300.79242,-10.701631
move,300.9458,-9.320351
move,300.77917,-8.018724
move,300.3406,-6.820279
move,299.6834,-5.7273226
move,298.77603,-4.7600746
move,297.62384,-3.9382844
move,296.42102,-3.3192914
move,294.98282,-2.7982554
move,293.6176,-2.471849
move,292.19073,-2.264526
move,290.77838,-2.1564138
move,289.37445,-2.1295283
move,288.04626,-2.1397266
move,286.68118,-2.192363
move,285.2068,-2.3192496
move,283.70486,-2.538383
move,282.27194,-2.8518264
move,281.04898,-3.2209086
move,279.7994,-3.6707613
move,278.58957,-4.154185
move,277.3494,-4.663943
move,275.99252,-5.222428
move,274.659,-5.7712774
move,273.25528,-6.3489914
move,271.87497,-6.9171214
move,270.41772,-7.497316
move,269.1158,-7.9510713
move,267.7925,-8.338529
move,266.40942,-8.698701
move,264.9576,-9.0454645
move,263.63678,-9.341387
move,262.38394,-9.591904
move,261.12335,-9.79913
move,259.8474,-9.990858
move,258.55618,-10.1648
move,257.24908,-10.3141165
move,255.81485,-10.46475
move,254.52884,-10.569928
move,253.03989,-10.675829
move,251.6136,-10.770684
move,250.1496,-10.870695
move,248.67387,-10.98435
move,247.21043,-11.0916395
move,245.88564,-11.187314
move,244.4595,-11.284727
move,243.0708,-11.372868
move,244.4595,-11.284727
move,241.6559,-11.445203
move,240.29076,-11.498385
move,238.9122,-11.52039
move,237.50838,-11.491097
move,236.19421,-11.429716
move,234.91803,-11.369579
move,233.62898,-11.312136
move,232.09984,-11.244451
move,230.72232,-11.183472
move,229.1804,-11.118006
move,227.75188,-11.066148
move,226.44937,-11.032498
move,224.96967,-10.997659
move,223.50264,-10.964722
move,222.1008,-10.887131
move,220.65112,-10.765853
move,218.9755,-10.614908
move,217.69077,-10.495095
move,216.41867,-10.376329
move,215.09619,-10.252877
move,213.47139,-10.101849
move,212.1991,-9.985272
move,210.93727,-9.898117
move,209.50826,-9.86544
move,208.21806,-9.880196
move,206.90274,-9.90885
move,205.41068,-9.95213
move,204.10826,-9.99158
move,202.65407,-10.034872
move,201.33896,-10.07187
move,200.55478,-10.0847845
move,198.5966,-10.011819
move,197.1368,-9.8632965
move,195.60834,-9.650813
move,194.1163,-9.313502
move,192.92725,-8.883396
move,191.7235,-8.294162
move,190.42142,-7.4673595
move,189.3602,-6.587918
move,188.31609,-5.575146
move,187.28171,-4.481604
move,186.36577,-3.3843486
move,185.51039,-2.270868
move,184.76375,-1.2341647
move,183.94295,-0.0026850663
move,183.24942,1.1594371
move,182.59593,2.444491
move,182.03883,3.7880373
move,181.59982,5.041543
move,181.1563,6.4535294
move,180.77046,7.908313
move,180.49475,9.310681
move,180.30833,10.740434
move,180.1845,12.25332
move,180.112,13.69353
move,180.07825,15.008681
move,180.05212,16.577065
move,180.03612,17.86727
move,180.0199,19.271317
move,179.99953,20.751228
move,179.97888,22.104628
move,179.9594,23.382137
move,179.93927,24.697594
move,179.91878,26.038345
move,179.89679,27.480284
move,179.87575,28.85898
move,179.85297,30.351517
move,179.83348,31.629026
move,179.81276,32.982407
move,179.79227,34.25989
move,179.75986,35.537106
move,179.6546,36.949863
move,179.49953,38.43445
move,179.29343,39.951084
move,179.06671,41.349594
move,178.78452,42.86684
move,178.48413,44.277275
move,178.15448,45.681145
move,177.78226,47.10052
move,177.37987,48.511673
move,176.96237,49.971138
move,176.60753,51.211685
move,176.21783,52.573845
move,175.85252,53.85087
move,175.43857,55.298183
move,175.08363,56.53871
move,174.64874,58.05899
move,174.29047,59.311714
move,173.92168,60.600914
move,174.29047,59.311714
move,173.55635,61.87794
move,173.92168,60.600914
move,173.13533,63.349552
move,172.71028,64.84632
move,172.3115,66.27165
move,171.95247,67.64215
move,171.66257,69.01584
move,171.39569,70.5615
move,171.95247,67.64215
move,171.19592,71.91297
move,171.02092,73.20411
move,170.85742,74.50948
move,170.70195,75.85406
move,170.58858,76.8342
move,170.39381,78.51803
move,170.24422,79.81238
move,170.07713,81.2575
move,169.89258,82.853386
move,169.71773,84.42494
move,169.57082,85.8214
move,169.44337,87.04179
move,169.29643,88.527214
move,169.1752,90.053024
move,169.09492,91.328125
move,169.02594,92.85718
move,168.9912,94.36209
move,168.98279,95.95595
move,168.98145,97.51188
move,168.98007,99.11841
move,168.97885,100.67434
move,168.98155,102.078476
move,168.98595,103.52056
move,168.99011,104.88676
move,168.99416,106.202354
move,168.99852,107.64444
move,169.00342,109.18772
move,169.00752,110.51595
move,169.01158,111.856834
move,169.01569,113.197716
move,169.0201,114.62715
move,169.02484,116.18308
move,169.02943,117.701065
move,169.02115,119.02922
move,168.96062,120.31808
move,168.87936,121.631134
move,168.77284,122.95505
move,168.61433,124.22265
move,168.35925,125.51291
move,168.01015,126.75486
move,167.57959,127.98444
move,166.993,129.3979
move,166.3998,130.55746
move,165.57889,131.78792
move,164.7413,132.80197
move,163.65364,133.91394
move,162.67966,134.75958
move,161.58101,135.54932
move,160.44743,136.2654
move,159.13974,137.01065
move,157.82556,137.69148
move,156.4874,138.35287
move,155.23724,138.96393
move,153.8838,139.59326
move,152.58072,140.18083
move,151.20905,140.8009
move,150.04793,141.36337
move,148.72679,142.08463
move,147.5043,142.82536
move,146.39136,143.61697
move,145.20299,144.60127
move,144.19989,145.60045
move,143.3849,146.64828
move,142.6387,147.93944
move,142.0786,149.29468
move,141.66766,150.6369
move,141.3634,152.03334
move,141.1524,153.39565
move,141.02556,154.70483
move,140.9996,156.15894
move,141.02359,157.49963
move,141.0452,158.92896
move,141.04341,160.4216
move,140.94487,161.97415
move,140.7965,163.29398
move,140.61832,164.77599
move,140.47154,166.04515
move,140.34952,167.31685
move,140.26631,168.65512
move,140.19138,170.08253
move,140.13203,171.42207
move,140.19138,170.08253
move,140.07034,172.71083
move,140.13203,171.42207
move,139.98642,174.20111
move,139.90475,175.65352
move,139.83505,176.89119
move,139.7565,178.28041
move,139.7015,179.64537
move,139.66922,181.08698
move,139.58469,182.51387
move,139.51677,184.05571
move,139.49089,185.53548
move,139.50061,187.02814
move,139.52524,188.49532
move,139.59134,189.88513
move,139.71205,191.16957
move,139.88237,192.55058
move,140.03067,193.8702
move,140.03833,195.29874
move,139.87523,196.68005
move,139.58891,197.98888
move,138.97566,199.49876
move,138.32294,200.69844
move,137.51343,201.90643
move,136.60095,203.00569
move,135.54262,204.02087
move,134.33171,204.95612
move,133.11295,205.74991
move,131.97034,206.40196
move,130.78445,207.05449
move,129.55354,207.73012
move,128.26717,208.43616
move,126.96971,209.14827
move,125.73878,209.82384
move,124.43023,210.54205
move,123.11062,211.26639
move,121.735054,212.02023
move,120.40148,212.71848
move,119.053,213.41557
move,117.70448,214.1126
move,116.409485,214.77536
move,115.082596,215.40125
move,113.71808,215.97453
move,112.32518,216.4737
move,110.932076,216.9347
move,109.70706,217.33995
move,108.47922,217.73611
move,107.12132,218.03856
move,105.702156,218.29404
move,104.202515,218.52876
move,102.69742,218.72559
move,101.276855,218.88466
move,99.84361,219.04446
move,98.34755,219.21129
move,96.85141,219.37743
move,95.38007,219.53804
move,93.921326,219.6972
move,92.48772,219.85365
move,91.19245,219.99498
move,89.721146,220.15584
move,88.266426,220.34784
move,86.81409,220.55736
move,85.35005,220.77463
move,84.038826,220.98616
move,82.56614,221.2971
move,81.220345,221.65009
move,79.98159,222.05359
move,78.6883,222.53166
move,77.49492,222.98799
move,76.20702,223.48042
move,74.94273,223.9638
move,73.66659,224.45163
move,72.46138,224.91249
move,71.11968,225.40538
move,69.79184,225.86198
move,68.476456,226.27522
move,67.00313,226.69014
move,65.51238,227.08936
move,64.04204,227.46657
move,62.61987,227.82808
move,61.271255,228.17088
move,59.807747,228.57361
move,58.56884,228.93411
move,57.239315,229.34459
move,55.79795,229.82076
move,54.479275,230.30295
move,53.06773,230.86131
move,51.7935,231.38818
move,50.612797,231.87634
move,49.186584,232.46602
move,47.972546,232.97285
move,49.186584,232.46602
move,46.5766,233.5692
move,47.972546,232.97285
move,45.401714,234.07124
move,46.5766,233.5692
move,43.970875,234.68256
move,46.5766,233.5692
move,43.970875,234.68256
move,46.5766,233.5692
move,43.970875,234.68256
move,46.5766,233.5692
move,43.970875,234.68256
move,46.5766,233.5692
move,43.970875,234.68256
move,42.70292,235.22432
move,41.40003,235.78091
move,39.957573,236.39723
move,38.5384,237.00366
move,37.32858,237.52051
move,35.955906,238.10695
move,34.58321,238.69334
move,33.210606,239.27994
move,31.814716,239.87642
move,30.408262,240.48032
move,29.069754,241.08167
move,27.618048,241.73973
move,26.265722,242.37144
move,25.120943,242.9388
move,23.738466,243.62477
move,22.288042,244.34454
move,21.075605,244.94626
move,19.80653,245.57613
move,18.48838,246.22081
move,17.136566,246.8538
move,15.79501,247.44835
move,14.369261,248.03879
move,13.052892,248.48827
move,11.796291,248.77988
move,10.233967,249.02216
move,8.700318,249.19409
move,7.250282,249.31035
move,5.8866076,249.39323
move,4.446844,249.47528
move,7.250282,249.31035
move,3.0828602,249.55305
move,1.7819943,249.62666
move,0.30394545,249.70349
move,-0.98575824,249.74196
move,-2.301003,249.77246
move,-3.616246,249.80309
move,-4.918842,249.83347
move,-6.3858423,249.86768
move,-7.6629543,249.90334
move,-9.212994,250.03656
move,-10.807107,250.2359
move,-12.099325,250.40279
move,-13.416635,250.5729
move,-14.92213,250.76732
move,-16.214344,250.93428
move,-17.606924,251.1141
move,-18.111029,251.17924
move,-18.493607,252.49077
move,-18.8001,253.83481
move,-18.966766,255.35542
move,-18.94495,256.8346
move,-18.821161,258.13144
move,-18.645811,259.39694
move,-18.411505,260.73
move,-18.140469,261.9785
move,-17.818253,263.21478
move,-17.474913,264.44543
move,-17.062134,265.77417
move,-16.586687,267.18912
move,-16.17163,268.4242
move,-15.715107,269.7654
move,-15.2889385,271.03674
move,-14.838617,272.3801
move,-14.431541,273.59122
move,-13.99151,274.8311
move,-13.543617,276.0815
move,-13.056883,277.43896
move,-12.559965,278.8197
move,-12.0285845,280.1188
move,-11.450485,281.3568
move,-10.888095,282.5602
move,-10.2080555,283.98785
move,-9.5427685,285.3805
move,-8.942909,286.63614
move,-9.5427685,285.3805
move,-8.359424,287.85757
move,-8.942909,286.63614
move,-7.7214026,289.19318
move,-8.359424,287.85757
move,-7.1706266,290.34613
move,-8.359424,287.85757
move,-7.1706266,290.34613
move,-8.359424,287.85757
move,-7.1706266,290.34613
move,-8.359424,287.85757
move,-7.1706266,290.34613
move,-8.359424,287.85757
move,-7.1706266,290.34613
move,-6.6198196,291.49908
move,-5.974181,292.8591
move,-5.400425,294.22327
move,-4.92622,295.43683
move,-4.428409,296.7634
move,-3.9787621,297.9863
move,-3.5167687,299.33902
move,-3.0981293,300.6793
move,-2.6683056,302.18765
move,-2.3509843,303.51645
move,-2.0598059,304.9417
move,-1.7771446,306.45886
move,-1.5246735,307.89145
move,-1.2937189,309.2763
move,-1.0815251,310.72833
move,-0.913929,312.00766
move,-0.77018917,313.3536
move,-0.6722014,314.69086
move,-0.5955362,316.02954
move,-0.5230012,317.4063
move,-0.45115826,318.7705
move,-0.37600264,320.1978
move,-0.30350417,321.57462
move,-0.22901006,322.9893
move,-0.15847346,324.3282
move,-0.09060072,325.61658
move,-0.01807418,327.09482
move,0.049883887,328.58582
move,0.10851387,329.862
move,0.16895264,331.1382
move,0.23230746,332.4776
move,0.30474645,333.98117
move,0.35757065,335.25775
move,0.4106285,336.62274
move,0.46768296,338.08887
move,0.52033305,339.44122
move,0.5828041,341.04636
move,0.6428861,342.58835
move,0.692986,344.00418
move,0.70442635,345.35776
move,0.7063346,346.92645
move,0.705585,348.49515
move,0.69582593,350.07654
move,0.6864359,351.5947
move,0.67737406,353.0749
move,0.6681063,354.59305
move,0.65621096,355.92136
move,0.61036813,357.22342
move,0.55213183,358.62637
move,0.496732,360.06735
move,0.4894561,361.57257
move,0.56295776,362.97476
move,0.6805454,364.41217
move,0.7644939,365.85156
move,0.7284389,367.38165
move,0.69003534,368.0003
cluster,39,russerdell
move,0.49404338,370.19257
move,360.50537,-20.499998
move,360.25784,-20.497217
move,360.50537,-20.499998
move,360.25784,-20.497217
move,360.50537,-20.499998
move,360.25784,-20.497217
move,360.50537,-20.499998
move,360.25784,-20.497217
move,360.50537,-20.499998
move,360.25784,-20.497217
move,358.88287,-20.490297
move,357.5398,-20.485935
move,356.49503,-20.507818
move,355.27386,-20.566818
move,354.20947,-20.623388
move,353.15552,-20.679958
move,352.08063,-20.736633
move,350.8591,-20.78899
move,349.80414,-20.82092
move,348.74902,-20.845417
move,347.68335,-20.866837
move,346.4505,-20.891617
move,345.39526,-20.912834
move,344.16245,-20.937618
move,342.97144,-20.961569
move,341.8222,-20.98467
move,340.62076,-21.01123
move,339.54465,-21.03675
move,338.47897,-21.060812
move,337.2461,-21.041885
move,336.09692,-21.014332
move,335.053,-20.969282
move,333.8981,-20.863388
move,332.56873,-20.640736
move,331.35675,-20.413124
move,330.2238,-20.200766
move,328.7569,-19.971148
move,327.04227,-19.86254
move,325.29724,-19.912682
move,323.79648,-20.097795
move,322.24384,-20.396172
move,320.8583,-20.679184
move,319.48096,-20.943377
move,317.79077,-21.256374
move,316.36554,-21.56097
move,315.0203,-21.905605
move,313.6609,-22.348375
move,312.3061,-22.84691
move,310.93466,-23.379702
move,309.5695,-23.928131
move,308.2811,-24.446362
move,306.86514,-25.015896
move,305.57675,-25.534082
move,304.2882,-26.051964
move,302.78415,-26.62252
move,301.465,-27.056196
move,299.90585,-27.504902
move,298.33524,-27.911102
move,296.85483,-28.281733
move,295.2663,-28.673235
move,293.6756,-29.05664
move,292.166,-29.358673
move,290.77368,-29.52504
move,289.22424,-29.63912
move,287.75394,-29.692688
move,286.3105,-29.722673
move,284.7021,-29.75564
move,283.06616,-29.78918
move,281.52652,-29.820744
move,283.06616,-29.78918
move,279.90442,-29.853989
move,281.52652,-29.820744
move,278.44724,-29.883879
move,279.90442,-29.853989
move,276.83887,-29.914204
move,275.24426,-29.943737
move,276.83887,-29.914204
move,273.5671,-29.977493
move,271.87628,-30.014786
move,270.2954,-30.050388
move,268.63196,-30.080362
move,267.13312,-30.08325
move,265.73056,-30.085018
move,264.3142,-30.086807
move,262.65036,-30.088888
move,261.08273,-30.090881
move,259.51514,-30.092867
move,258.04376,-30.09472
move,256.50366,-30.096678
move,255.00482,-30.098581
move,253.54724,-30.100426
move,251.92467,-30.102467
move,250.31584,-30.104498
move,248.66576,-30.106586
move,247.08443,-30.103645
move,245.57184,-30.09973
move,243.99051,-30.095654
move,242.50545,-30.094795
move,241.10307,-30.116776
move,239.52196,-30.145247
move,237.78963,-30.173193
move,236.37346,-30.185373
move,234.77849,-30.173962
move,233.16986,-30.15324
move,231.49298,-30.10947
move,230.02435,-30.023777
move,228.44876,-29.890211
move,227.0663,-29.75828
move,225.52122,-29.593885
move,223.943,-29.36466
move,222.44481,-29.07449
move,221.0201,-28.70824
move,219.69989,-28.278027
move,218.39153,-27.773176
move,217.07051,-27.190825
move,215.74106,-26.593475
move,214.34889,-25.967955
move,212.88145,-25.308676
move,211.414,-24.649353
move,209.9215,-23.978771
move,208.49168,-23.336344
move,207.06752,-22.681602
move,205.78287,-22.053446
move,204.4286,-21.379923
move,203.16425,-20.712053
move,201.90535,-20.005222
move,200.63676,-19.287691
move,199.27248,-18.515965
move,198.06372,-17.832289
move,196.66098,-17.073484
move,195.40323,-16.453062
move,194.01518,-15.809216
move,192.85388,-15.276582
move,191.52127,-14.693269
move,190.08456,-14.130378
move,188.89882,-13.727558
move,187.37164,-13.271377
move,185.85411,-12.874907
move,184.50682,-12.58198
move,183.09244,-12.300661
move,181.67436,-12.039204
move,180.12215,-11.81348
move,178.8519,-11.676535
move,177.49127,-11.554338
move,176.03798,-11.492654
move,174.64651,-11.493488
move,173.29356,-11.533133
move,171.9813,-11.624745
move,170.69131,-11.80732
move,169.39693,-12.042502
move,168.13333,-12.303507
move,166.65492,-12.647782
move,165.25807,-13.005824
move,163.97745,-13.358364
move,162.74037,-13.725064
move,161.42868,-14.150109
move,160.11885,-14.61953
move,158.88109,-15.101201
move,157.64804,-15.59499
move,156.1928,-16.180315
move,154.75648,-16.778421
move,153.56499,-17.305698
move,152.33405,-17.89841
move,153.56499,-17.305698
move,150.9902,-18.548412
move,149.56667,-19.236956
move,148.3593,-19.820171
move,147.18912,-20.363829
move,146.00647,-20.879534
move,144.71045,-21.419832
move,143.34436,-21.989319
move,142.06,-22.524752
move,144.71045,-21.419832
move,140.85208,-23.046026
move,139.67,-23.563402
move,138.26003,-24.190884
move,137.07251,-24.727104
move,135.68338,-25.369871
move,134.51123,-25.938814
move,133.20604,-26.609383
move,132.07513,-27.203756
move,130.93303,-27.804026
move,129.74628,-28.428173
move,128.47021,-29.09996
move,127.31731,-29.706959
move,125.98528,-30.408213
move,124.664444,-31.103573
move,123.44436,-31.74591
move,122.195114,-32.38695
move,120.91422,-33.02145
move,119.5973,-33.668705
move,118.37119,-34.271343
move,117.179146,-34.857246
move,115.792946,-35.53558
move,114.53561,-36.131718
move,113.33314,-36.69585
move,112.07342,-37.286865
move,110.87095,-37.851
move,109.64733,-38.429726
move,108.49272,-38.976837
move,107.29238,-39.5456
move,105.909134,-40.201035
move,104.69735,-40.7752
move,103.519875,-41.33311
move,102.22806,-41.945206
move,100.784424,-42.650017
move,99.58997,-43.286537
move,98.48649,-43.930386
move,97.41138,-44.620514
move,96.35749,-45.38605
move,95.41564,-46.247795
move,94.48944,-47.400597
move,93.782974,-48.480053
move,93.01565,-49.789745
move,92.33621,-51.032978
move,91.67457,-52.25711
move,90.9375,-53.6274
move,90.24835,-54.90856
move,89.61316,-56.089462
move,88.89961,-57.41496
move,88.24439,-58.642513
move,87.59274,-59.843266
move,86.888756,-61.13075
move,86.21507,-62.36274
move,85.54902,-63.584484
move,84.95104,-64.71355
move,84.24918,-66.05954
move,83.6539,-67.2469
move,83.121414,-68.394325
move,82.62971,-69.600815
move,82.15808,-70.93664
move,81.72808,-72.39239
move,81.396965,-73.70464
move,81.131195,-75.09616
move,80.90268,-76.53281
move,80.69132,-77.98489
move,80.50397,-79.2743
move,80.25629,-80.823074
move,79.98453,-82.07115
move,79.56067,-83.50232
move,79.12723,-84.864456
move,78.68756,-86.21128
move,78.266174,-87.43082
move,77.811066,-88.6516
move,77.266045,-89.89038
move,76.63427,-91.18671
move,75.966675,-92.535934
move,75.29452,-93.91107
move,74.68505,-95.176094
move,74.183945,-96.337265
move,73.73101,-97.58589
move,73.31025,-98.79223
move,72.919014,-100.07469
move,72.52944,-101.51557
move,72.21474,-102.870926
move,71.93554,-104.28574
move,72.21474,-102.870926
move,71.66418,-105.68916
move,71.410736,-107.14731
move,71.18839,-108.469666
move,70.94931,-109.89184
move,70.715195,-111.27631
move,70.41507,-112.72535
move,70.048706,-114.133125
move,69.636215,-115.44866
move,69.12775,-116.89236
move,68.57988,-118.28077
move,68.078964,-119.4561
move,67.483284,-120.797165
move,66.89027,-122.125565
move,66.25316,-123.54509
move,67.483284,-120.797165
move,65.61883,-124.9381
move,67.483284,-120.797165
move,65.61883,-124.9381
move,67.483284,-120.797165
move,65.61883,-124.9381
move,67.483284,-120.797165
move,65.61883,-124.9381
move,67.483284,-120.797165
move,65.61883,-124.9381
move,65.08798,-126.0863
move,66.89027,-122.125565
move,64.43503,-127.49859
move,66.25316,-123.54509
move,63.893528,-128.66977
move,63.250477,-130.07274
move,62.7236,-131.29196
move,62.131447,-132.75812
move,61.65899,-133.93152
move,61.152634,-135.15944
move,60.53738,-136.60228
move,60.02935,-137.77458
move,59.354336,-139.2601
move,58.73541,-140.43501
move,58.05513,-141.53102
move,57.254917,-142.60646
move,56.374695,-143.58379
move,55.459072,-144.49277
move,54.500084,-145.35567
move,53.485626,-146.15273
move,52.224308,-147.04184
move,50.951935,-147.82147
move,49.718582,-148.43684
move,48.448,-148.93813
move,47.051147,-149.38725
move,45.64202,-149.79659
move,44.23683,-150.17294
move,42.950108,-150.50252
move,41.61412,-150.84363
move,40.26588,-151.18785
move,39.040195,-151.50078
move,37.70058,-151.87663
move,36.358276,-152.28879
move,35.003902,-152.70473
move,33.770454,-153.08345
move,32.561176,-153.4548
move,31.146334,-153.88927
move,29.683468,-154.33969
move,28.271317,-154.78284
move,27.016062,-155.17674
move,25.664253,-155.6009
move,24.409004,-155.99478
move,23.008932,-156.43422
move,21.572618,-156.8849
move,20.124247,-157.33937
move,18.905205,-157.72186
move,17.421545,-158.19058
move,16.137945,-158.62004
move,14.9353895,-159.05147
move,13.606085,-159.57686
move,12.409094,-160.09143
move,11.015858,-160.72525
move,9.582856,-161.3937
move,11.015858,-160.72525
move,8.20034,-162.05061
move,7.057747,-162.59344
move,5.6752143,-163.25037
move,4.5097747,-163.80406
move,3.3100724,-164.37418
move,1.9618255,-165.01477
move,0.7961543,-165.56804
move,-0.38576347,-166.11641
move,-1.5795076,-166.63846
move,-2.8978837,-167.19095
move,-4.1423616,-167.69017
move,-5.4907413,-168.20152
move,-6.735058,-168.62865
move,-8.017387,-169.06195
move,-9.49145,-169.56007
move,-10.749799,-169.98523
move,-12.377996,-170.54082
move,-13.658317,-171.01738
move,-14.929526,-171.51794
move,-16.247211,-172.03854
move,-17.482553,-172.52661
move,-18.69435,-173.00542
move,-19.988499,-173.51674
move,-18.69435,-173.00542
move,-21.24735,-174.01408
move,-19.988499,-173.51674
move,-22.506674,-174.51025
move,-23.78347,-174.99628
move,-22.506674,-174.51025
move,-25.228558,-175.50076
move,-22.506674,-174.51025
move,-25.228558,-175.50076
move,-22.506674,-174.51025
move,-25.228558,-175.50076
move,-22.506674,-174.51025
move,-25.228558,-175.50076
move,-22.506674,-174.51025
move,-25.228558,-175.50076
move,-26.4502,-175.916
move,-27.685001,-176.33192
move,-28.992933,-176.76836
move,-30.348227,-177.18115
move,-31.652441,-177.54308
move,-32.99841,-177.8961
move,-34.323605,-178.22812
move,-35.567772,-178.51872
move,-36.93979,-178.8173
move,-38.201954,-179.08531
move,-39.640827,-179.37314
move,-40.895107,-179.61636
move,-42.375546,-179.88911
move,-43.635258,-180.10213
move,-44.923798,-180.29536
move,-46.239754,-180.4755
move,-47.657024,-180.66167
move,-48.98743,-180.82903
move,-50.357117,-180.98776
move,-51.641975,-181.10556
move,-53.00367,-181.21666
move,-54.390583,-181.3297
move,-55.81587,-181.43832
move,-57.29496,-181.48724
move,-58.661137,-181.4869
move,-60.103184,-181.47427
move,-61.418686,-181.45885
move,-62.923897,-181.43756
move,-64.42911,-181.41624
move,-65.94695,-181.39482
move,-67.33832,-181.37523
move,-68.78027,-181.35489
move,-70.171646,-181.33536
move,-71.487114,-181.31679
move,-72.89092,-181.28722
move,-74.24356,-181.23764
move,-75.58209,-181.15756
move,-77.05866,-181.05641
move,-78.54465,-180.9155
move,-79.89846,-180.7325
move,-81.30966,-180.50485
move,-82.69042,-180.24979
move,-84.020256,-179.93784
move,-85.408775,-179.54851
move,-86.692696,-179.16188
move,-87.9308,-178.75607
move,-89.51715,-178.19572
move,-90.80858,-177.71263
move,-92.18623,-177.1717
move,-93.50405,-176.65141
move,-94.77479,-176.14972
move,-96.18676,-175.59233
move,-97.632576,-175.01736
move,-99.00777,-174.4368
move,-100.36665,-173.85036
move,-101.72722,-173.23654
move,-102.94595,-172.61945
move,-104.221664,-171.94693
move,-105.39915,-171.3057
move,-106.52797,-170.62996
move,-107.84214,-169.82082
move,-109.077446,-169.0525
move,-110.32345,-168.27742
move,-111.52647,-167.52905
move,-112.697495,-166.80112
move,-113.87328,-166.08083
move,-114.98916,-165.43307
move,-116.161674,-164.78255
move,-117.36757,-164.14053
move,-118.573715,-163.52629
move,-119.94463,-162.84552
move,-121.22755,-162.21507
move,-122.40831,-161.63489
move,-123.555,-161.07143
move,-124.837975,-160.44107
move,-126.09823,-159.82188
move,-127.44929,-159.15802
move,-128.6257,-158.56924
move,-129.89174,-157.85303
move,-131.04465,-157.12012
move,-132.27132,-156.26979
move,-133.42879,-155.38867
move,-134.6457,-154.36029
move,-135.58604,-153.35252
move,-136.47893,-152.3019
move,-135.58604,-153.35252
move,-137.33052,-151.24976
move,-138.17203,-150.20576
move,-139.01358,-149.16182
move,-139.8947,-148.06847
move,-140.84729,-146.8866
move,-141.69676,-145.83278
move,-142.63348,-144.67052
move,-143.5226,-143.5674
move,-144.41963,-142.45445
move,-145.21349,-141.46951
move,-146.23747,-140.19888
move,-144.41963,-142.45445
move,-147.15833,-139.05638
move,-148.03717,-138.01044
move,-148.9645,-137.00722
move,-149.91194,-136.00546
move,-150.97112,-134.954
move,-151.98163,-134.09233
move,-153.16742,-133.18587
move,-154.30826,-132.41162
move,-155.66443,-131.59944
move,-156.97324,-130.99551
move,-158.2723,-130.49678
move,-159.61642,-130.04912
move,-160.85281,-129.68022
move,-162.1264,-129.35042
move,-163.57307,-129.03885
move,-164.90932,-128.82364
move,-166.27963,-128.67146
move,-167.64095,-128.55646
move,-169.15605,-128.46373
move,-170.64786,-128.41525
move,-172.014,-128.41986
move,-173.42937,-128.48145
move,-174.70224,-128.59169
move,-176.09673,-128.75592
move,-177.61224,-128.97054
move,-178.9868,-129.18712
move,-180.44691,-129.42935
move,-181.70851,-129.63101
move,-183.1381,-129.8205
move,-184.55963,-129.96954
move,-185.9999,-130.03735
move,-187.37862,-130.0335
move,-188.79393,-129.97078
move,-190.24469,-129.86325
move,-191.6457,-129.7706
move,-193.13708,-129.70872
move,-194.62897,-129.65764
move,-196.12083,-129.60765
move,-197.53687,-129.56104
move,-198.97818,-129.51352
move,-200.44534,-129.48788
move,-201.91261,-129.46912
move,-203.27869,-129.45161
move,-204.708,-129.43329
move,-205.98547,-129.44627
move,-207.50269,-129.49715
move,-208.77946,-129.54599
move,-210.20792,-129.60056
move,-211.67427,-129.65662
move,-213.02684,-129.70837
move,-214.59433,-129.76834
move,-216.13657,-129.82735
move,-217.51439,-129.88007
move,-218.66472,-129.92409
move,-219.9667,-129.97395
move,-221.39514,-130.02866
move,-222.8362,-130.0838
move,-224.35313,-130.14182
move,-225.87006,-130.19987
move,-227.42491,-130.25935
move,-228.73961,-130.30974
move,-230.06694,-130.36055
move,-231.62178,-130.42012
move,-232.96173,-130.47139
move,-234.45338,-130.52846
move,-235.91975,-130.58456
move,-237.37346,-130.6402
move,-238.91515,-130.70918
move,-240.39111,-130.81824
move,-241.83652,-130.98111
move,-243.2803,-131.24158
move,-244.52135,-131.54462
move,-245.91551,-131.95978
move,-247.23358,-132.40576
move,-248.59267,-132.88814
move,-249.86758,-133.34274
move,-251.14253,-133.7974
move,-252.34596,-134.22653
move,-251.14253,-133.7974
move,-253.6209,-134.6812
move,-255.11029,-135.21237
move,-253.6209,-134.6812
move,-256.51627,-135.71375
move,-257.63617,-136.11311
move,-259.3518,-136.72495
move,-260.81668,-137.24905
move,-262.2025,-137.73184
move,-263.47018,-138.1688
move,-264.86984,-138.64981
move,-266.09006,-139.06917
move,-267.46582,-139.54196
move,-268.8655,-140.02293
move,-270.26517,-140.50395
move,-271.5452,-140.94385
move,-272.87308,-141.4002
move,-274.21292,-141.86066
move,-275.56476,-142.32526
move,-276.9046,-142.78572
move,-278.1966,-143.22974
move,-280.00302,-143.85062
move,-281.39078,-144.32765
move,-282.7067,-144.7799
move,-284.13028,-145.26915
move,-285.36246,-145.69261
move,-286.60666,-146.12015
move,-287.8628,-146.55182
move,-289.82114,-147.1966
move,-291.0863,-147.55704
move,-292.42078,-147.90395
move,-293.68872,-148.20444
move,-295.07263,-148.508
move,-296.59402,-148.83412
move,-297.86804,-149.10713
move,-299.14206,-149.38025
move,-300.45316,-149.66138
move,-301.83847,-149.95827
move,-303.1496,-150.23935
move,-304.43597,-150.5151
move,-305.945,-150.8385
move,-307.47153,-151.13918
move,-308.9039,-151.39351
move,-310.20255,-151.60379
move,-311.6511,-151.73286
move,-312.95288,-151.7876
move,-314.2301,-151.82002
move,-315.55807,-151.84627
move,-317.05045,-151.87569
move,-318.3658,-151.90161
move,-319.71924,-151.9219
move,-321.08554,-151.93
move,-322.42654,-151.9363
move,-323.76752,-151.94264
move,-325.13382,-151.94238
move,-326.52536,-151.92966
move,-327.87894,-151.91397
move,-329.27036,-151.8946
move,-330.6236,-151.8647
move,-331.98914,-151.8204
move,-333.41782,-151.76822
move,-334.84644,-151.71611
move,-336.4015,-151.65932
move,-337.729,-151.61092
move,-339.322,-151.55278
move,-340.90234,-151.49515
move,-342.3057,-151.44394
move,-343.63318,-151.3955
move,-344.986,-151.34877
move,-346.49133,-151.34117
move,-347.97144,-151.34908
move,-349.29977,-151.35612
move,-350.5775,-151.36293
move,-349.29977,-151.35612
move,-352.10828,-151.37111
move,-350.5775,-151.36293
move,-353.386,-151.37788
move,-354.94202,-151.3861
move,-349.29977,-151.35612
move,-356.38416,-151.39377
move,-357.91486,-151.40193
move,-359.35703,-151.40959
move,-360.77393,-151.4176
move,-362.19086,-151.4262
move,-363.68365,-151.42537
move,-365.21146,-151.33807
move,-366.62265,-151.21257
move,-368.03302,-151.07877
cluster,973,cedarcopse
move,360.50537,159.5
move,360.13965,159.49498
move,358.8232,159.47041
move,360.50537,159.5
move,357.73712,159.43109
move,358.8232,159.47041
move,356.47363,159.38332
move,358.8232,159.47041
move,356.47363,159.38332
move,358.8232,159.47041
move,356.47363,159.38332
move,358.8232,159.47041
move,356.47363,159.38332
move,358.8232,159.47041
move,356.47363,159.38332
move,355.38773,159.34227
move,354.33313,159.30238
move,353.0801,159.25499
move,351.8898,159.20992
move,350.8352,159.16997
move,349.74924,159.12885
move,348.66333,159.08775
move,347.48346,159.04312
move,346.3662,159.00093
move,345.14456,158.95412
move,343.97522,158.90433
move,342.7956,158.85071
move,341.58475,158.79344
move,340.48874,158.74167
move,339.21527,158.6814
move,338.00424,158.62811
move,336.88632,158.63614
move,335.6382,158.75378
move,334.3837,158.91183
move,333.2847,159.05017
move,332.07162,159.20297
move,330.5677,159.39229
move,328.95786,159.59497
move,327.5479,159.728
move,326.1198,159.79898
move,324.4564,159.7824
move,322.7989,159.64119
move,321.049,159.45245
move,319.61356,159.29822
move,317.92896,159.15002
move,316.2662,159.09297
move,314.54785,159.04945
move,312.8845,159.0122
move,311.3723,158.98746
move,309.79138,158.9643
move,308.2242,158.94278
move,306.71204,158.9178
move,305.0763,158.88565
move,303.48172,158.85434
move,301.73593,158.82004
move,300.0859,158.80493
move,298.5733,158.79298
move,296.932,158.93968
move,295.35123,159.30147
move,293.99615,159.75746
move,292.552,160.36584
move,291.0273,161.15813
move,289.65445,161.97006
move,288.27112,162.79135
move,286.82855,163.6477
move,285.63403,164.3561
move,284.1907,165.18356
move,282.95325,165.87225
move,281.4801,166.61507
move,280.1956,167.17772
move,278.60312,167.82423
move,277.29025,168.3553
move,275.96344,168.88863
move,274.674,169.40459
move,273.09018,170.03621
move,271.42972,170.69835
move,269.8842,171.31465
move,268.5479,171.8612
move,267.17538,172.74126
move,266.16843,173.69678
move,265.1114,174.94482
move,264.14865,176.35107
move,263.44025,177.57707
move,262.82986,178.89807
move,262.38275,180.22853
move,262.0096,181.73889
move,261.7034,183.27713
move,261.46844,184.64864
move,261.20193,186.23294
move,260.98407,187.53038
move,261.20193,186.23294
move,260.76007,188.86523
move,260.98407,187.53038
move,260.50626,190.37463
move,260.26987,191.64304
move,259.91522,193.13179
move,259.48245,194.5866
move,258.9685,196.01474
move,258.43045,197.42062
move,257.87842,198.8211
move,257.31982,200.21904
move,256.7704,201.59332
move,256.2261,202.92874
move,257.31982,200.21904
move,255.66112,204.29668
move,255.09613,205.66463
move,254.54926,206.98532
move,253.96443,208.41357
move,253.47546,209.60765
move,252.87627,211.071
move,252.28053,212.46698
move,251.63338,213.86804
move,250.97397,215.22119
move,250.25581,216.57275
move,249.54906,217.74178
move,248.73135,218.97522
move,247.83934,220.12405
move,246.84932,221.2239
move,245.82283,222.27249
move,244.73328,223.31116
move,243.66809,224.26424
move,242.45856,225.24275
move,241.42154,226.0103
move,240.08835,226.85982
move,238.64594,227.594
move,237.43108,228.09854
move,236.22661,228.52435
move,234.93347,228.92401
move,233.66196,229.26154
move,232.29008,229.56003
move,231.00148,229.75119
move,229.71785,229.88158
move,228.35448,229.9679
move,227.00175,230.0154
move,225.64838,230.04044
move,224.30762,230.06328
move,222.97949,230.07646
move,221.68915,230.08334
move,220.19641,230.09145
move,218.60262,230.10504
move,217.07208,230.12143
move,215.74396,230.13673
move,214.40318,230.15265
move,213.11299,230.16986
move,211.69644,230.19531
move,210.39406,230.23424
move,209.06746,230.3004
move,207.7289,230.3793
move,206.3414,230.48448
move,204.92279,230.65858
move,203.5399,230.90092
move,202.11513,231.25107
move,200.72256,231.67145
move,199.38531,232.13902
move,198.03725,232.71799
move,196.83624,233.34164
move,195.63698,234.0717
move,194.48921,234.78914
move,193.30931,235.52681
move,192.1038,236.24661
move,190.83704,236.87978
move,189.64558,237.34015
move,188.36937,237.70694
move,187.06573,237.95943
move,185.7212,238.11328
move,184.43402,238.2021
move,183.13261,238.26466
move,181.76743,238.3182
move,180.22519,238.37569
move,178.89801,238.4294
move,177.62166,238.48691
move,176.0674,238.55893
move,174.72824,238.62733
move,173.42883,238.72392
move,171.82948,238.8749
move,170.2589,239.05829
move,168.68158,239.28674
move,167.1687,239.59053
move,165.67734,239.98656
move,164.2385,240.46967
move,162.75316,241.04764
move,161.4677,241.5804
move,162.75316,241.04764
move,160.24599,242.10173
move,161.4677,241.5804
move,158.89629,242.6776
move,157.72101,243.17877
move,156.30733,243.76573
move,154.93074,244.30943
move,153.51042,244.84521
move,152.10454,245.34694
move,150.86177,245.7785
move,149.41228,246.2703
move,147.89505,246.7584
move,146.5214,247.15364
move,144.999,247.53091
move,143.53632,247.82822
move,141.9522,248.0953
move,140.68825,248.28154
move,139.15741,248.47679
move,137.86096,248.60631
move,136.58699,248.70305
move,135.31168,248.77931
move,133.74487,248.85474
move,132.46864,248.9151
move,130.95166,248.97023
move,129.37114,249.01997
move,127.8411,249.06538
move,126.32381,249.11046
move,124.793564,249.14517
move,123.3009,249.15784
move,121.80823,249.16772
move,120.277596,249.17783
move,118.75961,249.18741
move,117.24164,249.19232
move,115.74896,249.189
move,114.24363,249.18518
move,112.713,249.18132
move,111.13177,249.17726
move,109.60113,249.17346
move,112.713,249.18132
move,108.083145,249.1697
move,106.79285,249.16644
move,105.28764,249.15048
move,103.9631,249.05507
move,102.44921,248.83012
move,101.10505,248.58604
move,99.645935,248.27156
move,98.196075,247.91669
move,96.962616,247.58372
move,95.52334,247.14304
move,94.21316,246.67479
move,92.89319,246.15996
move,91.50435,245.61292
move,90.11576,245.06528
move,88.76248,244.53154
move,87.40919,243.99785
move,86.02054,243.45027
move,84.573006,242.87955
move,83.18436,242.33203
move,81.77187,241.7759
move,80.32215,241.24702
move,78.83181,240.758
move,77.5779,240.4044
move,76.323326,240.10324
move,74.79863,239.7931
move,73.52044,239.54045
move,72.24117,239.29333
move,70.97432,239.04866
move,69.6826,238.79921
move,68.37844,238.54738
move,67.01222,238.28348
move,65.72052,238.03395
move,64.36668,237.77254
move,63.074406,237.5259
move,61.71482,237.29718
move,60.41908,237.16113
move,59.093468,237.08122
move,57.81604,237.05806
move,56.234898,237.04
move,54.919315,237.03044
move,53.64168,237.02113
move,52.338787,237.00806
move,50.757774,236.98006
move,49.214954,236.94153
move,47.937912,236.90271
move,46.41052,236.80597
move,44.957817,236.60178
move,43.453506,236.3194
move,42.19551,236.03275
move,40.791134,235.65372
move,39.393654,235.20618
move,40.791134,235.65372
move,37.96291,234.73822
move,39.393654,235.20618
move,36.546146,234.26811
move,35.117367,233.79404
move,33.700607,233.32408
move,32.256,232.85805
move,30.850607,232.43599
move,29.396547,232.00006
move,32.256,232.85805
move,27.881899,231.54597
move,26.622087,231.16693
move,25.398642,230.79869
move,23.896755,230.34607
move,22.353626,229.85576
move,20.903694,229.36528
move,19.685312,228.94054
move,18.236603,228.40857
move,16.781294,227.85806
move,15.33846,227.31035
move,13.919275,226.77159
move,12.497452,226.2399
move,11.027362,225.69275
move,9.580986,225.15442
move,8.130015,224.6287
move,6.668437,224.13322
move,5.173923,223.6569
move,3.7215006,223.21558
move,2.267559,222.77925
move,0.8012225,222.34024
move,-0.70194495,221.89197
move,-2.1566305,221.45816
move,-5.162972,220.56154
move,-6.605524,220.13127
move,-8.084141,219.6892
move,-9.559276,219.23563
move,-10.988739,218.76392
move,-12.405829,218.25613
move,-13.838619,217.71765
move,-15.051319,217.24118
move,-16.451977,216.65625
move,-17.889654,215.9685
move,-19.012327,215.35876
move,-20.348532,214.5617
move,-21.654266,213.69313
move,-22.665512,212.8922
move,-23.778471,211.8603
move,-24.87679,210.70558
move,-25.717875,209.7106
move,-26.738667,208.45367
move,-27.660978,207.31238
move,-28.479967,206.29903
move,-29.290966,205.2955
move,-30.109941,204.28215
move,-30.992533,203.19008
move,-31.930769,202.02914
move,-32.733837,201.03546
move,-33.632298,199.92372
move,-34.557213,198.75214
move,-35.483875,197.56577
move,-36.419964,196.35474
move,-37.30586,195.12225
move,-37.991436,194.02954
move,-38.6042,192.89417
move,-39.16501,191.71822
move,-39.617996,190.51112
move,-39.953415,189.0058
move,-40.121925,187.67566
move,-40.256424,186.17639
move,-40.347626,184.67386
move,-40.42577,183.17049
move,-40.50396,181.6671
move,-40.58596,180.16396
move,-40.730255,178.65305
move,-40.988552,177.0933
move,-41.29242,175.59314
move,-41.58953,174.3246
move,-42.04403,172.85033
move,-42.485695,171.63797
move,-42.957436,170.4644
move,-43.533096,169.32445
move,-44.350918,168.06134
move,-45.153004,167.01884
move,-46.024822,166.01706
move,-46.98625,165.04681
move,-48.017742,164.11298
move,-49.0406,163.26576
move,-50.080944,162.46066
move,-49.0406,163.26576
move,-51.205837,161.68571
move,-52.341526,161.02211
move,-51.205837,161.68571
move,-53.755062,160.34303
move,-54.955696,159.87119
move,-56.211628,159.48047
move,-57.50416,159.17564
move,-59.0408,158.93318
move,-60.361507,158.79236
move,-61.901913,158.6995
move,-63.50713,158.63454
move,-65.04961,158.58438
move,-66.32687,158.55258
move,-67.62951,158.52232
move,-68.93214,158.49205
move,-70.52565,158.4551
move,-71.82841,158.43324
move,-73.194595,158.43828
move,-74.75013,158.4725
move,-76.06518,158.51012
move,-77.670105,158.58186
move,-79.16109,158.6535
move,-80.449905,158.71542
move,-81.97871,158.79039
move,-83.2674,158.85443
move,-84.543465,158.9178
move,-86.110115,158.9956
move,-87.42409,159.06085
move,-88.77596,159.12802
move,-90.07731,159.19264
move,-91.66937,159.2692
move,-92.97082,159.33173
move,-94.27236,159.39215
move,-95.573906,159.45267
move,-96.87545,159.5131
move,-98.53082,159.58997
move,-100.04754,159.6514
move,-101.32467,159.68785
move,-102.61444,159.72472
move,-103.89158,159.76122
move,-105.39632,159.80417
move,-106.673454,159.84067
move,-108.1782,159.88365
move,-109.69559,159.927
move,-111.23843,159.96567
move,-112.83189,160.00351
move,-114.12186,160.03407
move,-115.69028,160.05382
move,-116.96791,160.05928
move,-118.56179,160.06604
move,-119.85205,160.06088
move,-121.39494,160.02449
move,-122.709724,159.9794
move,-123.997894,159.90532
move,-125.557335,159.74025
move,-127.13066,159.41968
move,-128.56053,158.95087
move,-129.76398,158.48552
move,-131.18289,157.91148
move,-132.67493,157.28256
move,-134.06488,156.67249
move,-135.45692,156.00633
move,-136.83507,155.20706
move,-138.09883,154.34366
move,-139.32443,153.4481
move,-140.3365,152.64792
move,-141.44513,151.66783
move,-142.52345,150.58174
move,-143.55261,149.44887
move,-144.5408,148.28006
move,-145.49216,147.08101
move,-146.44928,145.82236
move,-147.37029,144.58406
move,-148.26659,143.3433
move,-149.18448,142.07133
move,-150.09917,140.8442
move,-151.04973,139.64474
move,-152.10098,138.5331
move,-153.2851,137.4858
move,-154.5024,136.55823
move,-155.78833,135.66013
move,-157.12526,134.76932
move,-158.2433,134.05226
move,-159.35669,133.3755
move,-160.46645,132.7424
move,-161.64551,132.13106
move,-162.85266,131.57724
move,-164.11746,131.06078
move,-162.85266,131.57724
move,-165.60553,130.52635
move,-166.82916,130.11699
move,-168.06052,129.73141
move,-169.2928,129.34883
move,-170.53719,128.96239
move,-171.78157,128.57602
move,-173.03346,128.17189
move,-174.24866,127.70194
move,-175.43326,127.190765
move,-176.84665,126.54011
move,-178.29135,125.837456
move,-179.43752,125.27292
move,-180.85333,124.56876
move,-182.25783,123.87025
move,-183.68245,123.184105
move,-185.12126,122.528366
move,-186.5287,121.92669
move,-187.97903,121.32908
move,-189.35709,120.78941
move,-190.83101,120.29119
move,-192.08394,119.93401
move,-193.36205,119.622215
move,-194.63612,119.34957
move,-195.91191,119.0849
move,-197.18771,118.82027
move,-198.47588,118.55301
move,-199.80121,118.27811
move,-201.10176,118.00829
move,-202.4147,117.73594
move,-203.6811,117.43093
move,-204.9685,117.05593
move,-206.23361,116.65142
move,-207.47612,116.21915
move,-208.69467,115.757866
move,-209.95871,115.240036
move,-211.10211,114.67071
move,-212.4347,113.868385
move,-213.6806,112.857635
move,-214.68407,111.75343
move,-215.60892,110.53429
move,-216.46075,109.21739
move,-217.23442,107.91144
move,-217.96973,106.5691
move,-218.66896,105.15099
move,-219.19893,103.6898
move,-219.52629,102.20825
move,-219.7543,100.66939
move,-219.86137,99.16802
move,-219.94511,97.639626
move,-220.01791,96.35139
move,-220.0929,95.050575
move,-220.18297,93.725365
move,-220.31717,92.391335
move,-220.49814,91.0627
move,-220.6811,89.73433
move,-220.87038,88.41965
move,-221.08708,87.09638
move,-221.30318,85.78583
move,-221.5214,84.46279
move,-221.75641,83.12991
move,-222.08673,81.77862
move,-222.53229,80.582214
move,-223.16776,79.402466
move,-223.91606,78.30569
move,-224.78452,77.28519
move,-225.73341,76.43079
move,-226.79233,75.62918
move,-227.90536,74.88169
move,-229.22096,74.09953
move,-230.34003,73.45719
move,-231.46133,72.818794
move,-232.82578,72.07101
move,-234.08646,71.397095
move,-235.22461,70.78919
move,-236.57477,70.06803
move,-237.68486,69.436
move,-238.76237,68.72648
move,-239.81474,67.95829
move,-240.8407,67.17586
move,-241.86244,66.36739
move,-243.04907,65.361206
move,-244.0061,64.4771
move,-245.099,63.352467
move,-246.10382,62.131866
move,-246.99872,60.84407
move,-247.64543,59.757175
move,-248.32477,58.343937
move,-248.78192,57.137764
move,-249.13454,55.87065
move,-249.43703,54.318897
move,-249.60207,53.02665
move,-249.43703,54.318897
move,-249.60207,53.02665
move,-249.7618,50.476562
move,-249.69446,51.75242
move,-249.8228,48.909138
move,-249.7618,50.476562
move,-249.88136,47.39227
move,-249.8228,48.909138
move,-249.93254,46.065002
move,-249.69446,51.75242
move,-249.98268,44.763012
move,-250.03667,43.258636
move,-250.07245,41.93089
move,-250.0969,40.489
move,-250.08096,38.996475
move,-250.02318,37.580868
move,-249.97733,36.30404
move,-249.92087,34.736458
move,-249.86688,33.232063
move,-249.8364,32.1193
move,-249.82967,30.614058
move,-249.8451,29.058186
move,-249.93883,27.467285
move,-250.1697,25.967752
move,-250.4921,24.575241
move,-250.87253,23.25024
move,-251.3776,21.84575
move,-251.93695,20.489202
move,-252.5491,19.127853
move,-253.09766,17.97396
move,-253.74632,16.629566
move,-254.36604,15.355506
move,-254.96474,14.127484
move,-255.54253,12.945566
move,-256.1244,11.723534
move,-256.7434,10.365275
move,-257.27136,9.146583
move,-257.7939,7.7083526
move,-258.18073,6.3585916
move,-258.54785,4.8727803
move,-258.86407,3.349344
move,-259.10837,1.8642946
move,-259.2889,0.39531797
move,-259.42502,-0.9132228
move,-259.5595,-2.2219372
move,-259.6952,-3.5432358
move,-259.83276,-4.9025
move,-259.96146,-6.2626147
move,-260.05927,-7.5618777
move,-260.15393,-8.924792
move,-260.2482,-10.313096
move,-260.3346,-11.676544
move,-260.39072,-12.990931
move,-260.43738,-14.318363
move,-260.4803,-15.64592
move,-260.5219,-16.986172
move,-260.56308,-18.313787
move,-260.61017,-19.831055
move,-260.6515,-21.158657
move,-260.69604,-22.498821
move,-260.75195,-23.8892
move,-260.819,-25.43104
move,-260.87463,-26.707476
move,-260.94043,-28.224043
move,-261.00812,-29.778519
move,-261.07077,-31.054634
move,-261.13797,-32.343178
move,-261.22012,-33.909607
move,-261.2975,-35.46362
move,-261.3467,-37.031433
move,-261.36963,-38.308838
move,-261.36948,-39.8774
move,-261.34467,-41.154808
move,-261.31342,-42.67249
move,-261.28195,-44.20282
move,-261.255,-45.518143
move,-261.22385,-47.03582
move,-261.19736,-48.32585
move,-261.16296,-49.906727
move,-261.13477,-51.196716
move,-261.10657,-52.486706
move,-261.0783,-53.776695
move,-261.0501,-55.054035
move,-261.01672,-56.584316
move,-260.99023,-57.874344
move,-260.95935,-59.417324
move,-260.92752,-61.01089
move,-260.90198,-62.28828
move,-260.87158,-63.805977
move,-260.8408,-65.349
move,-260.80997,-66.89202
move,-260.78067,-68.35916
move,-260.75128,-69.8263
move,-260.7219,-71.29345
move,-260.75128,-69.8263
move,-260.69617,-72.57087
move,-260.7219,-71.29345
move,-260.64935,-74.15137
move,-260.52463,-75.76546
move,-260.2883,-77.27744
move,-259.97977,-78.608055
move,-259.41714,-80.06953
move,-258.76694,-81.19807
move,-258.01392,-82.24517
move,-256.99994,-83.408325
move,-256.0178,-84.49857
move,-255.00914,-85.61603
move,-254.1457,-86.57489
move,-253.24004,-87.7128
move,-251.72134,-90.393234
move,-251.23412,-91.58775
move,-250.75835,-93.029
move,-252.41466,-89.000786
move,-250.3712,-94.44438
move,-251.72134,-90.393234
move,-249.98361,-95.89898
move,-249.58385,-97.38959
move,-249.13426,-98.83944
move,-248.6617,-100.34843
move,-248.25711,-101.6401
move,-247.72998,-103.03467
move,-246.96637,-104.31553
move,-246.06679,-105.50618
move,-245.02992,-106.595726
move,-243.80942,-107.49575
move,-242.69267,-108.114975
move,-241.31522,-108.7216
move,-239.8887,-109.19972
move,-238.3939,-109.526054
move,-236.83925,-109.73273
move,-235.37871,-109.875145
move,-233.95592,-110.01397
move,-232.57141,-110.15334
move,-231.24677,-110.35995
move,-229.99248,-110.60308
move,-228.61838,-110.89198
move,-227.20775,-111.19201
move,-225.72472,-111.515816
move,-224.31918,-111.83856
move,-223.04088,-112.149506
move,-221.82222,-112.488144
move,-220.43936,-112.978355
move,-219.1315,-113.48946
move,-217.94855,-114.00415
move,-216.71895,-114.62773
move,-215.56549,-115.31095
move,-214.48433,-116.08176
move,-213.35901,-117.06128
move,-212.5552,-118.112144
move,-211.98373,-119.37948
move,-211.5483,-120.72723
move,-211.18568,-122.17501
move,-210.96634,-123.727356
move,-210.83871,-125.12569
move,-210.69673,-126.54805
move,-210.56871,-127.85735
move,-210.48468,-129.23364
move,-210.42899,-130.56067
move,-210.4124,-132.04051
move,-210.42552,-133.38129
move,-210.45828,-134.83566
move,-210.4545,-136.21426
move,-210.3781,-137.60365
move,-210.29454,-139.14467
move,-210.18121,-140.65828
move,-210.01479,-142.23071
move,-209.82043,-143.79997
move,-209.61375,-145.21434
move,-209.326,-146.75609
move,-208.96408,-148.23018
move,-208.5981,-149.59894
move,-208.1402,-150.93825
move,-207.34041,-152.25446
move,-206.47958,-153.26532
move,-205.52704,-154.20877
move,-204.44656,-155.16364
move,-203.38443,-155.98149
move,-202.2116,-156.7294
move,-200.80571,-157.45242
move,-199.36781,-158.1101
move,-198.01396,-158.67596
move,-196.76471,-159.12625
move,-195.21207,-159.47975
move,-193.67758,-159.63924
move,-195.21207,-159.47975
move,-192.38861,-159.69585
move,-190.80821,-159.74567
move,-192.38861,-159.69585
move,-189.49335,-159.78719
move,-188.1911,-159.82822
move,-186.83815,-159.86783
move,-185.52307,-159.90486
move,-184.19534,-159.9423
move,-182.64001,-159.98622
move,-181.03426,-160.03667
move,-179.1387,-160.12161
move,-177.82735,-160.22508
move,-176.36728,-160.46552
move,-174.87494,-160.80363
move,-173.62294,-161.20723
move,-172.38289,-161.68239
move,-170.98213,-162.35838
move,-169.86165,-163.07068
move,-168.63808,-163.96887
move,-167.58266,-164.79596
move,-166.54115,-165.62032
move,-165.46086,-166.47716
move,-164.40709,-167.26456
move,-163.30144,-168.00003
move,-162.17134,-168.59492
move,-160.73499,-169.19211
move,-159.49608,-169.63448
move,-158.06184,-170.09137
move,-156.62648,-170.45065
move,-155.2864,-170.63557
move,-154.02306,-170.69429
move,-152.44176,-170.6971
move,-151.15138,-170.69724
move,-149.8357,-170.69739
move,-148.52002,-170.69757
move,-146.95132,-170.69771
move,-145.661,-170.69527
move,-144.1309,-170.65541
move,-142.75282,-170.60934
move,-141.19775,-170.55742
move,-139.90817,-170.51431
move,-138.5933,-170.47055
move,-137.2781,-170.44093
move,-135.97714,-170.50275
move,-134.70645,-170.63565
move,-133.09213,-170.87317
move,-131.79984,-171.17897
move,-130.58522,-171.57463
move,-129.32217,-172.09355
move,-128.12439,-172.79962
move,-126.86801,-173.71695
move,-125.869026,-174.57259
move,-124.83419,-175.62993
move,-123.88136,-176.81056
move,-123.34954,-177.67099
move,-122.61499,-179.34955
move,-122.164536,-180.77249
move,-121.745285,-182.27087
move,-121.34564,-183.82684
move,-121.07015,-185.3064
move,-120.90609,-186.80249
move,-120.79549,-188.1135
move,-120.68869,-189.41202
move,-120.58113,-190.73592
move,-120.46332,-192.05888
move,-120.31675,-193.4426
move,-120.17122,-194.80095
move,-120.02034,-196.20963
move,-119.882256,-197.53062
move,-119.753426,-198.86536
move,-119.64067,-200.13803
move,-119.52578,-201.46135
move,-119.419174,-202.73451
move,-119.312195,-204.02039
move,-119.19551,-205.3435
move,-119.04466,-206.65033
move,-118.75058,-208.25507
move,-118.34219,-209.74304
move,-117.80489,-211.21643
move,-117.20751,-212.62558
move,-116.64327,-213.79994
move,-115.960625,-215.15578
move,-115.260445,-216.54529
move,-114.67407,-217.7088
move,-114.0137,-219.0192
move,-113.42735,-220.1828
move,-112.83526,-221.35759
move,-112.199066,-222.6517
move,-111.75137,-223.90074
move,-111.462326,-225.22275
move,-111.24203,-226.59663
move,-110.85696,-229.31456
move,-111.05136,-227.92393
move,-110.69666,-230.6585
move,-110.598015,-232.02103
move,-110.85696,-229.31456
move,-110.548996,-233.37363
move,-110.69666,-230.6585
move,-111.05136,-227.92393
move,-110.51288,-234.7393
move,-111.05136,-227.92393
move,-110.51288,-234.7393
move,-111.05136,-227.92393
move,-110.51288,-234.7393
move,-111.05136,-227.92393
move,-110.51288,-234.7393
move,-111.05136,-227.92393
move,-110.51288,-234.7393
move,-110.598015,-232.02103
move,-110.47736,-236.07967
move,-110.450294,-237.38232
move,-110.42592,-238.67233
move,-110.4019,-239.9497
move,-110.377846,-241.22707
move,-110.34743,-242.64352
move,-110.28342,-244.1095
move,-110.20307,-245.46072
move,-110.09495,-246.79723
move,-109.909065,-248.14998
move,-109.46518,-249.67984
move,-108.993904,-250.90787
move,-108.40397,-252.12546
move,-107.66936,-253.24582
move,-106.819115,-254.24886
move,-105.88745,-255.15916
move,-104.88437,-255.97002
move,-103.6555,-256.79346
move,-102.20619,-257.51184
move,-100.99967,-257.93112
move,-99.51874,-258.36536
move,-98.29146,-258.72055
move,-97.052765,-259.0819
move,-95.560486,-259.52255
move,-94.3231,-259.88824
move,-93.09897,-260.2541
move,-91.85618,-260.64523
move,-90.62322,-261.1038
move,-89.196846,-261.72467
move,-88.05533,-262.32538
move,-86.99212,-263.05478
move,-86.01416,-263.89612
move,-85.07078,-264.81274
move,-84.02017,-266.02756
move,-83.26087,-267.10114
move,-82.5972,-268.28036
move,-82.02439,-269.54782
move,-81.56664,-270.80804
move,-81.189896,-272.0947
move,-80.88066,-273.4383
move,-80.659004,-274.73505
move,-80.51321,-276.0804
move,-80.44346,-277.4574
move,-80.41683,-278.91183
move,-80.43397,-280.31577
move,-80.51036,-281.71777
move,-80.60661,-283.1312
move,-80.70114,-284.51935
move,-80.79911,-285.958
move,-80.893616,-287.3462
move,-80.98666,-288.70914
move,-81.07377,-290.0725
move,-81.14668,-291.3988
move,-81.180695,-292.7265
move,-81.155815,-294.02927
move,-81.12131,-295.31915
move,-81.0836,-296.64673
move,-81.0473,-297.92374
move,-81.022606,-299.34033
move,-81.02953,-300.80783
move,-81.045746,-302.1108
move,-81.06283,-303.3885
move,-81.0833,-304.6659
move,-81.11108,-306.18353
move,-81.13864,-307.68857
move,-81.16213,-308.9659
move,-81.18955,-310.45825
move,-81.217316,-311.97586
move,-81.24489,-313.48087
move,-81.273285,-315.0364
move,-81.296196,-316.64276
move,-81.24686,-317.91928
move,-81.17216,-319.21997
move,-81.09886,-320.4954
move,-81.03213,-321.79663
move,-80.97148,-323.25012
move,-80.9087,-324.8048
move,-80.8551,-326.1446
move,-80.80136,-327.535
move,-80.75507,-328.88766
move,-80.727554,-330.22827
move,-80.70284,-331.6321
move,-80.68276,-332.96008
move,-80.66242,-334.32602
move,-80.64147,-335.72992
move,-80.62211,-337.0326
move,-80.60997,-338.36084
move,-80.62211,-337.0326
move,-80.61116,-339.68918
move,-80.61524,-341.08075
move,-80.61116,-339.68918
move,-80.62112,-342.42172
move,-80.63006,-343.6995
move,-80.63999,-345.11642
move,-80.66053,-346.63437
move,-80.69208,-347.94962
move,-80.72711,-349.23956
move,-80.76794,-350.70654
move,-80.80866,-352.10995
move,-80.85116,-353.5766
move,-80.89162,-355.06888
move,-80.92288,-356.37143
move,-80.95303,-357.674
move,-80.98459,-359.09045
move,-81.01805,-360.6713
move,-81.01724,-362.21448
move,-80.97102,-363.75714
move,-80.90812,-365.3751
move,-80.843,-366.85385
move,-80.788536,-368.14307
cluster,1145,pen-kerrig
move,-50,359.49997
move,-50.01353,358.66406
move,-49.98106,357.42096
move,-50,359.49997
move,-49.894943,356.22232
move,-49.98106,357.42096
move,-49.83285,355.05362
move,-49.80695,353.8522
move,-49.80548,352.64017
move,-49.84456,351.4495
move,-49.84605,350.30008
move,-49.785442,349.18378
move,-49.67456,348.12366
move,-49.57068,346.9684
move,-49.503906,345.8208
move,-49.48115,344.64032
move,-49.49611,343.56406
move,-49.533825,342.4361
move,-49.60429,341.35168
move,-49.705505,340.30118
move,-49.821842,339.2417
move,-49.933178,338.16064
move,-49.970005,337.10632
move,-49.941154,335.9572
move,-49.87224,334.87268
move,-49.777122,333.7376
move,-49.689117,332.58115
move,-49.657955,331.50522
move,-49.619534,330.4191
move,-49.576942,329.35406
move,-49.52455,327.8287
move,-49.502796,326.26126
move,-49.522747,324.7764
move,-49.575474,323.31992
move,-49.68021,321.89377
move,-49.826027,320.36066
move,-49.905827,318.83704
move,-49.921318,317.37973
move,-49.88996,315.9226
move,-49.839993,314.08084
move,-49.792538,312.54166
move,-49.744335,310.975
move,-49.694847,309.3672
move,-49.647064,307.81424
move,-49.603943,306.4125
move,-49.553673,304.77716
move,-49.50865,303.33414
move,-49.45924,301.82248
move,-49.41059,300.3383
move,-49.358887,298.75787
move,-49.317947,297.191
move,-49.36354,295.76218
move,-49.471214,294.22583
move,-49.625507,292.59726
move,-49.891457,291.02487
move,-50.255966,289.6145
move,-50.76792,288.32462
move,-51.600574,286.96793
move,-52.606976,285.9171
move,-53.843987,285.02588
move,-55.10308,284.32013
move,-56.38952,283.69592
move,-57.688366,283.09775
move,-59.012486,282.48868
move,-60.349117,281.87396
move,-61.84818,281.1846
move,-63.159836,280.5814
move,-64.47152,279.9782
move,-65.745735,279.39224
move,-67.11988,278.7603
move,-68.430984,278.15585
move,-69.73447,277.56775
move,-71.05295,276.97958
move,-72.38397,276.3858
move,-73.70244,275.79755
move,-74.996414,275.2218
move,-76.289566,274.64438
move,-77.71608,274.0289
move,-79.223526,273.4674
move,-80.54858,273.00763
move,-81.99454,272.51913
move,-83.34718,272.09964
move,-81.99454,272.51913
move,-84.70386,271.69333
move,-83.34718,272.09964
move,-86.24384,271.22797
move,-87.6395,270.85898
move,-89.06207,270.54224
move,-90.49261,270.26337
move,-91.899574,270.0078
move,-93.52754,269.73935
move,-94.91755,269.55292
move,-96.32746,269.4212
move,-97.769455,269.35168
move,-94.91755,269.55292
move,-99.199165,269.324
move,-100.794044,269.30487
move,-96.32746,269.4212
move,-97.769455,269.35168
move,-102.38898,269.2933
move,-97.769455,269.35168
move,-102.38898,269.2933
move,-97.769455,269.35168
move,-102.38898,269.2933
move,-97.769455,269.35168
move,-102.38898,269.2933
move,-97.769455,269.35168
move,-102.38898,269.2933
move,-103.94272,269.2927
move,-105.60641,269.30792
move,-106.954285,269.33096
move,-108.48472,269.35587
move,-109.79968,269.3221
move,-111.0848,269.2085
move,-112.346756,269.0111
move,-113.603836,268.6726
move,-114.79067,268.20078
move,-116.058655,267.59793
move,-117.210075,266.9882
move,-118.33848,266.36267
move,-119.49485,265.65942
move,-120.75648,264.7932
move,-121.86136,263.90692
move,-122.90018,262.854
move,-123.79961,261.7271
move,-124.547585,260.67596
move,-125.2249,259.59296
move,-125.832924,258.44086
move,-126.4355,257.04834
move,-126.8877,255.6528
move,-127.242226,254.2421
move,-127.57675,252.78735
move,-127.91545,251.30762
move,-128.25818,250.01146
move,-128.65892,248.74522
move,-129.07149,247.50938
move,-129.54819,246.08159
move,-130.02885,244.64178
move,-130.50769,243.25475
move,-130.95473,242.004
move,-131.46521,240.56102
move,-131.97757,239.1592
move,-132.51924,237.9606
move,-133.11842,236.77519
move,-133.71552,235.6314
move,-134.41757,234.29976
move,-135.03189,233.13632
move,-135.65086,231.9611
move,-136.26219,230.71127
move,-136.79845,229.44106
move,-137.29205,228.19429
move,-137.83511,226.74968
move,-138.34134,225.3186
move,-138.76758,224.06061
move,-139.1713,222.75554
move,-139.4993,221.36469
move,-139.76022,220.11401
move,-140.07425,218.68059
move,-140.35564,217.40839
move,-140.63153,216.16089
move,-140.96239,214.7964
move,-141.41696,213.38873
move,-141.91899,212.2003
move,-142.51161,211.01172
move,-143.1805,209.76279
move,-143.819,208.65628
move,-144.52603,207.57736
move,-145.45842,206.44545
move,-146.43018,205.48552
move,-147.5574,204.46893
move,-148.58838,203.5725
move,-149.63567,202.6756
move,-150.6587,201.84857
move,-151.80788,200.95653
move,-152.82932,200.18904
move,-153.92207,199.41199
move,-154.97125,198.68279
move,-156.07266,197.91794
move,-157.12344,197.19135
move,-158.2883,196.38496
move,-159.31471,195.62444
move,-160.32837,194.80595
move,-161.34503,193.93166
move,-162.43822,192.95273
move,-163.43391,192.01735
move,-162.43822,192.95273
move,-164.358,191.09898
move,-166.12105,188.85141
move,-166.9224,187.69838
move,-165.30702,189.96426
move,-167.69058,186.58391
move,-166.12105,188.85141
move,-168.41241,185.52971
move,-166.9224,187.69838
move,-169.1413,184.46495
move,-169.97755,183.24373
move,-168.41241,185.52971
move,-170.8138,182.02258
move,-171.54277,180.95793
move,-172.3004,179.85156
move,-173.10805,178.67215
move,-173.84427,177.59714
move,-174.60204,176.49092
move,-175.35272,175.39519
move,-176.11766,174.27847
move,-176.88847,173.15053
move,-177.63042,172.04893
move,-178.2773,170.93294
move,-178.91466,169.61131
move,-179.5058,168.33768
move,-180.04874,167.1672
move,-180.67992,165.81458
move,-181.23456,164.6496
move,-181.81177,163.50986
move,-182.34256,162.58952
move,-183.34685,161.07022
move,-184.21054,159.85278
move,-185.09021,158.66261
move,-186.09448,157.47496
move,-187.00404,156.57816
move,-188.00925,155.69081
move,-189.00479,154.87009
move,-190.06964,154.05533
move,-191.13477,153.30502
move,-192.4096,152.52968
move,-193.65599,151.91171
move,-194.84315,151.40648
move,-196.12392,150.93137
move,-197.44498,150.49417
move,-198.8154,150.04501
move,-200.0415,149.64311
move,-201.44792,149.1821
move,-202.71016,148.76845
move,-203.9964,148.34685
move,-205.22258,147.94502
move,-206.54488,147.51161
move,-207.83101,147.08989
move,-209.045,146.69185
move,-210.41524,146.2425
move,-211.78546,145.79317
move,-213.20378,145.32802
move,-214.42981,144.92581
move,-215.71593,144.50404
move,-217.07414,144.05861
move,-218.54054,143.57764
move,-219.79059,143.1676
move,-221.02863,142.76155
move,-222.26666,142.35551
move,-223.49265,141.95349
move,-224.76672,141.53574
move,-226.16321,141.08505
move,-227.38446,140.70976
move,-228.8005,140.27933
move,-230.03499,139.90405
move,-231.28288,139.52951
move,-232.66365,139.16002
move,-234.19249,138.80917
move,-235.70578,138.50595
move,-236.97154,138.25514
move,-238.2373,138.00432
move,-239.75127,137.70428
move,-241.06665,137.4436
move,-242.4302,137.16605
move,-243.69179,136.84152
move,-245.09613,136.37445
move,-246.47066,135.8981
move,-247.75902,135.44366
move,-249.03313,134.98679
move,-250.38539,134.48566
move,-251.79085,133.91246
move,-252.98837,133.31033
move,-254.28955,132.41544
move,-255.22264,131.50769
move,-256.0018,130.49567
move,-256.80972,129.27101
move,-257.52835,128.02083
move,-258.15875,126.88055
move,-258.86243,125.607346
move,-259.4993,124.456154
move,-260.19147,123.20541
move,-260.81003,122.08747
move,-260.19147,123.20541
move,-261.4286,120.96953
move,-260.81003,122.08747
move,-262.10233,119.751976
move,-262.7271,118.62302
move,-262.10233,119.751976
move,-263.4436,117.327995
move,-262.10233,119.751976
move,-263.4436,117.327995
move,-262.10233,119.751976
move,-263.4436,117.327995
move,-262.10233,119.751976
move,-263.4436,117.327995
move,-262.10233,119.751976
move,-263.4436,117.327995
move,-264.07178,116.20089
move,-264.8048,114.886086
move,-265.54416,113.560295
move,-266.28876,112.20852
move,-266.88513,111.07855
move,-267.44595,109.91672
move,-267.90698,108.72567
move,-268.30667,107.419365
move,-268.65012,106.175644
move,-268.99728,104.73708
move,-269.21558,103.43996
move,-269.33548,102.142815
move,-269.4201,100.60184
move,-269.48944,99.27536
move,-269.54474,97.745735
move,-269.58972,96.39293
move,-269.63556,95.01484
move,-269.67914,93.699974
move,-269.7263,92.19535
move,-269.68552,90.91869
move,-269.6139,89.630356
move,-269.52887,88.11471
move,-269.44598,86.63694
move,-269.3734,85.323326
move,-269.30823,83.83206
move,-269.27933,82.352486
move,-269.3932,80.83967
move,-269.62814,79.3785
move,-269.90164,77.885445
move,-270.30093,76.42212
move,-270.76968,75.23371
move,-271.30176,74.07242
move,-271.9239,72.91339
move,-272.55194,71.80075
move,-273.20563,70.644455
move,-273.8369,69.53365
move,-274.4777,68.41371
move,-275.11823,67.29363
move,-275.7581,66.17321
move,-276.46072,64.928375
move,-277.15674,63.650967
move,-277.7149,62.43213
move,-278.1846,61.149773
move,-278.54166,59.87048
move,-278.8591,58.477043
move,-279.03946,57.21228
move,-279.2416,55.669514
move,-279.4276,54.21394
move,-279.5898,52.87016
move,-279.69446,51.558895
move,-279.7439,50.16831
move,-279.7638,48.865543
move,-279.77576,47.52471
move,-279.7875,46.20918
move,-279.79977,44.868347
move,-279.817,43.540222
move,-279.83783,42.212143
move,-279.85944,40.85878
move,-279.87973,39.530704
move,-279.90045,38.177326
move,-279.92563,36.77341
move,-279.9658,35.433117
move,-280.0095,34.09292
move,-280.0517,32.74001
move,-280.09543,31.361847
move,-280.1425,29.920513
move,-280.18643,28.580324
move,-280.22766,27.24006
move,-280.2706,25.735327
move,-280.30792,24.306376
move,-280.3283,22.952978
move,-280.3361,21.62477
move,-280.33112,20.233288
move,-280.31827,18.8545
move,-280.3004,17.425158
move,-280.28397,16.10965
move,-280.2662,14.680311
move,-280.24863,13.276273
move,-280.23053,11.83429
move,-280.21344,10.468195
move,-280.1972,9.177998
move,-280.1809,7.887802
move,-280.16327,6.4711123
move,-280.14697,5.168263
move,-280.13162,3.8021524
move,-280.184,2.4245455
move,-280.37558,1.0098226
move,-280.82037,-0.2806255
move,-280.37558,1.0098226
move,-281.40955,-1.5407766
move,-282.98352,-3.619445
move,-284.0012,-4.4917855
move,-282.1327,-2.6678746
move,-285.1048,-5.2968082
move,-282.98352,-3.619445
move,-286.26813,-6.036654
move,-284.0012,-4.4917855
move,-287.4207,-6.6968393
move,-288.56537,-7.291969
move,-289.73254,-7.8421435
move,-290.94284,-8.357607
move,-292.19766,-8.829542
move,-293.45444,-9.217811
move,-294.71667,-9.540289
move,-296.01523,-9.819277
move,-297.3702,-10.073931
move,-298.79187,-10.315741
move,-300.14468,-10.506172
move,-301.4633,-10.66567
move,-302.8701,-10.834513
move,-304.2022,-10.987678
move,-305.73044,-11.058788
move,-307.23495,-11.0118475
move,-308.64883,-10.920546
move,-309.94885,-10.834339
move,-311.2873,-10.752645
move,-312.62708,-10.698817
move,-313.92975,-10.672162
move,-315.29593,-10.657616
move,-316.73795,-10.674346
move,-318.06586,-10.709584
move,-319.36835,-10.745766
move,-320.6962,-10.781061
move,-322.0241,-10.813
move,-323.352,-10.846993
move,-324.7053,-10.86943
move,-326.13412,-10.828288
move,-327.58762,-10.766591
move,-328.9022,-10.715759
move,-330.22977,-10.668197
move,-331.57,-10.624328
move,-332.96136,-10.60132
move,-334.3402,-10.605351
move,-335.63028,-10.628327
move,-336.9199,-10.674303
move,-338.23462,-10.722616
move,-339.52374,-10.77655
move,-340.85013,-10.84779
move,-342.35126,-10.958717
move,-343.63617,-11.075822
move,-345.0864,-11.19033
move,-346.3847,-11.300427
move,-347.70752,-11.42061
move,-349.2095,-11.520905
move,-350.4995,-11.539224
move,-351.8152,-11.526902
move,-353.10553,-11.53209
move,-354.62354,-11.540402
move,-356.10376,-11.549553
move,-357.4447,-11.546187
move,-358.81097,-11.5338545
move,-360.11398,-11.522354
move,-361.45502,-11.511058
move,-362.2394,-11.504776
cluster,380,mawar-gorge
move,-364.124,-11.47159
move,349.49963,-120
move,348.6255,-119.89959
move,347.1578,-119.799126
move,345.6098,-119.67216
move,344.1804,-119.46929
move,342.72156,-119.278465
move,341.2627,-119.08763
move,338.5087,-118.72738
move,337.07712,-118.54008
move,335.4956,-118.33319
move,334.2774,-118.173775
move,333.4127,-118.226776
move,331.98486,-118.304825
move,330.45944,-118.346306
move,329.03024,-118.306656
move,327.6026,-118.02869
move,326.2605,-117.499626
move,324.96384,-116.80516
move,323.72873,-116.08449
move,322.3314,-115.25985
move,320.80298,-114.38716
move,319.42502,-113.66939
move,317.90103,-112.90457
move,316.42664,-112.13388
move,315.16357,-111.40668
move,313.9746,-110.689125
move,312.7713,-109.94244
move,311.34787,-109.05476
move,310.11115,-108.28359
move,308.68768,-107.39603
move,307.48608,-106.64658
move,306.3029,-105.91972
move,304.8201,-105.106636
move,303.5891,-104.494286
move,302.2831,-103.9475
move,300.9253,-103.500015
move,299.3441,-103.13888
move,297.93173,-102.916855
move,296.5107,-102.757515
move,295.1025,-102.607666
move,293.47556,-102.43453
move,291.99878,-102.27938
move,290.46274,-102.17026
move,288.81427,-102.10245
move,287.41296,-102.04963
move,285.6819,-101.9843
move,284.15692,-101.926796
move,282.77008,-101.855835
move,281.3581,-101.74641
move,279.92014,-101.61749
move,281.3581,-101.74641
move,278.47366,-101.4397
move,279.92014,-101.61749
move,276.73434,-101.17095
move,275.33612,-100.945625
move,273.93793,-100.72021
move,272.527,-100.48744
move,271.13547,-100.2245
move,269.73648,-99.92836
move,268.3403,-99.56204
move,266.9832,-99.11194
move,265.5228,-98.5817
move,264.02145,-98.00367
move,262.68695,-97.48991
move,261.35242,-96.976204
move,265.5228,-98.5817
move,264.02145,-98.00367
move,260.01785,-96.46252
move,264.02145,-98.00367
move,260.01785,-96.46252
move,264.02145,-98.00367
move,260.01785,-96.46252
move,264.02145,-98.00367
move,260.01785,-96.46252
move,264.02145,-98.00367
move,260.01785,-96.46252
move,262.68695,-97.48991
move,258.51645,-95.88463
move,261.35242,-96.976204
move,257.09207,-95.33634
move,255.69337,-94.79794
move,258.51645,-95.88463
move,254.25507,-94.2476
move,252.74878,-93.68261
move,251.4478,-93.19676
move,250.12111,-92.701256
move,248.7815,-92.20093
move,247.46768,-91.71021
move,245.98642,-91.15697
move,244.63725,-90.64317
move,243.31584,-90.09669
move,241.99202,-89.5207
move,240.5689,-88.897095
move,239.05801,-88.23398
move,237.55972,-87.57642
move,236.2503,-87.00175
move,234.95349,-86.43253
move,233.65666,-85.86334
move,232.32207,-85.27764
move,231.02525,-84.708496
move,229.69061,-84.122734
move,228.36264,-83.55628
move,226.99359,-83.01792
move,225.64316,-82.54769
move,224.29474,-82.11481
move,222.90399,-81.67863
move,221.50621,-81.26607
move,220.07901,-80.908875
move,218.62224,-80.55674
move,217.20557,-80.21422
move,215.61513,-79.8297
move,214.13748,-79.44833
move,212.7551,-79.03217
move,211.35881,-78.528336
move,210.10529,-77.8726
move,208.94069,-77.067154
move,207.81703,-76.18313
move,206.63023,-75.057465
move,205.67448,-73.975876
move,204.84239,-72.84752
move,203.9845,-71.37508
move,203.34619,-70.0043
move,202.82492,-68.61229
move,202.41858,-67.38769
move,201.97412,-65.94949
move,201.62585,-64.72027
move,201.2811,-63.411366
move,200.89226,-61.957096
move,200.49332,-60.46625
move,200.12665,-59.00627
move,199.82191,-57.66157
move,199.54315,-56.220963
move,199.32317,-54.96241
move,199.08134,-53.47661
move,198.89114,-52.213196
move,198.7148,-50.960556
move,198.55988,-49.679714
move,198.45287,-48.228954
move,198.36388,-46.675568
move,198.23215,-45.17624
move,197.95576,-43.671703
move,197.48003,-42.271954
move,196.9341,-41.103077
move,196.15361,-39.743603
move,195.22931,-38.54065
move,194.12991,-37.387283
move,193.01196,-36.379646
move,191.99352,-35.567265
move,190.96165,-34.813953
move,189.89064,-34.094585
move,188.75974,-33.422634
move,187.60426,-32.821148
move,186.40529,-32.311825
move,185.13214,-31.892563
move,183.81493,-31.582401
move,182.50424,-31.368427
move,183.81493,-31.582401
move,181.1844,-31.219713
move,182.50424,-31.368427
move,179.88467,-31.129564
move,178.55876,-31.050995
move,177.2503,-30.915731
move,175.99063,-30.705284
move,174.71547,-30.336227
move,173.50034,-29.866413
move,175.99063,-30.705284
move,172.30342,-29.351517
move,171.11288,-28.822025
move,173.50034,-29.866413
move,169.89948,-28.281662
move,168.65141,-27.72587
move,167.44955,-27.190632
move,166.25926,-26.660534
move,165.06895,-26.130434
move,163.90175,-25.610619
move,162.69989,-25.075357
move,161.49802,-24.540123
move,160.2816,-24.006592
move,158.85909,-23.44203
move,157.78105,-23.07638
move,156.18755,-22.622551
move,154.9162,-22.338303
move,153.60957,-22.099527
move,152.34955,-21.888077
move,151.0484,-21.693754
move,149.7692,-21.525366
move,148.46019,-21.394922
move,147.13403,-21.323257
move,145.84435,-21.283379
move,144.54146,-21.279646
move,143.2515,-21.308678
move,141.96136,-21.327097
move,140.63315,-21.319248
move,139.31804,-21.283295
move,138.04063,-21.258505
move,136.72551,-21.223885
move,135.41103,-21.17048
move,134.07196,-21.100786
move,132.78406,-21.022076
move,131.4716,-20.931053
move,130.15923,-20.839228
move,128.821,-20.754515
move,127.519806,-20.687407
move,126.19261,-20.635263
move,124.87753,-20.599405
move,123.549446,-20.579327
move,122.24825,-20.515656
move,120.72602,-20.356411
move,119.409836,-20.17812
move,118.09758,-19.97265
move,116.80008,-19.755236
move,115.51885,-19.51874
move,114.22907,-19.202345
move,112.983406,-18.82052
move,111.755646,-18.384457
move,110.51491,-17.910362
move,109.26385,-17.427696
move,107.9892,-16.935926
move,106.67914,-16.43051
move,105.46349,-15.961518
move,104.18505,-15.479871
move,102.87836,-15.03989
move,101.609375,-14.64768
move,100.30667,-14.280416
move,99.00195,-13.971479
move,97.64764,-13.713098
move,96.35882,-13.522015
move,95.08035,-13.347673
move,93.76428,-13.168187
move,92.48582,-12.993803
move,91.16975,-12.814261
move,89.89129,-12.639851
move,88.58776,-12.4620285
move,87.083694,-12.256849
move,85.57962,-12.051667
move,84.301155,-11.877257
move,83.035225,-11.704567
move,81.731064,-11.531556
move,80.198685,-11.34812
move,78.92817,-11.213601
move,77.35304,-11.074714
move,75.902054,-10.970071
move,74.37473,-10.869297
move,72.97357,-10.778146
move,71.647896,-10.696044
move,70.36007,-10.616813
move,68.94598,-10.529819
move,67.36775,-10.432722
move,66.07992,-10.353492
move,64.77946,-10.273483
move,63.504234,-10.195031
move,62.191116,-10.114251
move,60.87906,-10.019568
move,59.589977,-9.831996
move,60.87906,-10.019568
move,58.29618,-9.593562
move,57.04696,-9.326084
move,58.29618,-9.593562
move,55.76011,-8.997265
move,54.511993,-8.623736
move,53.262196,-8.212889
move,52.00054,-7.7976017
move,50.738884,-7.382313
move,49.489243,-6.9709826
move,48.2396,-6.5596437
move,46.97795,-6.144366
move,45.74033,-5.737002
move,48.2396,-6.5596437
move,44.490692,-5.325664
move,43.21702,-4.9064236
move,41.967377,-4.495097
move,40.75334,-4.09699
move,39.49406,-3.7166681
move,38.20642,-3.3911524
move,36.934086,-3.1105478
move,35.6574,-2.8503013
move,34.34197,-2.5902617
move,33.033756,-2.360701
move,31.694036,-2.1679864
move,30.376333,-2.0009446
move,29.043139,-1.8576049
move,27.733667,-1.7308264
move,26.410845,-1.6108333
move,25.100313,-1.4954624
move,23.764576,-1.3778708
move,22.42884,-1.2602842
move,21.093103,-1.1426909
move,19.769081,-1.0374112
move,18.429977,-0.968226
move,17.127392,-0.94123703
move,15.786515,-0.93254644
move,14.458298,-0.9239301
move,13.155379,-0.9154852
move,11.789212,-0.90662235
move,10.460994,-0.8980075
move,9.145427,-0.8894846
move,7.8172083,-0.8808747
move,6.5142803,-0.8742549
move,5.173565,-0.8954078
move,3.8336945,-0.9462265
move,2.5373096,-1.074283
move,1.2041981,-1.3070723
move,-0.113377646,-1.6165149
move,-1.4011939,-1.9897937
move,-2.7361972,-2.4246984
move,-3.9933307,-2.89097
move,-5.236981,-3.392261
move,-6.5200586,-3.9307435
move,-7.7764626,-4.4673524
move,-9.1139345,-5.0395927
move,-10.369992,-5.5770183
move,-11.707464,-6.1492634
move,-13.017648,-6.688241
move,-14.311628,-7.164442
move,-15.6110325,-7.625698
move,-16.862846,-8.030081
move,-18.163681,-8.403911
move,-19.429678,-8.711833
move,-20.94124,-9.022515
move,-22.249748,-9.2506275
move,-23.48528,-9.455175
move,-24.772635,-9.6561575
move,-26.059982,-9.857146
move,-27.347334,-10.058143
move,-28.647182,-10.261089
move,-29.93494,-10.459449
move,-31.448048,-10.690451
move,-32.76179,-10.886171
move,-34.064545,-11.069558
move,-35.342327,-11.248735
move,-36.632637,-11.429667
move,-37.994404,-11.645118
move,-39.248257,-11.890461
move,-40.532867,-12.174176
move,-41.812237,-12.480738
move,-43.07031,-12.819467
move,-44.305584,-13.192127
move,-45.756172,-13.680319
move,-46.98219,-14.121316
move,-48.43838,-14.704182
move,-49.83376,-15.332742
move,-51.00459,-15.959127
move,-52.121933,-16.653296
move,-53.20505,-17.400034
move,-54.261715,-18.203838
move,-55.186115,-19.120537
move,-56.006893,-20.164276
move,-56.846867,-21.428452
move,-57.520668,-22.558313
move,-58.152264,-23.66892
move,-58.806732,-24.85371
move,-59.427883,-25.984661
move,-58.806732,-24.85371
move,-60.05949,-27.095167
move,-59.427883,-25.984661
move,-60.862755,-28.383167
move,-61.584724,-29.467669
move,-62.413418,-30.537294
move,-63.40844,-31.666742
move,-64.33038,-32.604736
move,-65.490814,-33.52227
move,-66.52996,-34.28715
move,-67.752495,-35.186985
move,-68.80396,-35.956463
move,-70.05636,-36.836403
move,-71.13224,-37.525124
move,-72.48032,-38.192722
move,-73.947296,-38.74727
move,-75.380905,-39.206173
move,-76.6389,-39.544727
move,-78.12828,-39.83675
move,-79.40759,-40.003426
move,-80.948006,-40.08944
move,-82.23631,-40.029625
move,-83.72598,-39.815784
move,-84.97693,-39.556618
move,-86.45836,-39.172016
move,-87.74002,-38.77828
move,-88.941696,-38.34475
move,-90.11721,-37.84448
move,-91.281624,-37.288673
move,-92.44794,-36.707848
move,-93.80679,-36.03122
move,-94.950485,-35.461716
move,-96.09418,-34.892216
move,-97.266014,-34.322636
move,-98.553085,-33.730434
move,-99.92204,-33.16835
move,-101.15667,-32.752613
move,-102.46949,-32.426056
move,-103.74948,-32.268753
move,-105.06386,-32.216213
move,-106.379425,-32.215496
move,-107.69499,-32.224068
move,-109.010544,-32.2332
move,-110.338745,-32.242397
move,-111.679596,-32.251717
move,-112.9825,-32.26074
move,-114.3107,-32.269943
move,-115.6136,-32.278984
move,-116.97975,-32.288486
move,-118.28265,-32.29753
move,-119.8259,-32.30823
move,-121.11615,-32.317173
move,-122.4317,-32.326286
move,-123.7599,-32.3355
move,-122.4317,-32.326286
move,-125.075455,-32.34463
move,-126.39101,-32.35376
move,-127.74451,-32.363144
move,-129.04735,-32.372192
move,-130.37553,-32.38026
move,-131.70374,-32.372322
move,-133.04451,-32.352257
move,-134.35968,-32.319424
move,-135.70006,-32.279976
move,-137.05309,-32.23906
move,-138.39343,-32.19851
move,-139.79727,-32.17398
move,-141.16335,-32.162853
move,-142.49147,-32.152042
move,-143.85754,-32.140915
move,-145.24892,-32.12958
move,-146.58969,-32.11867
move,-147.96841,-32.107437
move,-149.30919,-32.095436
move,-150.67519,-32.071785
move,-151.97748,-32.029675
move,-153.30466,-31.97847
move,-154.64441,-31.924654
move,-156.02194,-31.864813
move,-157.33562,-31.793934
move,-158.67218,-31.687471
move,-159.9926,-31.543472
move,-161.30815,-31.360462
move,-162.6211,-31.159813
move,-163.98161,-30.935919
move,-165.27501,-30.69561
move,-166.58394,-30.405062
move,-167.90483,-30.056524
move,-169.20488,-29.63698
move,-170.45232,-29.180906
move,-171.6832,-28.681755
move,-172.88313,-28.174143
move,-174.07198,-27.640987
move,-175.24284,-27.098984
move,-176.42924,-26.530415
move,-177.60686,-25.94409
move,-176.42924,-26.530415
move,-178.73695,-25.32146
move,-179.86365,-24.69265
move,-178.73695,-25.32146
move,-181.00107,-24.05705
move,-182.12744,-23.42759
move,-183.26486,-22.792019
move,-184.39499,-22.143686
move,-185.49944,-21.476524
move,-186.79842,-20.691116
move,-187.88092,-20.036602
move,-189.19073,-19.24465
move,-190.48972,-18.459234
move,-191.59387,-17.79165
move,-192.94698,-16.998283
move,-194.26645,-16.273647
move,-195.59456,-15.565046
move,-196.75089,-14.992753
move,-197.91875,-14.474654
move,-199.15547,-13.990596
move,-195.59456,-15.565046
move,-200.4,-13.564145
move,-196.75089,-14.992753
move,-201.78131,-13.150709
move,-203.2811,-12.786953
move,-204.55537,-12.515506
move,-205.83444,-12.267202
move,-207.10501,-12.04265
move,-208.6281,-11.794187
move,-209.90523,-11.610303
move,-211.19666,-11.437666
move,-212.49155,-11.292712
move,-213.76318,-11.169273
move,-215.07301,-11.046864
move,-216.37029,-10.926196
move,-217.66754,-10.805527
move,-218.96481,-10.684862
move,-220.27176,-10.535637
move,-221.56099,-10.347138
move,-222.87358,-10.143935
move,-224.16325,-9.885048
move,-225.4275,-9.522893
move,-226.68091,-9.083467
move,-227.90247,-8.595367
move,-229.0831,-8.074895
move,-230.26271,-7.552059
move,-231.45384,-7.0240884
move,-232.66818,-6.485923
move,-233.89403,-5.9425707
move,-235.09677,-5.4095054
move,-236.29947,-4.8764105
move,-237.51773,-4.3471513
move,-238.71709,-3.8717504
move,-239.93814,-3.4549167
move,-241.17494,-3.087666
move,-242.45178,-2.7709417
move,-243.71513,-2.5089467
move,-245.19699,-2.243805
move,-246.48067,-2.020519
move,-247.77692,-1.7956126
move,-249.07315,-1.5707247
move,-250.34447,-1.350146
move,-251.6292,-1.1330761
move,-252.92827,-0.92546475
move,-254.18983,-0.7238279
move,-255.4389,-0.5241748
move,-256.7256,-0.3185294
move,-258.02487,-0.11082564
move,-259.32376,0.09912682
move,-260.61542,0.45087492
move,-261.84982,1.0049618
move,-262.96774,1.6482453
move,-264.2109,2.5607924
move,-265.31415,3.6207
move,-266.23788,4.775706
move,-266.94666,5.853633
move,-267.58365,6.960984
move,-268.17343,8.122734
move,-268.70425,9.284834
move,-269.2429,10.498953
move,-269.78137,11.713106
move,-270.30966,12.904118
move,-270.84827,14.118265
move,-271.38818,15.317938
move,-271.9424,16.497122
move,-272.49762,17.675846
move,-273.05295,18.854553
move,-273.6115,20.031683
move,-274.17715,21.219477
move,-273.6115,20.031683
move,-274.75357,22.430172
move,-274.17715,21.219477
move,-275.30286,23.583717
move,-275.89014,24.817215
move,-276.43927,25.97082
move,-276.9939,27.135813
move,-277.58133,28.369314
move,-278.14154,29.545692
move,-278.70706,30.733538
move,-279.2672,31.909967
move,-279.82742,33.08638
move,-279.2672,31.909967
move,-280.3877,34.262745
move,-280.95374,35.450363
move,-280.3877,34.262745
move,-281.53137,36.646458
move,-282.20297,38.007828
move,-282.82187,39.183002
move,-283.49487,40.357372
move,-284.21622,41.48739
move,-285.01526,42.532032
move,-285.91608,43.541847
move,-286.86316,44.454502
move,-287.78064,45.21038
move,-289.03925,46.103165
move,-290.17197,46.820538
move,-291.3037,47.51579
move,-292.4786,48.23747
move,-293.62115,48.939316
move,-294.7529,49.634594
move,-295.92773,50.356358
move,-297.09546,51.065475
move,-298.0486,51.61574
move,-299.40906,52.370647
move,-300.58514,52.960197
move,-301.75092,53.513206
move,-302.9426,54.070595
move,-304.1346,54.627617
move,-305.37335,55.203873
move,-306.56873,55.753464
move,-307.79108,56.304974
move,-309.04108,56.856667
move,-310.25183,57.3374
move,-311.5212,57.72744
move,-312.82776,58.027847
move,-314.1145,58.2318
move,-315.434,58.383823
move,-316.7333,58.478928
move,-318.07336,58.524376
move,-319.38876,58.54466
move,-320.70444,58.541782
move,-322.00702,58.51204
move,-323.34717,58.466766
move,-324.77594,58.417465
move,-326.1167,58.41218
move,-327.50577,58.490105
move,-328.96353,58.655857
move,-330.41635,58.86197
move,-331.88083,59.07577
move,-333.35822,59.28923
move,-334.86783,59.445988
move,-336.34393,59.5518
move,-337.87125,59.65237
move,-339.3736,59.747314
move,-340.87683,59.82478
move,-342.38147,59.868294
move,-343.88663,59.887882
move,-345.32843,59.861084
move,-346.7443,59.81213
move,-348.17245,59.75216
move,-349.61328,59.691666
move,-350.97827,59.63434
move,-352.43173,59.573307
move,-353.88626,59.548008
move,-354.15192,59.550583
cluster,1689,fort-sterling
move,56.19565,-0.5
move,55.158596,-0.5226879
move,52.60496,-0.6101198
move,55.158596,-0.5226879
move,50.053417,-0.7488473
move,52.60496,-0.6101198
move,47.438908,-0.89407265
move,44.79895,-1.0371706
move,42.20736,-1.1290668
move,38.08572,-1.2655746
move,34.861736,-1.3723307
move,32.967888,-1.4771042
move,28.623547,-2.010152
move,25.926556,-2.8315575
move,28.623547,-2.010152
move,23.599236,-3.8443434
move,28.623547,-2.010152
move,23.599236,-3.8443434
move,28.623547,-2.010152
move,23.599236,-3.8443434
move,28.623547,-2.010152
move,23.599236,-3.8443434
move,28.623547,-2.010152
move,23.599236,-3.8443434
move,20.498363,-5.707458
move,17.985886,-6.989257
move,15.624477,-8.33493
move,13.234637,-10.038279
move,11.955307,-11.111207
move,9.177284,-13.655308
move,7.3841753,-15.528716
move,5.4537845,-17.550905
move,3.5631237,-19.541042
move,1.4243772,-22.119762
move,-0.24532735,-24.579292
move,-1.8490448,-26.743853
move,-3.7723906,-29.043488
move,-5.725472,-30.989777
move,-7.7136,-33.008846
move,-9.195632,-34.51394