metadata,origin:martlock,destination:nightcreak-marsh,name:Default Trade Mission
move,-1.52268,46.946068
move,-1.6853492,48.951107
move,-1.8563269,51.032722
move,-1.9937866,53.02992
move,-2.0944226,54.990833
move,-2.1832068,57.096817
move,-2.223386,58.077736
cluster,3
move,0.013395316,-352.1892
move,0.020734124,-351.0531
move,-0.06589098,-349.9089
move,-0.18472701,-348.76755
move,-0.35504475,-347.54642
move,-0.5108741,-346.377
move,-0.63951683,-345.25827
move,-0.70898205,-344.13452
move,-0.731619,-343.03003
move,-0.7502422,-341.91483
move,-0.7596397,-340.7995
move,-0.7692179,-339.66275
move,-0.7843081,-337.87164
move,-0.79605526,-336.47736
move,-0.8060858,-335.2869
move,-0.81539345,-334.18222
move,-0.8247914,-333.06686
move,-0.83436996,-331.93005
move,-0.8436772,-330.82544
move,-0.8536174,-329.6457
move,-0.86346734,-328.47665
move,-0.87304616,-327.33984
move,-0.8823538,-326.23517
move,-0.89247483,-325.03397
move,-0.89344,-324.91943
move,-0.8492421,-324.5899
move,-0.682313,-323.37866
move,-0.53823274,-322.3051
move,-0.40549088,-321.11127
move,-0.27697995,-319.90616
move,-0.1935922,-318.70798
move,-0.12289299,-317.50888
move,-0.11946172,-316.31918
move,-0.2913542,-315.0776
move,-0.6660415,-314.00687
move,-1.3587158,-313.06006
move,-2.3531694,-312.37637
move,-3.4419947,-311.98575
move,-4.615047,-311.6813
move,-5.759091,-311.39325
move,-6.9038296,-311.10797
move,-8.026734,-310.8239
move,-9.202604,-310.53058
move,-10.377991,-310.28336
move,-11.5387945,-310.0729
move,-12.726714,-309.89493
move,-13.915111,-309.72
move,-15.133884,-309.53116
move,-16.311697,-309.17947
move,-17.259487,-308.47006
move,-17.983315,-307.48807
move,-18.458344,-306.3877
move,-18.718466,-305.21585
move,-18.936659,-304.03464
move,-19.176815,-302.8469
move,-19.408092,-301.77765
move,-19.662458,-300.61472
move,-19.836096,-299.4487
move,-19.899376,-298.35672
move,-19.924494,-297.13437
move,-19.914452,-295.96542
move,-19.858597,-294.7764
move,-19.714655,-293.5839
move,-19.557726,-292.41464
move,-19.393642,-291.2355
move,-19.243675,-290.0438
move,-19.149796,-288.8571
move,-19.144716,-287.635
move,-19.313675,-286.4362
move,-19.66588,-285.27774
move,-20.21079,-284.19757
move,-20.940683,-283.23126
move,-21.771444,-282.36456
move,-22.80141,-281.6028
move,-24.109577,-281.00983
move,-25.556332,-280.73004
move,-26.966295,-280.78558
move,-28.332977,-280.915
move,-29.72789,-281.02426
move,-31.113258,-281.04266
move,-32.4827,-280.94998
move,-33.850437,-280.8325
move,-35.364418,-280.72266
move,-36.85377,-280.64105
move,-38.18538,-280.5763
move,-39.66319,-280.53476
move,-40.96952,-280.49988
move,-42.497856,-280.40982
move,-43.9737,-280.2031
move,-45.357784,-279.62677
move,-46.578106,-278.7713
move,-47.56785,-277.78644
move,-46.578106,-278.7713
move,-48.285427,-276.61926
move,-48.726646,-275.36343
move,-48.967384,-273.8925
move,-49.035255,-272.57446
move,-49.083652,-271.07043
move,-49.130077,-269.59494
move,-49.17408,-268.24045
move,-49.221275,-266.86185
move,-49.286274,-265.50824
move,-49.375587,-264.14392
move,-49.449482,-262.75446
move,-49.46993,-261.39948
move,-49.432144,-260.03287
move,-49.349136,-258.69235
move,-49.25769,-257.34024
move,-49.212326,-255.96225
move,-49.269356,-254.60828
move,-49.30042,-253.25343
move,-49.383614,-251.94937
move,-49.502953,-250.70883
move,-49.64203,-249.34863
move,-49.752964,-248.01015
move,-49.82831,-246.7904
move,-49.843506,-245.43547
move,-49.850826,-244.0563
move,-49.88639,-242.67737
move,-49.92889,-241.29863
move,-49.96968,-239.93195
move,-50.0023,-238.57715
move,-50.00778,-237.21005
move,-49.817932,-235.87042
move,-49.382584,-234.56326
move,-48.72392,-233.38066
move,-47.928314,-232.37643
move,-46.992756,-231.57538
move,-45.88856,-231.00354
move,-44.62722,-230.508
move,-43.389442,-229.9876
move,-42.170277,-229.29555
move,-41.230686,-228.48106
move,-40.46569,-227.36787
move,-39.99797,-226.2138
move,-39.65672,-224.89073
move,-39.465008,-223.68393
move,-39.342113,-222.31052
move,-39.300144,-220.93175
move,-39.283596,-219.54042
move,-39.323845,-218.1738
move,-39.424812,-216.81041
move,-39.602726,-215.61397
move,-39.981007,-214.3022
move,-40.66973,-213.14021
move,-41.656307,-212.1812
move,-42.821682,-211.495
move,-44.112938,-211.0503
move,-45.45529,-210.73291
move,-46.780983,-210.35591
move,-47.954105,-209.69095
move,-48.808006,-208.61952
move,-49.262287,-207.32048
move,-49.489494,-205.97299
move,-49.712036,-204.59998
move,-50.141304,-203.29163
move,-50.78721,-202.25897
move,-51.84512,-201.40225
move,-52.95779,-200.90225
move,-54.145702,-200.62042
move,-55.370747,-200.39131
move,-56.60974,-200.0234
move,-57.650776,-199.31319
move,-58.394165,-198.28592
move,-58.88749,-197.15776
move,-59.15343,-195.96608
move,-59.33029,-194.75685
move,-59.446583,-193.5163
move,-59.508057,-192.28366
move,-59.541782,-191.04994
move,-59.541008,-189.64638
move,-59.507633,-188.41266
move,-59.45545,-187.16747
move,-59.411552,-185.92195
move,-59.357105,-184.65263
move,-59.31423,-183.40706
move,-59.273403,-182.113
move,-59.26507,-180.87892
move,-59.33204,-179.61034
move,-59.438484,-178.34435
move,-59.591366,-177.08331
move,-59.86589,-175.85596
move,-60.296303,-174.67453
move,-60.922295,-173.58559
move,-61.789467,-172.64421
move,-62.81602,-171.91977
move,-63.925755,-171.41074
move,-65.09756,-171.02362
move,-66.318054,-170.62952
move,-67.42554,-170.09372
move,-68.274864,-169.19083
move,-68.85009,-168.08826
move,-69.16821,-166.89732
move,-69.3671,-165.66704
move,-69.562645,-164.42397
move,-69.957344,-163.24641
move,-70.70345,-162.13237
move,-71.57865,-161.24834
move,-72.687126,-160.61328
move,-73.962494,-160.28711
move,-75.2438,-160.10144
move,-76.55778,-159.8911
move,-77.74477,-159.45773
move,-78.50461,-158.44328
move,-78.68912,-157.18979
move,-78.70853,-155.90744
move,-78.7193,-154.6249
move,-78.869675,-153.34122
move,-79.303535,-152.12535
move,-80.09227,-151.12488
move,-81.204384,-150.5007
move,-82.47697,-150.29024
move,-83.78315,-150.3169
move,-85.063995,-150.38397
move,-86.36914,-150.44939
move,-87.62662,-150.49722
move,-88.98124,-150.53584
move,-90.25171,-150.54231
move,-91.54641,-150.54375
move,-92.865326,-150.54166
move,-94.14789,-150.53328
move,-95.44246,-150.51506
move,-96.737045,-150.4974
move,-98.00741,-150.47914
move,-99.32628,-150.46826
move,-100.62095,-150.46088
move,-101.903534,-150.45691
move,-103.19815,-150.47159
move,-104.48067,-150.48694
move,-105.775246,-150.5045
move,-107.00934,-150.52106
move,-108.424904,-150.53989
move,-109.67111,-150.55582
move,-110.94152,-150.57109
move,-112.19984,-150.58542
move,-113.4823,-150.6042
move,-114.71631,-150.62521
move,-116.02292,-150.6469
move,-117.256485,-150.68532
move,-118.56227,-150.73698
move,-119.868034,-150.78906
move,-121.12574,-150.8303
move,-122.49256,-150.86644
move,-123.871796,-150.87904
move,-125.11788,-150.85608
move,-126.412285,-150.82835
move,-127.65835,-150.80408
move,-128.96484,-150.77621
move,-130.33183,-150.74767
move,-131.69894,-150.72517
move,-133.07826,-150.71147
move,-134.44547,-150.69585
move,-135.84897,-150.67902
move,-137.19205,-150.66814
move,-138.55937,-150.66078
move,-139.92664,-150.66939
move,-141.3178,-150.69981
move,-142.69452,-150.78215
move,-144.02328,-150.97414
move,-145.35825,-151.31851
move,-146.61272,-151.85574
move,-147.69241,-152.64948
move,-148.57736,-153.67262
move,-149.30351,-154.80179
move,-149.90329,-155.86655
move,-150.6225,-157.01314
move,-151.57341,-157.97533
move,-152.67764,-158.78012
move,-153.77435,-159.3698
move,-154.9824,-159.7579
move,-156.21776,-159.99577
move,-157.47874,-160.1495
move,-158.79065,-160.28442
move,-160.06372,-160.44058
move,-161.33578,-160.60458
move,-162.54597,-160.77466
move,-163.84048,-160.95332
move,-165.14261,-161.0615
move,-166.49576,-161.13663
move,-167.81293,-161.20381
move,-169.14366,-161.2265
move,-170.48674,-161.21826
move,-171.81717,-161.18077
move,-173.15883,-161.11914
move,-174.51233,-161.05142
move,-175.8051,-160.98096
move,-177.02478,-160.90419
move,-178.42319,-160.7836
move,-179.65257,-160.67467
move,-180.86986,-160.56645
move,-182.1113,-160.45656
move,-183.34032,-160.34358
move,-184.58163,-160.23196
move,-185.82489,-160.14653
move,-187.04666,-160.12166
move,-188.30505,-160.11461
move,-189.56348,-160.11598
move,-190.78561,-160.11496
move,-192.03194,-160.11281
move,-193.30246,-160.11052
move,-194.56079,-160.12086
move,-195.81836,-160.16647
move,-197.07559,-160.22063
move,-198.34486,-160.27661
move,-199.65053,-160.33151
move,-200.94443,-160.37697
move,-202.22694,-160.38818
move,-203.52101,-160.3536
move,-204.79442,-160.20872
move,-206.03798,-159.85585
move,-207.15663,-159.2118
move,-208.10422,-158.34985
move,-208.8208,-157.32129
move,-209.24316,-156.12514
move,-209.58347,-154.85095
move,-210.00172,-153.66588
move,-210.7305,-152.58742
move,-211.76016,-151.85443
move,-212.9768,-151.41812
move,-214.2472,-151.17207
move,-215.60585,-151.02011
move,-216.97993,-150.89894
move,-218.36911,-150.82158
move,-219.76018,-150.7863
move,-221.15129,-150.75327
move,-222.54247,-150.72243
move,-223.94554,-150.68515
move,-225.32396,-150.63313
move,-226.7264,-150.57574
move,-228.0788,-150.49008
move,-229.45366,-150.37875
move,-230.84064,-150.26703
move,-232.22757,-150.15514
move,-233.49399,-150.0535
move,-234.78485,-149.9539
move,-236.07591,-149.85727
move,-237.35509,-149.76366
move,-238.63423,-149.66965
move,-239.926,-149.58311
move,-241.21967,-149.53331
move,-242.51425,-149.52594
move,-243.7711,-149.58746
move,-245.0635,-149.66438
move,-246.3195,-149.74202
move,-247.62372,-149.82414
move,-248.92902,-149.88525
move,-250.21143,-149.90341
move,-251.4937,-149.8771
move,-252.8114,-149.82126
move,-254.10312,-149.7349
move,-255.39182,-149.52759
move,-256.59064,-149.02118
move,-257.6328,-148.25613
move,-258.64392,-147.16759
move,-259.22855,-146.01715
move,-259.704,-144.86534
move,-260.40262,-143.83853
move,-261.35272,-143.01852
move,-262.46414,-142.46259
move,-263.7021,-142.19301
move,-264.946,-142.11943
move,-266.20288,-142.05829
move,-267.48355,-141.98972
move,-268.74747,-141.86165
move,-270.00992,-141.71834
move,-271.26428,-141.51942
move,-272.4917,-141.19398
move,-273.72394,-140.7255
move,-274.9242,-140.05203
move,-275.936,-139.16983
move,-276.92236,-138.25826
move,-277.9044,-137.32452
move,-278.76233,-136.30937
move,-279.33813,-135.115
move,-279.65286,-133.8223
move,-279.87317,-132.52226
move,-279.97424,-131.1834
move,-280.06076,-129.85516
move,-280.14728,-128.52696
move,-280.23532,-127.17463
move,-280.3177,-125.89467
move,-280.3998,-124.62684
move,-280.48056,-123.38316
move,-280.56543,-122.10337
move,-280.6392,-120.84718
move,-280.65625,-119.61318
move,-280.64792,-118.354805
move,-280.638,-117.14484
move,-280.62897,-115.89857
move,-280.6267,-114.6644
move,-280.70468,-113.36036
move,-280.90683,-112.08191
move,-281.2364,-110.79281
move,-281.66824,-109.63808
move,-282.2657,-108.5583
move,-282.8905,-107.465996
move,-283.6069,-106.462006
move,-284.37155,-105.47786
move,-285.15146,-104.4749
move,-286.27283,-103.03256
move,-287.07516,-102.00098
move,-287.86996,-100.97891
move,-288.67215,-99.947296
move,-288.8778,-99.68284
move,-289.0845,-98.6383
move,-289.323,-97.37807
move,-289.54236,-96.08996
move,-289.6478,-94.787796
move,-289.7016,-93.47001
move,-289.7029,-92.1634
move,-289.61557,-90.82334
move,-289.48544,-89.57168
move,-289.37363,-88.330444
move,-289.3176,-87.00083
move,-289.33142,-85.63368
move,-289.36807,-84.3032
move,-289.41055,-82.99709
move,-289.45316,-81.63045
move,-289.50223,-80.27619
move,-289.58762,-78.89944
move,-289.6783,-77.523026
move,-289.78833,-76.14804
move,-289.9035,-74.773445
move,-290.01483,-73.3864
move,-290.13144,-71.97549
move,-290.25214,-70.60138
move,-290.35388,-69.37138
move,-290.47147,-67.98486
move,-290.59164,-66.6836
move,-290.7495,-65.44758
move,-291.09863,-64.115524
move,-291.65897,-63.085922
move,-292.55548,-62.06034
move,-293.68158,-61.333843
move,-294.89175,-60.779984
move,-296.13696,-60.16152
move,-297.15906,-59.331688
move,-298.01938,-58.287724
move,-298.55426,-57.060642
move,-298.82098,-55.74548
move,-298.91824,-54.430775
move,-298.92795,-53.07563
move,-298.92944,-51.744637
move,-298.92734,-50.425743
move,-298.9378,-49.0827
move,-298.95807,-47.75186
move,-298.97836,-46.43312
move,-298.99896,-45.102283
move,-299.02023,-43.759365
move,-299.05023,-42.440804
move,-299.08377,-41.098114
move,-299.11325,-39.767445
move,-299.1331,-38.448704
move,-299.11926,-37.15417
move,-299.01083,-35.828167
move,-298.76483,-34.50845
move,-298.3154,-33.271427
move,-297.61703,-32.15497
move,-296.6985,-31.229696
move,-295.6202,-30.492847
move,-294.44452,-29.924763
move,-293.25784,-29.378387
move,-292.12936,-28.697582
move,-291.2127,-27.791796
move,-290.6373,-26.610687
move,-290.36383,-25.359097
move,-290.4762,-24.280876
move,-290.74197,-23.122118
move,-290.71594,-21.815577
move,-290.67487,-20.53382
move,-290.53616,-19.258768
move,-290.38983,-17.972376
move,-290.25827,-16.708717
move,-290.13754,-15.419664
move,-290.05606,-14.139804
move,-290.02194,-12.869761
move,-289.9876,-11.575517
move,-289.95175,-10.281321
move,-289.8957,-8.987837
move,-289.83792,-7.6702
move,-289.78793,-6.3643594
move,-289.76703,-5.0819774
move,-289.82504,-3.7769897
move,-290.1147,-2.51879
move,-290.75052,-1.3819191
move,-291.70547,-0.4827057
move,-292.93427,0.00787605
move,-294.43848,0.13211033
move,-295.7448,0.09663863
move,-297.02652,0.049057145
move,-298.32,-0.006340777
move,-299.6003,-0.082734734
move,-300.84393,-0.16450222
move,-302.14813,-0.24725965
move,-303.4529,-0.32136065
move,-304.78195,-0.3945657
move,-306.075,-0.46123508
move,-307.36835,-0.52022463
move,-308.6866,-0.56054527
move,-310.00507,-0.5951027
move,-311.32318,-0.6402189
move,-312.6161,-0.7086469
move,-313.92084,-0.7805932
move,-315.23758,-0.8549492
move,-316.5526,-0.95508844
move,-317.84885,-1.118223
move,-319.1346,-1.4081447
move,-320.35696,-1.8678778
move,-321.51587,-2.4439032
move,-322.6296,-3.1269202
move,-323.68677,-3.8947115
move,-324.66205,-4.781105
move,-325.50092,-5.73477
move,-326.27945,-6.7987046
move,-326.96564,-7.924628
move,-327.60284,-9.161444
move,-328.13235,-10.355991
move,-328.57266,-11.586011
move,-328.95804,-12.847336
move,-329.32925,-14.087682
move,-329.7023,-15.327472
move,-330.08493,-16.577003
move,-330.4883,-17.858097
move,-330.90656,-19.10887
move,-331.40656,-20.315731
move,-331.9939,-21.455744
move,-332.71426,-22.573942
move,-333.53024,-23.498554
move,-334.52667,-24.398512
move,-335.48492,-25.195415
move,-336.49756,-26.040451
move,-337.6208,-26.979605
move,-338.63156,-27.935047
move,-339.48883,-28.904911
move,-340.25186,-30.066273
move,-340.74957,-31.323645
move,-341.0138,-32.614723
move,-341.0994,-33.95365
move,-341.04782,-35.368362
move,-340.94922,-36.756226
move,-340.81754,-38.141365
move,-340.7273,-39.517754
move,-340.63943,-40.894188
move,-340.50104,-42.242126
move,-340.29117,-43.59317
move,-340.06662,-44.92963
move,-339.8852,-46.260284
move,-339.79144,-47.599926
move,-339.80417,-48.8942
move,-339.88342,-50.210613
move,-340.02356,-51.52201
move,-340.2124,-52.802795
move,-340.38876,-54.073143
move,-340.56442,-55.36808
move,-340.74557,-56.637806
move,-341.00558,-57.917923
move,-341.34927,-59.128216
move,-341.78418,-60.321735
move,-342.29462,-61.511364
move,-342.91632,-62.6602
move,-343.60767,-63.74015
move,-344.33505,-64.79653
move,-345.08585,-65.865685
move,-345.96964,-66.8103
move,-346.9678,-67.63372
move,-348.0325,-68.36998
move,-349.14713,-69.027916
move,-350.28055,-69.573586
move,-351.50302,-69.99771
move,-352.75085,-70.29242
move,-354.1153,-70.49124
move,-355.39563,-70.56187
move,-356.68744,-70.490265
move,-357.96973,-70.243454
move,-359.23767,-69.84061
move,-360.45944,-69.34441
move,-361.6717,-68.7668
move,-362.8031,-68.09036
move,-363.85492,-67.256775
move,-364.7708,-66.30872
move,-365.6331,-65.24786
move,-366.39786,-64.14442
move,-367.05774,-62.947453
move,-367.60583,-61.6955
move,-368.03043,-60.42146
move,-368.4251,-59.08722
move,-368.73956,-57.79402
move,-369.0139,-56.454536
move,-369.2658,-55.147587
move,-369.51157,-53.81484
move,-369.75952,-52.470203
move,-370.03183,-51.179962
move,-370.4172,-49.90643
move,-370.9694,-48.69823
move,-371.80374,-47.680687
move,-372.8063,-46.824997
move,-373.88385,-46.064693
move,-374.96628,-45.31113
move,-375.9598,-44.46573
move,-376.76392,-43.437355
move,-377.43756,-42.31822
move,-377.9841,-41.118835
move,-378.39532,-39.878674
move,-378.7472,-38.63284
move,-379.02072,-37.34304
move,-379.17038,-36.08146
move,-379.32513,-34.79604
move,-379.47986,-33.510628
move,-379.6167,-32.17461
move,-379.70587,-30.84672
move,-379.74298,-29.552605
move,-379.73648,-28.233795
move,-379.68872,-26.939993
move,-379.59894,-25.684908
move,-379.43018,-24.352564
move,-379.2208,-23.038183
move,-378.96768,-21.768593
move,-378.64563,-20.47741
move,-378.20557,-19.247766
move,-377.6308,-18.047928
move,-376.9286,-16.946938
move,-376.05594,-15.943839
move,-375.0704,-15.068277
move,-373.94254,-14.365302
move,-372.7482,-13.751052
move,-371.66852,-12.978315
move,-370.86853,-11.908423
move,-370.45657,-10.6582365
move,-370.18707,-9.330324
move,-370.02652,-7.984953
move,-369.9515,-6.656141
move,-369.92334,-5.301263
move,-369.9241,-3.9218676
move,-369.9006,-2.5911493
move,-369.85422,-1.200427
move,-369.80032,0.15369362
move,-369.76254,1.5203876
move,-369.74423,2.8633566
move,-369.72037,4.2303743
move,-369.65656,5.5719514
move,-369.62958,6.9266043
move,-369.63403,7.301676
cluster,1651
move,370.5,5.5
move,370.71255,6.1751833
move,371.068,7.3562355
move,371.3851,8.403216
move,371.74045,9.573094
move,372.1262,10.755844
move,372.57013,11.906054
move,373.16345,12.97302
move,373.98264,13.889983
move,374.96677,14.614697
move,375.90607,15.409674
move,376.6301,16.379354
move,377.14044,17.488926
move,377.49887,18.646221
move,377.78906,19.811811
move,378.0001,20.993773
move,378.17807,22.235918
move,378.3469,23.41436
move,378.52026,24.62465
move,378.6952,25.845556
move,378.8701,27.066463
move,379.0344,28.213055
move,379.1987,29.359652
move,379.35992,30.485016
move,379.36566,30.525145
move,379.37115,30.685926
move,379.4032,31.91886
move,379.3675,33.1407
move,379.24423,34.356915
move,379.05505,35.542988
move,378.76953,36.70917
move,378.36475,37.86267
move,377.88818,38.96499
move,377.3677,40.035637
move,376.81906,41.116222
move,376.23706,42.154587
move,375.45322,43.29652
move,374.4914,44.40104
move,373.46317,45.481617
move,372.46765,46.609028
move,371.72278,47.729176
move,371.0932,49.12403
move,370.62897,50.541096
move,370.24008,51.99458
move,369.907,53.448536
move,369.5618,54.92673
move,369.18625,56.39748
move,368.72968,57.8446
move,368.15265,59.20545
move,367.4889,60.599827
move,366.7658,61.94914
move,365.94873,63.24368
move,364.99274,64.45473
move,363.87842,65.46383
move,362.59915,66.37386
move,361.27606,67.117325
move,360.0526,67.71003
move,358.61572,68.27534
move,357.146,68.70178
move,355.60483,68.91805
move,354.0744,68.955246
move,352.65335,68.85916
move,351.15793,68.53153
move,349.69226,68.190346
move,348.21555,67.74199
move,346.80908,67.10745
move,345.54004,66.30022
move,344.3592,65.34844
move,343.33725,64.26293
move,342.45105,63.163467
move,341.7319,62.026363
move,341.10742,60.715992
move,340.55832,59.357765
move,340.07782,57.97369
move,339.64093,56.575188
move,339.26828,55.158382
move,339.00513,53.704468
move,338.95657,52.21465
move,339.0495,50.75297
move,339.24765,49.261314
move,339.45663,47.75782
move,339.5378,46.25541
move,339.59348,44.71205
move,339.6136,43.15459
move,339.6106,41.72907
move,339.55817,40.185616
move,339.50385,38.61579
move,339.42993,37.148087
move,339.39078,35.73292
move,339.3614,34.52327
move,339.3151,33.108364
move,339.22037,31.89021
move,339.02832,30.512327
move,338.68616,29.353775
move,338.06396,28.110825
move,337.2489,26.969429
move,336.3151,25.938414
move,335.3479,24.95487
move,334.3951,23.95744
move,333.47488,22.94617
move,332.59583,21.930822
move,331.80603,20.890171
move,331.13705,19.796347
move,330.5418,18.592768
move,330.0475,17.370186
move,329.6041,16.128113
move,329.22125,14.815883
move,328.98633,13.568275
move,328.85602,12.28015
move,328.6769,11.022766
move,328.31528,9.819789
move,327.70502,8.736215
move,326.978,7.723956
move,326.18756,6.6232147
move,325.28067,5.5860476
move,324.31128,4.674705
move,323.22247,3.8907945
move,322.07822,3.2859447
move,320.89334,2.734907
move,319.6763,2.2271647
move,318.43466,1.7825562
move,317.17334,1.3977326
move,315.88794,1.1039367
move,314.60284,0.86674345
move,313.32874,0.63644296
move,312.01984,0.39486274
move,310.73285,0.16810629
move,309.41714,-0.03269263
move,308.08954,-0.23590086
move,306.7988,-0.44027644
move,305.4616,-0.6601604
move,304.12048,-0.8538397
move,302.80637,-0.9642292
move,301.41653,-1.0331765
move,300.07376,-1.0636157
move,298.86407,-1.0894194
move,297.47275,-1.0981028
move,296.0825,-1.0474248
move,294.81973,-0.90793747
move,293.45468,-0.70949376
move,292.1009,-0.51744616
move,290.83054,-0.34048867
move,289.5834,-0.17272739
move,288.31168,-0.006494552
move,286.94403,0.1731598
move,285.57526,0.34418976
move,284.2038,0.49148944
move,282.84174,0.6116129
move,281.49042,0.7135087
move,280.1126,0.7787949
move,278.78198,0.7702885
move,277.41565,0.7196592
move,276.097,0.7045987
move,274.7661,0.7201555
move,273.43515,0.7088864
move,272.06854,0.6674199
move,270.71582,0.586634
move,269.37692,0.48185042
move,268.01495,0.36140448
move,266.6556,0.2146756
move,265.2742,0.047461513
move,263.9288,-0.11503652
move,262.6071,-0.2718935
move,261.32153,-0.42550522
move,260.0721,-0.575134
move,258.78717,-0.73354304
move,257.51465,-0.89375365
move,256.2123,-0.99588877
move,254.94226,-1.0290525
move,253.65974,-1.043496
move,252.36496,-1.0485348
move,251.0702,-1.0487475
move,249.70299,-1.0331495
move,248.35999,-1.0294722
move,247.0048,-1.0364416
move,245.63774,-1.0123551
move,244.25854,-0.98848176
move,242.91537,-0.9931695
move,241.56012,-0.9974706
move,240.20494,-1.00461
move,238.80147,-1.0145829
move,237.42216,-1.0108883
move,236.01863,-0.9979458
move,234.6634,-0.9991422
move,233.25977,-0.9937451
move,231.88054,-0.9721561
move,230.52559,-0.9464285
move,229.14624,-0.9445496
move,227.74281,-0.96727395
move,226.36388,-1.0022978
move,224.97449,-1.0780149
move,223.61436,-1.2168927
move,222.21272,-1.4155633
move,220.85129,-1.6373425
move,219.5087,-1.8957411
move,218.161,-2.1896722
move,216.80504,-2.5021472
move,215.41263,-2.7481458
move,214.0338,-2.7323704
move,212.68262,-2.6310935
move,211.31319,-2.4655566
move,209.9841,-2.2721603
move,208.64862,-2.0421228
move,207.3191,-1.7796346
move,205.98326,-1.4884306
move,204.72122,-1.1071987
move,203.4514,-0.6696329
move,202.1745,-0.21590146
move,200.92813,0.3156466
move,199.80608,0.8845054
move,198.69543,1.594843
move,197.60895,2.4045322
move,196.60179,3.2739606
move,195.68404,4.269538
move,194.92973,5.409067
move,194.28822,6.614307
move,193.8077,7.8814454
move,193.31093,9.181258
move,192.86816,10.359195
move,192.41518,11.597865
move,191.96341,12.875449
move,191.68538,14.175003
move,191.71161,15.563797
move,191.8695,16.90974
move,192.08925,18.185436
move,192.36876,19.424759
move,192.70757,20.64889
move,193.24573,21.917135
move,193.93661,22.93686
move,194.98264,23.846533
move,196.21402,24.519085
move,197.43495,25.205976
move,198.2319,26.332016
move,198.71306,27.662323
move,199.02051,29.043484
move,199.22278,30.432344
move,199.39577,31.837418
move,199.55182,33.244465
move,199.67717,34.557396
move,199.78061,35.787262
move,199.88863,37.235252
move,200.00426,38.658337
move,200.10997,39.90015
move,200.2097,41.14244
move,200.28513,42.434742
move,200.29938,43.644646
move,200.29958,44.890923
move,200.28415,46.185528
move,200.24886,47.60073
move,200.19055,49.039448
move,200.13979,50.272606
move,200.07533,51.50511
move,200.00015,52.809746
move,199.92665,54.07812
move,199.85892,55.32258
move,199.79619,56.54307
move,199.72926,57.763325
move,199.63039,59.090633
move,199.52849,60.29635
move,199.38077,61.70418
move,199.2094,63.0241
move,199.03807,64.36841
move,198.79869,65.61571
move,198.52441,66.81904
move,198.2246,68.016106
move,197.79633,69.19891
move,197.34236,70.333565
move,196.80402,71.523636
move,196.12648,72.582634
move,195.31436,73.57491
move,194.42271,74.53012
move,193.46951,75.5272
move,192.67245,76.58945
move,192.16429,77.76216
move,191.80487,79.01855
move,191.44493,80.2748
move,191.08264,81.53039
move,190.73633,82.81526
move,190.57573,84.134514
move,190.59901,85.4529
move,190.76796,86.760025
move,191.09622,88.062065
move,191.49036,89.307785
move,192.05406,90.48472
move,192.81258,91.56193
move,193.72867,92.491936
move,194.80127,93.256996
move,195.92268,93.95115
move,196.99706,94.73366
move,197.8619,95.74195
move,198.50113,96.93473
move,198.93242,98.142136
move,199.2756,99.41541
move,199.50034,100.70169
move,199.53107,101.97054
move,199.35951,103.25215
move,198.97801,104.50101
move,198.45079,105.668816
move,197.6937,106.7155
move,196.69908,107.596565
move,195.61995,108.288864
move,194.50404,108.92116
move,193.30023,109.6416
move,192.29674,110.510994
move,191.52628,111.62235
move,191.00066,112.88209
move,190.7309,114.24609
move,190.57796,115.6047
move,190.45465,116.96643
move,190.32231,118.35159
move,190.15784,119.72113
move,189.98198,121.10146
move,189.80833,122.482086
move,189.64737,123.85208
move,189.49396,125.22293
move,189.36497,126.59619
move,189.29453,127.97375
move,189.22435,129.36348
move,189.15419,130.7532
move,189.10971,132.13185
move,189.10286,133.51125
move,189.11577,134.90268
move,189.17465,136.28069
move,189.27576,137.69273
move,189.42279,139.07637
move,189.5986,140.4567
move,189.7851,141.84782
move,190.00662,143.23373
move,190.30869,144.59167
move,190.75072,145.90988
move,191.45404,147.09085
move,192.43799,148.07146
move,193.57257,148.85332
move,194.80583,149.44044
move,196.11206,149.8426
move,197.46477,150.16791
move,198.79456,150.42903
move,200.2634,150.73415
move,201.48572,151.15698
move,202.61769,151.7583
move,203.66359,152.52008
move,204.62665,153.38438
move,205.4981,154.40471
move,206.2604,155.5102
move,206.99352,156.67844
move,207.61113,157.88396
move,208.12651,159.13727
move,208.60065,160.41962
move,208.98578,161.731
move,209.26114,163.0699
move,209.44687,164.41216
move,209.56804,165.73756
move,209.65045,167.10237
move,209.7003,168.4445
move,209.74135,169.82333
move,209.78496,171.20207
move,209.82965,172.55652
move,209.86835,173.93533
move,209.90274,175.3143
move,209.93478,176.70541
move,209.96654,178.08443
move,210.00146,179.48755
move,210.03722,180.8665
move,210.06903,182.24556
move,210.09442,183.6369
move,210.09865,185.02844
move,210.08014,186.39558
move,210.07335,187.76285
move,210.09055,189.1542
move,210.02328,190.54297
move,209.83632,191.90958
move,209.61191,193.28273
move,209.32999,194.64534
move,209.05019,196.00839
move,208.76576,197.33336
move,208.39708,198.67477
move,207.85608,199.95482
move,207.18568,201.14641
move,206.46451,202.30743
move,205.49591,203.43546
move,204.4968,204.36862
move,203.44748,205.22612
move,202.38167,206.10149
move,201.50452,207.14209
move,200.9584,208.39261
move,200.67503,209.71617
move,200.55836,211.06583
move,200.49913,212.40762
move,200.44067,213.77365
move,200.38708,215.12778
move,200.33922,216.45789
move,200.29355,217.8123
move,200.25014,219.14258
move,200.19334,220.49654
move,200.12819,221.82594
move,200.0633,223.15533
move,199.99829,224.49687
move,199.93413,225.85052
move,199.85603,227.167
move,199.75165,228.48178
move,199.65439,229.8213
move,199.55795,231.14874
move,199.45862,232.43962
move,199.35623,233.79099
move,199.29839,235.1084
move,199.29025,236.43936
move,199.30692,237.77022
move,199.27791,239.08862
move,199.23553,240.41891
move,199.19524,241.74931
move,199.16354,243.07993
move,199.1672,244.4109
move,199.17708,245.70555
move,199.0664,247.04126
move,198.6669,248.29767
move,198.23811,249.55774
move,197.76924,250.8029
move,197.21872,252.02725
move,196.48659,253.19577
move,195.71614,254.25056
move,194.77985,255.193
move,193.74107,256.00543
move,192.57417,256.69095
move,191.36958,257.257
move,190.13168,257.77744
move,188.88992,258.2219
move,187.60068,258.67715
move,186.3596,259.1577
move,185.13464,259.73627
move,184.01906,260.43787
move,183.06653,261.3774
move,182.41049,262.54633
move,181.94537,263.79263
move,181.61104,265.09305
move,181.33473,266.38272
move,181.09825,267.72916
move,180.92784,269.07364
move,180.79373,270.39764
move,180.70303,271.77402
move,180.66423,273.09216
move,180.71713,274.48135
move,181.10994,275.78696
move,181.81633,276.9676
move,182.79161,277.86554
move,183.99527,278.4834
move,185.28789,278.88748
move,186.60974,279.186
move,187.94217,279.492
move,189.22363,279.93112
move,190.42334,280.50568
move,191.59322,281.21268
move,192.68245,281.9978
move,193.6499,282.80185
move,194.56831,283.71402
move,195.41429,284.66177
move,196.23882,285.69086
move,196.90404,286.7293
move,197.484,287.89993
move,198.02469,289.14252
move,198.54877,290.4054
move,199.06433,291.68466
move,199.50726,292.97818
move,199.94502,294.3245
move,200.33575,295.58423
move,200.74191,296.90256
move,201.15334,298.2318
move,201.59343,299.55167
move,202.1264,300.8236
move,202.75304,302.06567
move,203.5122,303.24417
move,204.49634,304.24146
move,205.63707,305.0993
move,206.79794,305.84406
move,207.97763,306.6455
move,208.86949,307.72086
move,209.46727,308.9757
move,209.8728,310.3059
move,210.12323,311.50177
move,210.25783,312.87332
move,210.24089,314.21603
move,210.10654,315.47876
move,209.84914,316.68573
move,209.5302,318.05267
move,209.11397,319.3925
move,208.621,320.69382
move,208.0842,321.951
move,207.39993,323.1758
move,206.65489,324.32214
move,205.80293,325.40552
move,204.77588,326.32367
move,203.61537,327.0671
move,202.5117,327.5908
move,201.37083,328.02853
move,200.06609,328.4358
move,198.71239,328.7574
move,197.36356,329.04605
move,196.09634,329.31152
move,194.74406,329.58368
move,193.51381,329.84836
move,192.20456,330.19608
move,190.97835,330.68008
move,189.78203,331.28964
move,188.6819,331.99408
move,187.649,332.77454
move,186.65945,333.57135
move,185.65756,334.3914
move,184.68216,335.22394
move,183.75668,336.0766
move,182.82158,336.9367
move,181.81966,337.73584
move,180.76425,338.37473
move,179.61163,338.93674
move,178.44646,339.37738
move,177.18713,339.67374
move,175.93567,339.79868
move,174.66605,339.84357
move,173.35934,339.85724
move,172.10112,339.83746
move,170.8307,339.8428
move,169.57263,339.87054
move,168.27791,339.8674
move,167.01955,339.85733
move,165.74928,339.83426
move,164.46767,339.78488
move,163.16187,339.73785
move,161.90347,339.7405
move,160.59747,339.78528
move,159.3174,339.8637
move,158.04166,339.99515
move,156.76155,340.18872
move,155.46034,340.40408
move,154.19576,340.61823
move,152.91397,340.80017
move,151.60576,340.96783
move,150.30388,341.17795
move,148.95566,341.46915
move,147.66411,341.836
move,146.39648,342.37552
move,145.31723,343.18878
move,144.41539,344.19876
move,143.65413,345.31906
move,142.99437,346.53003
move,142.4371,347.75174
move,141.96452,349.0215
move,141.6229,350.3318
move,141.39859,351.61917
move,141.17064,352.95508
move,140.94855,354.2551
move,140.73294,355.60516
move,140.6608,356.88412
move,140.84082,358.15228
move,141.20001,359.4208
move,141.64401,360.5981
move,142.18124,361.78918
move,142.78831,362.9047
move,143.55374,363.947
move,144.46216,364.88525
move,145.46188,365.66687
move,146.58456,366.2851
move,147.7828,366.80573
move,149.01538,367.23935
move,150.24582,367.6012
move,151.50609,367.94675
move,152.77744,368.2486
move,154.02121,368.5078
move,155.31195,368.77884
move,156.50523,369.09256
move,157.7659,369.55524
move,158.91916,370.05798
move,159.99411,370.75403
move,161.02068,371.58194
move,161.97644,372.437
move,162.943,373.35214
move,163.93169,374.26102
move,164.94746,375.08295
move,166.06357,375.8721
move,167.22232,376.52554
move,168.45692,377.0836
move,169.69759,377.56528
move,170.9797,378.00415
move,172.27928,378.38815
move,173.58722,378.69272
move,174.9114,378.91437
move,176.25075,379.0121
move,177.57999,379.08066
move,178.93344,379.14926
move,180.2995,379.20584
move,181.6546,379.21838
move,182.9975,379.19797
move,184.33704,379.1041
move,185.65935,378.95288
move,186.98668,378.7486
move,188.30084,378.47174
move,189.58081,378.10886
move,190.81313,377.60773
move,191.97426,376.98315
move,193.09181,376.28284
move,194.21548,375.56946
move,195.32838,374.8395
move,196.39238,374.04053
move,197.38113,373.16818
move,198.34848,372.21912
move,199.34653,371.30438
move,200.52913,370.62378
move,201.83203,370.17484
move,203.12993,369.8818
move,204.4626,369.71857
move,205.80412,369.65775
move,207.13503,369.6579
move,208.40431,369.71048
move,209.69638,369.79288
move,210.97835,369.82568
move,212.27226,369.78754
move,213.54124,369.726
move,214.85947,369.68506
move,216.16615,369.6888
move,217.07222,369.73892
cluster,1597
move,10,-355.49997
move,10.049134,-354.89066
move,10.149227,-353.65057
move,10.248466,-352.4212
move,10.3464155,-351.19177
move,10.413824,-349.99252
move,10.414055,-348.7914
move,10.374078,-347.5909
move,10.32491,-346.4015
move,10.275595,-345.20126
move,10.21551,-344.01215
move,10.115009,-342.82697
move,9.844283,-341.6569
move,9.518812,-340.51193
move,9.080381,-339.4176
move,8.515225,-338.3588
move,7.7971497,-337.4519
move,6.9395022,-336.6591
move,6.012802,-335.98306
move,5.042677,-335.35022
move,4.093266,-334.70584
move,3.2092652,-333.9917
move,2.4003675,-333.20898
move,1.682196,-332.3155
move,1.1503496,-331.3127
move,0.7981925,-330.22156
move,0.56734633,-329.11957
move,0.41430032,-327.99326
move,0.31642464,-326.8499
move,0.23720868,-325.70502
move,0.15400717,-324.58197
move,0.064820886,-323.42712
move,-0.019518428,-322.26117
move,-0.06685472,-321.10406
move,-0.043439604,-319.9246
move,-0.013189225,-318.75592
move,0.017211009,-317.5765
move,0.04617273,-316.3971
move,0.07519977,-315.20694
move,0.09555044,-314.0166
move,0.108630404,-312.81543
move,0.12233219,-311.5713
move,0.14806344,-310.3597
move,0.18281107,-309.18057
move,0.21645352,-307.9906
move,0.2470767,-306.80045
move,0.25800437,-305.58853
move,0.23109087,-304.3984
move,0.16732138,-303.30878
move,0.03657184,-302.01785
move,-0.12806536,-300.94733
move,-0.4091686,-299.64447
move,-0.89274585,-298.3905
move,-1.6266469,-297.2322
move,-2.5809407,-296.25052
move,-3.7098298,-295.51956
move,-4.928896,-294.88855
move,-6.1795163,-294.26114
move,-7.2994356,-293.54248
move,-8.2247505,-292.53363
move,-8.894097,-291.35275
move,-9.339891,-290.06937
move,-9.607126,-288.7506
move,-9.75438,-287.42575
move,-9.832235,-286.1081
move,-9.844939,-284.76196
move,-9.769095,-283.43112
move,-9.572324,-281.87326
move,-9.274405,-280.56104
move,-8.644313,-279.11227
move,-7.684211,-277.85547
move,-6.7157283,-276.9403
move,-5.66877,-276.11523
move,-4.588568,-275.28964
move,-3.5735445,-274.4061
move,-2.5513248,-273.24988
move,-1.7415653,-271.98343
move,-1.107827,-270.6054
move,-0.63139004,-269.15073
move,-0.261496,-267.66556
move,-0.036585152,-266.16464
move,0.09557705,-264.66586
move,0.18045709,-263.2958
move,0.21865463,-261.9102
move,0.25674412,-260.52457
move,0.29529074,-259.139
move,0.34214336,-257.79346
move,0.39146668,-256.44788
move,0.4558775,-254.91803
move,0.5500696,-253.46925
move,0.7414824,-252.00363
move,1.0345106,-250.6766
move,1.6122595,-249.30623
move,2.5415223,-248.15955
move,3.6627991,-247.17741
move,4.873517,-246.32925
move,6.0990543,-245.47913
move,7.14567,-244.67534
move,8.140758,-243.71315
move,8.877141,-242.55759
move,9.395931,-241.24626
move,9.674415,-239.91629
move,9.839331,-238.47401
move,9.918037,-237.12997
move,9.959709,-235.75784
move,9.993355,-234.3458
move,10.027727,-232.92053
move,10.079997,-231.36382
move,10.152563,-229.80798
move,10.221093,-228.3445
move,10.282213,-226.90039
move,10.315393,-225.47302
move,10.320945,-224.09358
move,10.321373,-222.67776
move,10.317334,-221.26198
move,10.29607,-219.8464
move,10.277183,-218.40666
move,10.260106,-217.14838
move,10.243653,-215.74486
move,10.229615,-214.49861
move,10.213579,-213.2766
move,10.186232,-212.0306
move,10.157031,-210.80879
move,10.122785,-209.57507
move,10.077808,-208.09956
move,10.011272,-206.649
move,9.954709,-205.41603
move,9.893559,-204.1834
move,9.792177,-202.95348
move,9.618219,-201.73181
move,9.348587,-200.51569
move,8.912147,-199.36243
move,8.326126,-198.24934
move,7.562933,-197.16042
move,6.5920053,-196.14835
move,5.5390496,-195.29617
move,4.4635715,-194.51202
move,3.4388816,-193.64539
move,2.5532002,-192.62143
move,1.8212076,-191.46817
move,1.2265987,-190.2508
move,0.74860287,-188.86852
move,0.5426797,-187.51886
move,0.4681184,-186.14175
move,0.59411126,-184.79337
move,0.7665339,-183.37595
move,0.92045844,-182.05386
move,1.1381127,-180.66907
move,1.5674152,-179.38431
move,2.0614185,-178.14844
move,2.592023,-177.048
move,3.252955,-176.00706
move,4.257662,-174.97961
move,5.4072285,-174.11299
move,6.4300456,-173.40092
move,7.412012,-172.42409
move,8.135135,-171.22258
move,8.637779,-170.12248
move,9.13406,-168.79668
move,9.581891,-167.42836
move,9.89708,-166.024
move,10.028445,-164.5912
move,9.9669895,-163.18977
move,9.790355,-161.78528
move,9.554665,-160.38939
move,9.306021,-158.97118
move,9.080141,-157.59818
move,8.875755,-156.18521
move,8.912062,-154.79898
move,9.277999,-153.42247
move,10.002181,-152.21411
move,11.08974,-151.25656
move,12.378014,-150.68848
move,13.770038,-150.52347
move,15.173528,-150.51962
move,16.577087,-150.53061
move,17.823324,-150.5226
move,19.178425,-150.50543
move,20.484818,-150.47469
move,21.742575,-150.43471
move,23.084934,-150.3903
move,24.35508,-150.36409
move,25.673958,-150.3558
move,27.017033,-150.34741
move,28.37221,-150.33885
move,29.751585,-150.33017
move,31.009975,-150.32637
move,32.32883,-150.33743
move,33.78044,-150.37071
move,35.098682,-150.41238
move,36.45319,-150.45557
move,37.78351,-150.49794
move,39.088375,-150.56319
move,40.516308,-150.81789
move,41.703545,-151.19356
move,42.792156,-151.7945
move,43.715137,-152.59296
move,44.500923,-153.55898
move,45.340206,-154.81717
move,46.161186,-156.0439
move,47.008472,-157.052
move,47.953022,-157.82565
move,49.121475,-158.50764
move,50.36152,-158.91235
move,51.650776,-159.12201
move,52.96665,-159.2066
move,54.199764,-159.2582
move,55.62456,-159.34933
move,57.034706,-159.4743
move,58.468155,-159.61046
move,59.913544,-159.74876
move,61.324253,-159.86716
move,62.54278,-159.96045
move,63.991085,-160.06406
move,65.415855,-160.15594
move,66.867744,-160.1696
move,68.307625,-160.17613
move,69.711174,-160.18642
move,71.15095,-160.20193
move,72.542244,-160.22264
move,73.81217,-160.2611
move,75.16675,-160.30244
move,76.46088,-160.34132
move,77.85221,-160.35788
move,79.27999,-160.35898
move,80.71774,-160.28873
move,82.128296,-160.16817
move,83.51521,-160.05493
move,84.9503,-159.93834
move,86.31365,-159.72993
move,87.613075,-159.50418
move,89.01035,-159.2119
move,90.35784,-158.81973
move,91.66556,-158.34555
move,92.77017,-157.82397
move,93.930916,-157.12543
move,95.07014,-156.26631
move,96.095566,-155.25677
move,96.88622,-154.30934
move,97.59953,-153.31737
move,98.329506,-152.09087
move,98.958885,-150.78291
move,99.39269,-149.62758
move,99.742035,-148.44418
move,100.066734,-146.99191
move,100.26165,-145.77336
move,100.379944,-144.53297
move,100.42307,-143.27544
move,100.40671,-142.04143
move,100.37866,-140.81964
move,100.34968,-139.58583
move,100.30663,-138.13449
move,100.265434,-136.901
move,100.2206,-135.67972
move,100.1859,-134.4581
move,100.17258,-133.19981
move,100.23915,-131.72588
move,100.43751,-130.49615
move,100.781525,-129.2865
move,101.24218,-128.15508
move,101.85716,-127.04418
move,102.60983,-126.037796
move,103.48256,-125.14877
move,104.44469,-124.3383
move,105.51137,-123.58378
move,106.741104,-122.8119
move,107.8533,-122.17311
move,108.93502,-121.55418
move,110.039444,-120.97756
move,111.19974,-120.491066
move,112.35621,-120.09699
move,113.55225,-119.79319
move,114.79565,-119.53252
move,116.029106,-119.35759
move,117.29646,-119.26981
move,118.554565,-119.26215
move,119.7971,-119.35523
move,121.04897,-119.483086
move,122.28853,-119.61269
move,123.52705,-119.75179
move,124.8135,-119.897545
move,126.06752,-120.00088
move,127.3125,-120.054726
move,128.55853,-120.0789
move,129.80455,-120.10475
move,131.09895,-120.13222
move,132.3452,-120.14087
move,133.62767,-120.13023
move,134.97063,-120.11245
move,136.26485,-120.079124
move,137.55908,-120.04587
move,138.92604,-120.01211
move,140.23253,-119.97992
move,141.6237,-119.945564
move,142.8697,-119.914825
move,144.1278,-119.88379
move,145.37381,-119.85306
move,146.60732,-119.81139
move,147.88913,-119.76839
move,149.13528,-119.74856
move,150.35722,-119.76669
move,151.62712,-119.80489
move,152.88438,-119.858406
move,154.11697,-119.92097
move,155.34938,-119.98832
move,156.59303,-120.069466
move,157.81262,-120.147484
move,159.08133,-120.21546
move,160.49583,-120.2727
move,161.71758,-120.3021
move,163.18138,-120.33086
move,164.4034,-120.34555
move,165.83127,-120.342995
move,167.04114,-120.33482
move,168.49287,-120.34367
move,169.90733,-120.40467
move,171.32182,-120.4653
move,172.74892,-120.510025
move,174.13947,-120.561844
move,175.38477,-120.61094
move,176.77568,-120.65238
move,178.2033,-120.6418
move,179.62953,-120.57558
move,181.0919,-120.50519
move,182.50609,-120.43923
move,183.94385,-120.35936
move,185.36932,-120.277885
move,186.78261,-120.19542
move,188.1958,-120.11198
move,189.59712,-120.03338
move,190.99673,-119.92938
move,192.3535,-119.76014
move,193.70027,-119.60935
move,195.06573,-119.41596
move,196.38763,-119.11844
move,197.68382,-118.723976
move,198.99338,-118.25368
move,200.3126,-117.70822
move,201.57523,-117.15287
move,202.89415,-116.54611
move,204.17203,-115.85693
move,205.46617,-115.02952
move,206.51208,-114.13184
move,207.42868,-113.07084
move,208.09677,-112.03388
move,208.69534,-110.72639
move,209.09125,-109.35559
move,209.34381,-107.97518
move,209.50894,-106.752106
move,209.65735,-105.52687
move,209.8077,-104.27752
move,209.95915,-102.979546
move,210.05756,-101.72507
move,210.1201,-100.444016
move,210.14207,-99.1737
move,210.16273,-97.89127
move,210.17674,-96.64503
move,210.18758,-95.28987
move,210.19922,-93.85003
move,210.21043,-92.5675
move,210.22145,-91.27282
move,210.23203,-89.99028
move,210.23198,-88.71981
move,210.18292,-87.46252
move,210.09122,-86.19535
move,209.9813,-84.97819
move,209.83641,-83.74055
move,209.592,-82.531235
move,209.25165,-81.35771
move,208.79239,-80.18675
move,208.24374,-79.06788
move,207.49348,-77.81203
move,206.69197,-76.842995
move,205.79282,-75.98061
move,204.84822,-75.20524
move,203.90161,-74.43232
move,203.00479,-73.55192
move,202.27457,-72.55763
move,201.65126,-71.4797
move,201.21599,-70.326096
move,200.85818,-69.04437
move,200.61325,-67.63819
move,200.42697,-66.40591
move,200.23268,-65.18711
move,200.01682,-63.972027
move,199.68074,-62.572086
move,199.33543,-61.38731
move,198.81036,-59.995506
move,198.27455,-58.92439
move,197.45923,-57.48131
move,196.815,-56.457157
move,196.11777,-55.366245
move,195.46036,-54.336075
move,194.71687,-53.11717
move,193.93585,-51.924088
move,192.8829,-50.94644
move,191.72044,-50.13923
move,192.8829,-50.94644
move,190.44289,-49.4533
move,189.06953,-49.129677
move,187.64323,-49.113224
move,186.219,-49.213413
move,184.78503,-49.343395
move,183.36272,-49.468105
move,181.91493,-49.579132
move,180.47917,-49.688457
move,179.03134,-49.798267
move,177.59407,-49.88424
move,176.17888,-49.919987
move,177.59407,-49.88424
move,174.77539,-49.904495
move,173.34827,-49.860664
move,171.93658,-49.75825
move,170.54735,-49.558918
move,169.13483,-49.22847
move,167.87183,-48.574245
move,166.85332,-47.59472
move,165.94,-46.4973
move,164.99281,-45.349335
move,164.04158,-44.268414
move,163.24869,-43.307545
move,162.58572,-42.28172
move,162.01392,-41.161564
move,161.55077,-40.00474
move,161.1684,-38.818703
move,160.84422,-37.627857
move,160.5261,-36.422882
move,160.2758,-35.189938
move,160.06573,-33.961475
move,159.85669,-32.696064
move,160.06573,-33.961475
move,159.67079,-31.414806
move,159.5316,-30.176422
move,159.43307,-28.897617
move,159.33987,-27.594143
move,159.24959,-26.32686
move,159.16191,-25.095778
move,159.06482,-23.731936
move,159.16191,-25.095778
move,158.97632,-22.488792
move,158.88782,-21.245646
move,158.79291,-20.002962
move,158.68869,-18.712606
move,158.79568,-17.435902
move,158.96217,-16.12756
move,159.12842,-14.636437
move,159.26195,-13.372975
move,159.42085,-11.929737
move,159.67502,-10.723408
move,160.21896,-9.313322
move,160.85066,-8.074188
move,161.55602,-7.048642
move,162.47827,-6.2328353
move,163.58643,-5.615655
move,164.89052,-5.096982
move,166.0375,-4.610704
move,167.07935,-3.9302392
move,168.13232,-2.8990333
move,168.80527,-1.852777
move,169.24374,-0.713304
move,169.54517,0.50789416
move,169.76057,1.7107185
move,169.88928,2.949964
move,169.95148,4.436898
move,169.99083,5.8762608
move,170.02827,7.2914634
move,170.05579,8.767402
move,170.06566,10.219359
move,170.07512,11.671322
move,170.07587,13.135415
move,170.06409,14.575258
move,170.05663,15.809441
move,170.05748,17.031536
move,170.06067,18.26574
move,170.06355,19.572544
move,170.05272,20.97608
move,170.0257,22.20997
move,169.96527,23.454725
move,169.85368,24.671621
move,169.66907,25.879496
move,169.39676,27.083002
move,169.05574,28.28167
move,168.63354,29.467033
move,168.18176,30.615526
move,167.67815,31.781813
move,167.10654,32.87516
move,166.4395,33.91324
move,167.67815,31.781813
move,165.69609,34.898026
move,164.88661,35.845444
move,164.01451,36.735237
move,163.02888,37.5552
move,161.98746,38.260765
move,160.88458,38.866158
move,159.72292,39.37916
move,158.50473,39.736576
move,157.17902,39.94848
move,155.88797,40.04342
move,154.4851,40.083538
move,153.2388,40.07912
move,151.98051,40.07043
move,150.68591,40.06149
move,149.42764,40.05279
move,148.16937,40.0441
move,146.8869,40.035244
move,145.60432,40.03838
move,144.334,40.05994
move,143.00333,40.089825
move,141.73315,40.119774
move,140.43881,40.150276
move,139.15657,40.18051
move,137.87433,40.210735
move,136.61629,40.240395
move,135.33405,40.27063
move,134.0761,40.30375
move,132.80626,40.34527
move,131.56445,40.446964
move,130.34721,40.649498
move,129.13379,40.932243
move,127.94019,41.329796
move,126.80006,41.83082
move,125.78049,42.501953
move,124.848015,43.34544
move,124.06538,44.29838
move,123.395325,45.348785
move,122.79617,46.45509
move,122.27272,47.599182
move,121.82336,48.76151
move,121.44519,49.94882
move,121.1469,51.171112
move,120.93638,52.3992
move,120.81589,53.639473
move,120.73331,54.883026
move,120.6518,56.138775
move,120.5499,57.59933
move,120.462395,58.83041
move,120.37057,60.073307
move,120.27262,61.279335
move,120.17223,62.50946
move,120.07089,63.751648
move,119.97046,64.981766
move,119.86912,66.22394
move,119.76872,67.454056
move,119.666595,68.72045
move,119.557106,69.974045
move,119.44953,71.20353
move,119.34101,72.45722
move,119.25662,73.72491
move,119.19779,74.96976
move,119.17074,76.22786
move,119.15714,77.55876
move,119.15611,78.84135
move,119.15499,80.23282
move,119.154724,81.467
move,119.15497,82.93108
move,119.15516,84.16527
move,119.155365,85.38735
move,119.15826,86.62153
move,119.19284,88.0852
move,119.22728,89.294716
move,119.262024,90.516335
move,119.30367,91.97985
move,119.34151,93.21347
move,119.39672,94.43432
move,119.47906,95.88397
move,119.54833,97.104095
move,119.631294,98.56584
move,119.70093,99.77382
move,119.771286,100.99389
move,119.85625,102.46761
move,119.92559,103.68773
move,119.99421,104.9079
move,120.06281,106.12808
move,120.14366,107.565735
move,120.22487,109.01547
move,120.28669,110.2239
move,120.35943,111.661934
move,120.427925,113.08806
move,120.49086,114.50236
move,120.53804,115.92934
move,120.58046,117.35647
move,120.599556,118.771996
move,120.591774,120.175575
move,120.58111,121.603355
move,120.56404,123.01894
move,120.53145,124.47059
move,120.49587,125.91006
move,120.45794,127.349495
move,120.49587,125.91006
move,120.42545,128.58324
move,120.39264,129.82903
move,120.36016,131.06271
move,120.32739,132.3085
move,120.294624,133.55429
move,120.26126,134.82428
move,120.22662,136.04587
move,120.19099,137.27956
move,120.15539,138.51324
move,120.12105,139.73485
move,120.08731,140.9565
move,120.05367,142.17815
move,120.02114,143.46033
move,119.9961,144.73058
move,119.98922,146.01317
move,119.98568,147.46529
move,119.98499,148.869
move,119.98756,150.24852
move,119.99037,151.60384
move,119.993385,152.87444
move,119.99724,154.16925
move,120.00147,155.46407
move,120.00756,156.75888
move,120.01619,158.02934
move,120.02712,159.32388
move,120.03809,160.61842
move,120.04893,161.90086
move,120.0598,163.1833
move,120.07155,164.57465
move,120.08353,165.99019
move,120.09529,167.38153
move,120.10714,168.78497
move,120.119225,170.21262
move,120.13118,171.61606
move,120.14228,173.0679
move,120.15057,174.47134
move,120.1591,175.89899
move,120.16761,177.32663
move,120.17572,178.75432
move,120.16333,180.17
move,120.1478,181.58563
move,120.13404,183.02548
move,120.13241,184.4413
move,120.1358,185.88132
move,120.14033,187.32133
move,120.13237,188.76126
move,120.11149,190.2131
move,120.09441,191.43509
move,120.059654,192.65672
move,120.00115,194.10757
move,119.93043,195.33972
move,119.80987,196.55548
move,119.58557,197.78128
move,119.30312,198.97012
move,118.86077,200.35275
move,118.350296,201.71188
move,117.73827,203.02792
move,117.00097,204.25009
move,116.15358,205.39874
move,115.27222,206.39551
move,114.23584,207.32286
move,113.24887,208.08372
move,112.11186,208.84227
move,110.87211,209.4719
move,109.57336,209.89569
move,108.19893,210.17815
move,106.94033,210.35083
move,105.68907,210.48457
move,104.422516,210.58385
move,103.14152,210.64682
move,101.84717,210.67696
move,100.5526,210.696
move,99.233826,210.71544
move,97.93926,210.73447
move,96.65679,210.7533
move,95.35012,210.77258
move,94.06765,210.79152
move,92.80938,210.81
move,91.51481,210.82904
move,90.22021,210.83852
move,88.96279,210.78947
move,87.68185,210.72424
move,86.42542,210.65422
move,85.145004,210.58008
move,83.876915,210.50182
move,82.63502,210.39737
move,81.39387,210.28441
move,80.14066,210.17038
move,78.88745,210.05624
move,77.64631,209.94325
move,76.368805,209.82896
move,74.922295,209.70268
move,73.67929,209.61281
move,72.30134,209.55077
move,70.92308,209.49524
move,69.54414,209.45929
move,68.128876,209.42441
move,66.73777,209.39076
move,65.35858,209.36696
move,63.9672,209.3461
move,62.66057,209.32655
move,61.37813,209.30734
move,60.0715,209.28764
move,58.77735,209.30148
move,57.514072,209.4361
move,56.204052,209.58885
move,54.91806,209.73883
move,53.60709,209.88304
move,52.30524,209.99683
move,51.015354,210.10841
move,49.653015,210.22475
move,48.26473,210.31888
move,46.98388,210.38522
move,45.677402,210.4131
move,44.443806,210.4505
move,43.06697,210.5322
move,41.68409,210.6861
move,40.292515,210.86931
move,38.875435,211.12051
move,37.596375,211.70671
move,36.637325,212.53749
move,35.76455,213.66241
move,35.087097,214.794
move,34.325535,216.03001
move,33.515804,217.02286
move,32.433735,217.93246
move,31.370354,218.55617
move,30.025105,219.06448
move,28.611435,219.32819
move,27.162169,219.41435
move,25.76016,219.48131
move,24.551653,219.54135
move,23.101446,219.61336
move,21.6029,219.6878
move,20.188948,219.75806
move,18.95627,219.81929
move,17.675251,219.8829
move,16.454655,219.94348
move,15.221971,220.00465
move,13.795927,220.07553
move,12.575333,220.13615
move,11.124493,220.19319
move,9.672743,220.21893
move,8.232905,220.2323
move,6.8051543,220.24385
move,5.377403,220.2554
move,3.9617503,220.26678
move,2.5339966,220.27829
move,1.1062433,220.28984
move,-0.3336218,220.29927
move,-1.5798707,220.29022
move,-3.018832,220.23946
move,-4.444726,220.16576
move,-5.9067373,220.08763
move,-7.320398,220.01166
move,-8.746142,219.9351
move,-10.159805,219.85916
move,-11.561404,219.78424
move,-12.831538,219.75838
move,-14.27136,219.74373
move,-15.517595,219.73099
move,-16.896994,219.72986
move,-18.288435,219.7171
move,-19.691961,219.70282
move,-21.071297,219.68938
move,-22.450651,219.6963
move,-23.841993,219.71703
move,-25.232998,219.75415
move,-26.633572,219.84106
move,-28.003313,220.00313
move,-29.35349,220.21838
move,-30.714241,220.55673
move,-31.95711,221.09389
move,-33.10159,221.81561
move,-34.11761,222.7639
move,-35.05954,223.80328
move,-35.72692,225.04984
move,-36.314816,226.27092
move,-36.913235,227.51381
move,-37.513493,228.79591
move,-38.08173,230.06607
move,-38.61123,231.36592
move,-39.06394,232.73221
move,-39.306007,233.94154
move,-39.398746,235.36554
move,-39.38899,236.85376
move,-39.340874,238.28073
move,-39.23603,239.5223
move,-38.98982,240.71797
move,-38.589455,241.87236
move,-37.98061,242.9261
move,-36.83998,243.81387
move,-35.548428,244.47673
move,-34.410885,245.04204
move,-33.425755,245.7825
move,-32.539806,246.65869
move,-31.68193,247.64381
move,-30.906956,248.84038
move,-30.45796,250.03947
move,-30.239304,251.25313
move,-30.130808,252.5067
move,-30.070127,253.76364
move,-30.031246,255.0336
move,-29.994091,256.26727
move,-29.935863,257.57272
move,-29.774536,258.808
move,-29.508547,260.05005
move,-29.130674,261.3511
move,-28.70321,262.5346
move,-28.133522,263.80344
move,-27.510662,264.8964
move,-26.900806,265.99664
move,-26.115519,266.96936
move,-25.106089,267.73904
move,-23.991594,268.29013
move,-22.745153,268.63864
move,-21.333605,268.97888
move,-20.109026,269.26865
move,-18.907183,269.54935
move,-17.712975,269.8088
move,-16.490988,270.05383
move,-15.268442,270.29596
move,-14.039521,270.50275
move,-12.771267,270.69403
move,-11.3401985,270.93912
move,-10.123592,271.20895
move,-8.937862,271.55035
move,-7.781598,271.98123
move,-6.6557984,272.48645
move,-5.3822126,273.2305
move,-4.395981,273.97195
move,-3.4732037,274.7909
move,-2.5450506,275.8901
move,-1.8432364,276.89038
move,-1.1096666,278.10077
move,-0.5215052,279.41357
move,-0.08374766,280.7852
move,0.26762173,282.16876
move,0.5211749,283.58566
move,0.63584185,285.03284
move,0.70770943,286.4831
move,0.74864334,287.8982
move,0.7821826,289.33774
move,0.8109242,290.5716
move,0.8411031,291.9749
move,0.8130019,293.39023
move,0.7570709,294.8169
move,0.70038986,296.02554
move,0.6335583,297.45172
move,0.5678974,298.8296
move,0.48345375,300.26694
move,0.39364842,301.71637
move,0.30761382,303.10535
move,0.21938887,304.53064
move,0.13114469,305.95593
move,0.04440073,307.35706
move,-0.03189493,308.58905
move,-0.12088605,310.02643
move,-0.20245035,311.34286
move,-0.28730622,312.6956
move,-0.38023317,314.02338
move,-0.4755719,315.38733
move,-0.5685116,316.73935
move,-0.621121,318.1176
move,-0.65102786,319.4967
move,-0.682403,320.85153
move,-0.7151077,322.25473
move,-0.7445503,323.56122
move,-0.7624848,324.94064
move,-0.7746915,326.19916
move,-0.8907837,327.49878
move,-1.2416451,328.71887
move,-1.6931015,329.95804
move,-2.218737,331.07343
move,-2.8966322,332.14713
move,-3.724153,333.14108
move,-4.695836,333.95837
move,-5.732363,334.69296
move,-6.756013,335.4447
move,-7.553197,336.42606
move,-8.157147,337.5978
move,-8.591736,338.80273
move,-8.841609,340.03558
move,-9.064773,341.38452
move,-9.24078,342.63046
move,-9.379704,343.90558
move,-9.508126,345.1452
move,-9.606358,346.42386
move,-9.665551,347.68076
move,-9.728469,348.9861
move,-9.752078,350.24417
move,-9.768431,351.5994
move,-9.786295,352.88187
move,-9.8164835,354.164
move,-9.857325,355.50635
move,-9.897602,356.83658
move,-9.9320345,358.1429
move,-9.958271,359.47366
move,-9.982321,360.78024
move,-10.003589,362.12296
move,-10.013853,363.22412
cluster,4335
move,10,-355.49997
move,9.948486,-354.65417
move,9.871176,-353.39084
move,9.788803,-352.128
move,9.69823,-350.84418
move,9.639498,-349.56927
move,9.6139555,-348.31467
move,9.608709,-347.07056
move,9.599217,-345.78357
move,9.552271,-344.71222
move,9.438704,-343.47348
move,9.276555,-342.24005
move,9.044569,-341.0289
move,8.692757,-339.8476
move,8.187868,-338.72348
move,7.5243564,-337.6977
move,6.7706923,-336.80496
move,5.917622,-335.97507
move,5.0373025,-335.17365
move,4.1878896,-334.38617
move,3.3638692,-333.58743
move,2.5358374,-332.71777
move,1.8450632,-331.80212
move,1.2572292,-330.84198
move,0.7174291,-329.82935
move,0.22061667,-328.7951
move,-0.17430341,-327.74133
move,-0.39727888,-326.6285
move,-0.43175948,-325.4821
move,-0.39146507,-324.3353
move,-0.34762192,-323.18863
move,-0.30623785,-322.05252
move,-0.26716053,-320.91635
move,-0.22780713,-319.76944
move,-0.18738908,-318.5582
move,-0.16985217,-317.33563
move,-0.16247393,-316.1236
move,-0.15518363,-314.91156
move,-0.14827351,-313.76392
move,-0.14146662,-312.64853
move,-0.13437518,-311.49023
move,-0.13224986,-310.37485
move,-0.14133914,-309.2058
move,-0.1542548,-308.05823
move,-0.16885169,-306.8035
move,-0.18167233,-305.6989
move,-0.19444181,-304.60504
move,-0.20765594,-303.47903
move,-0.22056481,-302.37442
move,-0.23453647,-301.15015
move,-0.24792767,-299.76404
move,-0.26085344,-298.36472
move,-0.27425274,-296.91263
move,-0.28813604,-295.4077
move,-0.30139098,-293.9688
move,-0.31585765,-292.39792
move,-0.32994148,-291.06464
move,-0.35149905,-289.4675
move,-0.3875617,-288.148
move,-0.4477028,-286.78976
move,-0.5189732,-285.4584
move,-0.6108013,-283.9564
move,-0.76769644,-282.4736
move,-1.0828661,-280.9892
move,-1.5570834,-279.54813
move,-2.2049203,-278.19128
move,-3.0767922,-276.95172
move,-4.1514535,-275.89996
move,-5.289845,-274.93625
move,-6.467768,-273.91754
move,-7.3828373,-272.8616
move,-8.126293,-271.64648
move,-8.657033,-270.42487
move,-9.037876,-269.10663
move,-9.347422,-267.62076
move,-9.611399,-266.12592
move,-9.865798,-264.6829
move,-10.131256,-263.2017
move,-10.440713,-261.74292
move,-10.862383,-260.34027
move,-11.396677,-258.97635
move,-12.066665,-257.67422
move,-12.848603,-256.46722
move,-13.742564,-255.3234
move,-14.730961,-254.26062
move,-15.818131,-253.31918
move,-17.016893,-252.47772
move,-18.27076,-251.74619
move,-19.605131,-251.11086
move,-20.9692,-250.61513
move,-22.387075,-250.2478
move,-23.828413,-249.9854
move,-25.255451,-249.80316
move,-26.691435,-249.7193
move,-28.116913,-249.71806
move,-29.568592,-249.74858
move,-30.927885,-249.77768
move,-32.353153,-249.80814
move,-33.778408,-249.83853
move,-35.19047,-249.86862
move,-36.576134,-249.89822
move,-38.040985,-249.92949
move,-39.439835,-249.96019
move,-40.825493,-249.99144
move,-42.25083,-250.01816
move,-43.66319,-250.01685
move,-45.06204,-249.98817
move,-46.470657,-249.88971
move,-47.9233,-249.69948
move,-49.308006,-249.42308
move,-50.625225,-248.9578
move,-51.83866,-248.23825
move,-52.946484,-247.34288
move,-53.92044,-246.37575
move,-54.871334,-245.33136
move,-55.834873,-244.28076
move,-56.92218,-243.3622
move,-58.137573,-242.64429
move,-59.32486,-242.0709
move,-60.53975,-241.62534
move,-61.793613,-241.25746
move,-63.066437,-240.9119
move,-64.33991,-240.56873
move,-65.61327,-240.22519
move,-66.893,-239.85957
move,-68.104095,-239.47603
move,-69.40047,-238.97055
move,-70.64456,-238.43349
move,-71.83759,-237.74673
move,-72.778404,-236.82452
move,-73.67322,-235.8229
move,-74.5757,-234.8119
move,-75.48345,-233.80566
move,-76.47204,-232.86218
move,-77.56159,-232.07925
move,-78.81127,-231.44205
move,-79.999756,-230.96028
move,-81.19269,-230.56041
move,-82.43092,-230.22626
move,-83.62774,-229.92494
move,-84.97078,-229.61035
move,-86.34297,-229.31528
move,-87.734344,-229.0548
move,-89.11241,-228.86253
move,-90.49749,-228.73056
move,-91.77958,-228.70096
move,-93.1346,-228.72076
move,-94.40441,-228.76292
move,-95.80714,-228.81241
move,-97.17358,-228.86206
move,-98.56411,-228.91391
move,-99.95459,-228.96718
move,-101.34455,-229.03242
move,-102.73357,-229.11559
move,-104.10962,-229.21138
move,-105.52138,-229.31725
move,-106.92031,-229.43202
move,-108.319,-229.54915
move,-109.76572,-229.67276
move,-111.12934,-229.77167
move,-112.51973,-229.82654
move,-113.91085,-229.85867
move,-115.31433,-229.85027
move,-116.72731,-229.76605
move,-118.11404,-229.55495
move,-119.48665,-229.16545
move,-120.7661,-228.59102
move,-121.95602,-227.8707
move,-123.05903,-227.02367
move,-124.07338,-226.03703
move,-124.96898,-225.03648
move,-125.785164,-223.98537
move,-126.554985,-222.88492
move,-127.234024,-221.79709
move,-127.88044,-220.55177
move,-128.44365,-219.24031
move,-128.86354,-217.86351
move,-129.20473,-216.47725
move,-129.46524,-215.04897
move,-129.69609,-213.63997
move,-129.88664,-212.21283
move,-130.0627,-210.67412
move,-130.18513,-209.2394
move,-130.28082,-208.02104
move,-130.38705,-206.57295
move,-130.47726,-205.3178
move,-130.55048,-204.08578
move,-130.63348,-202.68463
move,-130.70572,-201.46466
move,-130.79086,-200.02728
move,-130.87737,-198.56573
move,-130.94954,-197.34576
move,-131.01251,-196.11317
move,-131.05006,-194.8916
move,-131.08769,-193.6579
move,-131.11734,-192.41197
move,-131.13892,-191.17796
move,-131.12233,-189.77455
move,-131.07314,-188.49294
move,-131.0237,-187.24771
move,-130.97466,-186.01456
move,-130.91754,-184.5759
move,-130.86255,-183.11285
move,-130.81999,-181.87932
move,-130.76453,-180.2709
move,-130.7213,-179.00111
move,-130.68256,-177.54964
move,-130.65433,-176.12212
move,-130.64676,-174.9122
move,-130.69266,-173.47313
move,-130.73572,-172.26395
move,-130.78067,-171.0185
move,-130.82402,-169.78499
move,-130.86792,-168.53938
move,-130.88283,-167.07541
move,-130.8843,-165.82901
move,-130.88698,-164.36479
move,-130.89467,-163.10652
move,-130.90268,-161.76355
move,-130.90999,-160.54156
move,-130.91223,-159.30733
move,-130.9093,-157.85521
move,-130.90933,-156.63301
move,-130.91109,-155.1809
move,-130.90967,-153.9466
move,-130.91985,-152.73668
move,-130.93195,-151.46631
move,-130.92392,-150.24423
move,-130.9065,-148.97382
move,-130.91219,-147.54602
move,-130.95288,-146.3126
move,-131.03511,-145.06909
move,-131.16199,-143.85365
move,-131.3594,-142.42738
move,-131.60951,-141.04643
move,-131.97186,-139.62834
move,-132.51552,-138.31079
move,-133.30606,-137.10904
move,-134.27538,-136.04639
move,-135.34624,-135.12082
move,-136.29305,-134.32909
move,-137.18462,-133.49391
move,-138.11302,-132.34805
move,-138.7906,-131.24559
move,-139.35265,-130.09325
move,-139.83354,-128.71172
move,-140.1141,-127.32484
move,-140.24173,-126.08534
move,-140.32195,-124.67203
move,-140.34607,-123.401794
move,-140.34366,-121.949814
move,-140.32697,-120.679405
move,-140.29503,-118.58629
move,-140.27528,-117.29171
move,-140.25645,-116.05764
move,-140.23766,-114.82359
move,-140.2181,-113.541145
move,-140.19943,-112.31919
move,-140.17947,-111.01255
move,-140.15933,-109.69381
move,-140.13995,-108.423454
move,-140.12117,-107.1894
move,-140.10202,-105.93114
move,-140.0859,-104.636566
move,-140.06923,-103.30567
move,-140.05263,-101.986885
move,-140.03667,-100.631775
move,-140.02344,-99.34921
move,-140.0076,-97.87311
move,-139.99449,-96.65111
move,-139.98141,-95.40489
move,-139.95755,-93.916794
move,-139.93271,-92.52551
move,-139.90796,-91.08582
move,-139.90181,-89.730644
move,-139.89638,-88.36336
move,-139.90588,-86.92359
move,-139.935,-85.50823
move,-139.96393,-84.10496
move,-139.97928,-82.72566
move,-139.98816,-81.467285
move,-139.99713,-80.20891
move,-140.00633,-78.91423
move,-140.01523,-77.65585
move,-140.0256,-76.19178
move,-140.0349,-74.87291
move,-140.04356,-73.65083
move,-140.05247,-72.39246
move,-140.0625,-70.97681
move,-140.07257,-69.56116
move,-140.08267,-68.1334
move,-140.09291,-66.69355
move,-140.10147,-65.48357
move,-140.1105,-64.2131
move,-140.11946,-62.94261
move,-140.12854,-61.67213
move,-140.13515,-60.40165
move,-140.14001,-59.131165
move,-140.14499,-57.836483
move,-140.14981,-56.5781
move,-140.15437,-55.283417
move,-140.16013,-53.831432
move,-140.16525,-52.548847
move,-140.172,-51.145264
move,-140.1709,-49.777977
move,-140.13922,-48.411087
move,-140.08517,-47.03275
move,-140.01454,-45.78848
move,-139.92319,-44.569836
move,-139.78613,-43.343327
move,-139.58669,-41.941776
move,-139.36223,-40.740654
move,-139.06007,-39.569233
move,-138.58952,-38.157555
move,-137.92569,-36.900547
move,-137.08665,-35.98097
move,-136.0702,-35.242832
move,-134.99304,-34.665936
move,-133.7035,-34.025417
move,-132.62827,-33.420998
move,-131.70747,-32.624912
move,-131.01695,-31.57531
move,-130.50777,-30.438272
move,-130.124,-29.265808
move,-129.81264,-28.084173
move,-129.56113,-26.80204
move,-129.41164,-25.577126
move,-129.32979,-24.333559
move,-129.26575,-23.016222
move,-129.2108,-21.577389
move,-129.18727,-20.14983
move,-129.18422,-18.68572
move,-129.1846,-17.29422
move,-129.19049,-16.084234
move,-129.19754,-14.692758
move,-129.20781,-13.240794
move,-129.22035,-11.788852
move,-129.24704,-10.397612
move,-129.27724,-8.982237
move,-129.33746,-7.5799694
move,-129.40787,-6.226599
move,-129.49063,-4.825479
move,-129.64337,-3.4548736
move,-129.90082,-2.0877092
move,-130.21515,-0.84437484
move,-130.6194,0.42340094
move,-131.17198,1.6190678
move,-131.93164,2.6496298
move,-133.02611,3.5604727
move,-134.24596,4.2278275
move,-135.52332,4.809571
move,-136.69781,5.568432
move,-137.57263,6.661947
move,-138.24782,7.863394
move,-138.74367,9.18842
move,-139.10617,10.543813
move,-139.336,11.915973
move,-139.54646,13.291463
move,-139.74808,14.790424
move,-139.90007,16.124838
move,-139.99911,17.549107
move,-140.08026,18.938236
move,-140.16226,20.33944
move,-140.24274,21.716484
move,-140.32254,23.081446
move,-140.40234,24.446405
move,-140.48235,25.823488
move,-140.5615,27.200605
move,-140.64066,28.577723
move,-140.71815,29.967058
move,-140.7655,31.260893
move,-140.80965,32.639584
move,-140.84814,33.885296
move,-140.9028,35.227276
move,-140.9584,36.48445
move,-141.01685,37.838394
move,-141.06813,39.216858
move,-141.11813,40.57116
move,-141.16771,41.949688
move,-141.1985,43.340836
move,-141.2235,44.671604
move,-141.24986,46.074955
move,-141.2755,47.442017
move,-141.27719,48.80903
move,-141.18802,50.185497
move,-141.09032,51.573566
move,-140.98987,52.96144
move,-140.89062,54.337265
move,-140.79701,55.7256
move,-140.74603,57.07983
move,-140.69894,58.482655
move,-140.65233,59.873394
move,-140.60838,61.252106
move,-140.57405,62.64317
move,-140.5444,63.99803
move,-140.52104,65.38929
move,-140.49763,66.78054
move,-140.47446,68.1597
move,-140.45131,69.53886
move,-140.43127,70.93019
move,-140.41705,72.29743
move,-140.40523,73.64051
move,-140.39433,74.874695
move,-140.38194,76.278275
move,-140.372,77.63345
move,-140.36357,79.03703
move,-140.37015,80.46481
move,-140.36638,81.85629
move,-140.34523,83.247604
move,-140.27896,84.589035
move,-140.16853,85.98825
move,-140.00041,87.33284
move,-139.698,88.776566
move,-139.22414,90.08391
move,-138.60158,91.31396
move,-137.8153,92.3689
move,-136.91602,93.17636
move,-135.80128,93.92454
move,-134.64459,94.65342
move,-133.4911,95.452576
move,-132.46486,96.40599
move,-131.66692,97.52947
move,-131.02895,98.76482
move,-130.5588,100.08632
move,-130.21495,101.409485
move,-129.91942,102.76918
move,-129.67908,104.13964
move,-129.50278,105.495346
move,-129.39256,107.07644
move,-129.3516,108.47944
move,-129.31891,109.8948
move,-129.29121,111.27395
move,-129.31891,109.8948
move,-129.27473,112.65323
move,-129.3005,113.99606
move,-129.34355,115.423164
move,-129.414,116.76442
move,-129.49142,118.14168
move,-129.56682,119.48266
move,-129.64717,120.88399
move,-129.74599,122.22346
move,-129.84938,123.562584
move,-129.94214,124.914604
move,-130.04141,126.26615
move,-130.19325,127.61256
move,-130.46596,128.9391
move,-130.92581,130.17392
move,-131.50763,131.38431
move,-132.10649,132.60002
move,-132.71855,133.84966
move,-133.22456,135.13167
move,-133.47383,136.42381
move,-133.32095,137.70215
move,-132.68002,138.80223
move,-131.6135,139.50407
move,-130.36543,139.72769
move,-129.12082,139.78972
move,-127.754456,139.84052
move,-126.46437,139.94826
move,-125.18418,140.02179
move,-123.91495,140.0773
move,-122.63394,140.14119
move,-121.31668,140.20695
move,-120.0357,140.27151
move,-118.74183,140.31802
move,-117.472115,140.36243
move,-116.166115,140.40808
move,-114.83593,140.45451
move,-113.554245,140.50304
move,-112.24784,140.53203
move,-110.94106,140.53586
move,-109.6101,140.53499
move,-108.30427,140.48557
move,-106.998955,140.42207
move,-105.65764,140.35268
move,-104.356705,140.23016
move,-103.03525,140.0709
move,-101.7358,139.93277
move,-100.3975,139.82097
move,-99.06916,139.73615
move,-97.70401,139.6598
move,-96.35078,139.71603
move,-95.02683,139.85258
move,-93.67242,140.03824
move,-92.35454,140.29697
move,-91.02642,140.6211
move,-89.75185,141.0041
move,-88.49651,141.51163
move,-87.391174,142.24799
move,-86.42532,143.1968
move,-85.61384,144.2657
move,-84.983864,145.46338
move,-84.42648,146.69862
move,-83.77788,147.76033
move,-82.91283,148.67102
move,-81.853546,149.36877
move,-80.66314,149.87521
move,-79.26122,150.29608
move,-78.036575,150.58499
move,-76.667854,150.83376
move,-75.318375,150.95595
move,-74.08534,151.00455
move,-72.7061,150.9878
move,-71.46013,150.95926
move,-70.09318,150.92795
move,-68.738785,150.88168
move,-67.38551,150.81027
move,-66.00889,150.72285
move,-64.619385,150.64957
move,-63.27756,150.68686
move,-61.893948,150.91467
move,-60.620434,151.29877
move,-59.393677,151.87216
move,-58.253002,152.53378
move,-57.160652,153.31403
move,-56.156647,154.20543
move,-55.263756,155.1589
move,-54.40753,156.19356
move,-53.578823,157.2351
move,-52.66154,158.17854
move,-51.566082,158.88863
move,-50.34285,159.43695
move,-49.0715,159.73465
move,-47.751934,159.90704
move,-46.43643,160.00018
move,-45.118546,160.05116
move,-43.69093,160.06355
move,-42.373405,160.0058
move,-41.06833,159.93883
move,-39.714893,159.86978
move,-38.396973,159.81947
move,-37.07925,159.7645
move,-35.73872,159.68166
move,-34.338142,159.58943
move,-32.99734,159.51169
move,-31.64241,159.48967
move,-30.299545,159.51234
move,-28.897587,159.57896
move,-27.5611,159.71024
move,-26.247164,159.92198
move,-24.94268,160.18556
move,-23.63029,160.47107
move,-22.260365,160.77647
move,-21.016962,161.13573
move,-19.750916,161.58394
move,-18.531633,162.05386
move,-17.274546,162.64864
move,-16.051104,163.40706
move,-14.865151,164.28546
move,-13.934846,165.11407
move,-13.057509,166.11336
move,-12.344611,167.20761
move,-11.740687,168.33897
move,-11.178316,169.53185
move,-10.706349,170.6721
move,-10.285265,171.89618
move,-9.95033,173.1839
move,-9.698227,174.50298
move,-9.51107,175.85736
move,-9.342147,177.17757
move,-9.1153,178.50119
move,-8.800595,179.81908
move,-8.351926,181.09695
move,-7.7470427,182.2812
move,-6.9104667,183.37643
move,-5.9686275,184.2805
move,-4.865257,185.06668
move,-3.7508676,185.81624
move,-2.6960485,186.64633
move,-1.7554651,187.62074
move,-0.9981532,188.72713
move,-0.46023414,189.94356
move,-0.06961358,191.24025
move,0.14715825,192.55283
move,0.23178501,193.88069
move,0.19964065,195.19885
move,0.07990858,196.52438
move,-0.053941425,197.84859
move,-0.19191101,199.18456
move,-0.3116328,200.51013
move,-0.4192804,201.84889
move,-0.5153352,203.16426
move,-0.6098336,204.51617
move,-0.69389445,205.84451
move,-0.7187022,207.17508
move,-0.5908425,208.49863
move,-0.31213924,209.81248
move,-0.03295108,211.11388
move,0.20767763,212.42294
move,0.48132616,213.73772
move,0.78946745,215.02016
move,1.0206811,216.3656
move,0.9088276,217.76028
move,0.49897155,219.08861
move,-0.0021461025,220.22926
move,-0.62612367,221.36313
move,-1.3729438,222.46432
move,-2.2466085,223.43324
move,-3.2969747,224.2081
move,-4.414382,224.83734
move,-5.5512757,225.4813
move,-6.6628385,226.29524
move,-7.580834,227.3371
move,-8.243456,228.40611
move,-8.772967,229.53366
move,-9.212031,230.72554
move,-9.545915,231.9133
move,-9.77625,233.16235
move,-9.91222,234.42528
move,-9.954148,235.73112
move,-9.958397,237.03804
move,-9.9396105,238.29628
move,-9.936457,239.59093
move,-9.952991,240.8492
move,-9.976611,242.13148
move,-10.004866,243.43796
move,-10.036055,244.72015
move,-10.059045,246.0147
move,-10.083417,247.29698
move,-10.113121,248.55504
move,-10.148693,249.83722
move,-10.186043,251.09512
move,-10.223015,252.34096
move,-10.252822,253.57483
move,-10.27122,254.82097
move,-10.292499,256.26065
move,-10.311135,257.51883
move,-10.329648,258.76486
move,-10.347892,259.9988
move,-10.36241,261.26917
move,-10.365528,262.47916
move,-10.355105,263.71332
move,-10.335867,265.1288
move,-10.31807,266.44766
move,-10.301084,267.70596
move,-10.282047,269.0489
move,-10.260586,270.35538
move,-10.230601,271.71027
move,-10.2008,272.95627
move,-10.174261,274.21436
move,-10.134519,275.5689
move,-10.054398,276.8731
move,-9.894988,278.1328
move,-9.536297,279.41263
move,-8.884675,280.62558
move,-8.086539,281.5813
move,-7.110975,282.39218
move,-5.998708,283.077
move,-4.884334,283.66147
move,-3.7135634,284.2687
move,-2.5895386,284.91037
move,-1.6090642,285.73337
move,-0.80742943,286.73187
move,-0.20601808,287.8769
move,0.19189061,289.13223
move,0.38623604,290.38675
move,0.4638833,291.66684
move,0.49536514,292.98535
move,0.51681566,294.2797
move,0.52267563,295.5745
move,0.4971475,296.95364
move,0.44019967,298.39236
move,0.36821502,299.67294
move,0.2935397,300.94125
move,0.21696141,302.24576
move,0.1375517,303.5259
move,0.06369524,304.80637
move,-0.008495257,306.0749
move,-0.07303901,307.35577
move,-0.13630258,308.64886
move,-0.1995258,309.94196
move,-0.26231802,311.22296
move,-0.32558218,312.51605
move,-0.38889435,313.80914
move,-0.4489297,315.05402
move,-0.4982111,316.33563
move,-0.5291904,317.6662
move,-0.54161435,318.94888
move,-0.53762794,320.2194
move,-0.51836497,321.51398
move,-0.5068861,322.7483
move,-0.48991746,323.97025
move,-0.46633983,325.22836
move,-0.46797812,326.47464
move,-0.5171342,327.71994
move,-0.6403176,329.04492
move,-0.87166905,330.29376
move,-1.2332499,331.57422
move,-1.7472703,332.70706
move,-2.5968227,333.74222
move,-3.5825675,334.52243
move,-4.672666,335.1737
move,-5.778807,335.721
move,-6.899418,336.3185
move,-7.9017534,337.0945
move,-8.67587,338.0976
move,-9.198284,339.24057
move,-9.579389,340.47754
move,-9.849632,341.74344
move,-10.048468,343.0103
move,-10.186106,344.29752
move,-10.289629,345.6245
move,-10.373807,346.89215
move,-10.461441,348.2203
move,-10.522086,349.54984
move,-10.550012,350.8804
move,-10.574312,352.25943
move,-10.594515,353.5659
move,-10.61522,354.93283
move,-10.635683,356.27557
move,-10.655372,357.65472
move,-10.671388,358.98578
move,-10.687303,360.38947
move,-10.696621,361.7084
move,-10.663553,363.0631
cluster,2267
move,9.998074,-355.0388
move,10.032911,-353.75244
move,10.117851,-352.51123
move,10.1953535,-351.38776
move,10.265552,-350.10272
move,10.268946,-348.82678
move,10.215317,-347.56247
move,10.135971,-346.28873
move,10.025746,-345.20035
move,9.839374,-343.94885
move,9.568742,-342.7789
move,9.214307,-341.6427
move,8.757424,-340.53235
move,8.232807,-339.52722
move,7.6022635,-338.50516
move,6.8816094,-337.55896
move,6.044389,-336.69806
move,5.184005,-335.90674
move,4.283026,-335.11224
move,3.42873,-334.299
move,2.6805873,-333.41644
move,2.0773838,-332.3923
move,1.6364461,-331.25266
move,1.3053051,-330.03143
move,0.99871707,-328.79254
move,0.7476857,-327.63992
move,0.5558105,-326.3675
move,0.45798746,-325.28873
move,0.3638521,-324.01596
move,0.3061748,-322.80548
move,0.27100995,-321.59406
move,0.23880516,-320.3503
move,0.2091905,-319.0851
move,0.17606899,-317.7985
move,0.14419517,-316.544
move,0.106283024,-315.26837
move,0.0661903,-313.98196
move,0.025692103,-312.69556
move,-0.0035770545,-311.60187
move,-0.039455336,-310.36893
move,-0.09909609,-309.08328
move,-0.18573931,-307.83142
move,-0.30017817,-306.59256
move,-0.43378824,-305.34488
move,-0.5841582,-304.1315
move,-0.74992144,-302.86612
move,-0.9849897,-301.47202
move,-1.2981099,-299.97324
move,-1.6884905,-298.493
move,-2.190862,-297.2747
move,-3.1172047,-296.02798
move,-4.273752,-294.9867
move,-5.5567346,-294.10452
move,-6.895091,-293.25748
move,-8.030317,-292.2198
move,-8.81855,-290.88092
move,-9.30566,-289.3898
move,-9.631637,-287.88055
move,-9.760567,-286.34296
move,-9.77959,-284.8118
move,-9.803932,-283.29407
move,-9.6979685,-281.79385
move,-9.441428,-280.325
move,-8.965362,-278.88718
move,-8.162042,-277.61807
move,-7.1304636,-276.52612
move,-5.8858533,-275.6825
move,-4.5592437,-274.97256
move,-3.1848867,-274.21317
move,-1.9207183,-273.2409
move,-1.0443703,-272.20593
move,-0.3265712,-270.82486
move,0.17300421,-269.58923
move,0.53201276,-268.27905
move,0.6978579,-266.95755
move,0.69557893,-265.61163
move,0.5975418,-264.0043
move,0.4628838,-262.42615
move,0.3124048,-260.83603
move,0.19122596,-259.5084
move,0.06554381,-257.92957
move,0.04823222,-256.39932
move,0.13641189,-254.87073
move,0.2467873,-253.37218
move,0.40620548,-251.98984
move,0.6707811,-250.59966
move,1.1421133,-249.25314
move,1.7873385,-247.99396
move,2.6527061,-246.86372
move,3.814299,-246.02077
move,5.060277,-245.40152
move,6.329237,-244.7741
move,7.524337,-244.0397
move,8.562604,-243.08275
move,9.334165,-241.89867
move,9.849026,-240.58208
move,10.169533,-239.19109
move,10.377701,-237.82788
move,10.47665,-236.42813
move,10.486492,-235.01263
move,10.441837,-233.62193
move,10.387135,-232.23143
move,10.331977,-230.82884
move,10.276295,-229.41415
move,10.219763,-227.99962
move,10.159428,-226.54892
move,10.105316,-225.15852
move,10.065762,-223.71918
move,10.037975,-222.3159
move,10.013918,-221.0941
move,9.989862,-219.8723
move,9.964854,-218.60211
move,9.940318,-217.35614
move,9.911492,-215.89243
move,9.887194,-214.65854
move,9.862662,-213.41255
move,9.837891,-212.15443
move,9.812878,-210.88426
move,9.788343,-209.63828
move,9.763807,-208.39229
move,9.763191,-208.36105
move,9.774226,-207.77405
move,9.720798,-206.79417
move,9.532424,-205.83136
move,9.129403,-204.93066
move,8.378666,-204.29335
move,7.4816275,-203.874
move,6.526347,-203.57721
move,5.5414066,-203.40137
move,4.552425,-203.3401
move,3.5523925,-203.3778
move,2.585268,-203.47559
move,1.601299,-203.59653
move,0.62104553,-203.74405
move,-0.3553541,-203.91573
move,-1.3424982,-204.08168
move,-2.3414235,-204.23483
move,-3.325048,-204.35843
move,-4.299629,-204.47685
move,-5.3111796,-204.60956
move,-6.290762,-204.76193
move,-7.3636303,-204.94043
move,-8.339859,-205.11307
move,-9.467035,-205.31645
move,-10.432388,-205.49513
move,-11.386765,-205.68001
move,-12.366096,-205.88716
move,-13.353027,-206.10472
move,-14.357246,-206.33318
move,-15.332694,-206.59691
move,-16.283895,-206.87628
move,-17.30039,-207.17238
move,-18.246162,-207.43568
move,-19.242472,-207.69643
move,-20.233818,-207.93752
move,-21.227844,-208.16733
move,-22.233858,-208.3877
move,-23.245033,-208.58272
move,-24.242296,-208.74652
move,-25.288479,-208.9091
move,-26.297829,-209.05786
move,-27.316492,-209.20941
move,-28.362652,-209.37218
move,-29.369492,-209.53708
move,-30.396389,-209.69832
move,-31.426008,-209.84131
move,-32.457657,-209.96883
move,-33.442986,-210.07814
move,-34.45511,-210.2063
move,-35.443954,-210.36162
move,-36.44894,-210.53735
move,-37.435608,-210.7061
move,-38.414047,-210.86574
move,-39.67053,-211.05386
move,-40.89354,-211.21957
move,-42.357113,-211.41223
move,-43.59381,-211.56625
move,-45.018444,-211.65987
move,-46.227245,-211.7134
move,-47.654346,-211.75719
move,-49.069836,-211.78163
move,-50.497433,-211.80551
move,-51.888184,-211.85039
move,-53.109005,-211.90591
move,-54.535313,-211.97066
move,-55.84075,-212.02994
move,-57.254974,-212.09415
move,-58.645023,-212.15727
move,-60.022984,-212.21985
move,-61.014984,-212.2649
move,-61.48057,-212.34149
move,-62.80369,-212.72766
move,-64.12289,-213.20644
move,-65.40963,-213.8487
move,-66.554634,-214.63907
move,-67.661125,-215.39992
move,-68.95799,-215.95781
move,-70.34756,-216.20872
move,-71.762276,-216.20543
move,-73.13377,-216.07545
move,-74.421936,-215.53659
move,-75.512184,-214.60611
move,-76.13678,-213.3255
move,-76.49007,-211.9464
move,-76.43532,-210.74188
move,-75.94922,-209.45288
move,-75.42622,-208.12448
move,-74.926155,-206.80003
move,-74.49439,-205.65643
move,-74.98294,-204.83484
move,-75.73446,-203.64941
move,-76.372116,-202.64224
quest
move,-73.18264,-205.37149
move,-72.12067,-205.18643
move,-71.1072,-204.95554
move,-70.07653,-204.7626
move,-68.9252,-204.67392
move,-67.82843,-204.67789
move,-66.76636,-204.78986
move,-65.65007,-204.99716
move,-64.56085,-205.31767
move,-63.582363,-205.66835
move,-62.57583,-206.05435
move,-61.637024,-206.40125
move,-60.567245,-206.64119
move,-59.475018,-206.82065
move,-58.372997,-206.99985
move,-57.26944,-207.16936
move,-56.125767,-207.33
move,-55.001785,-207.39316
move,-54.000877,-207.40234
move,-52.838463,-207.33643
move,-51.679638,-207.22049
move,-50.486015,-207.06996
move,-49.456306,-206.92775
move,-48.499485,-206.75627
move,-47.53607,-206.56738
move,-46.543465,-206.3774
move,-45.56941,-206.19287
move,-44.576084,-206.00668
move,-43.579,-205.8422
move,-42.586166,-205.7149
move,-41.58945,-205.62248
move,-40.571095,-205.56157
move,-39.532112,-205.5288
move,-38.46421,-205.49707
move,-37.24237,-205.46082
move,-36.203323,-205.43016
move,-35.096725,-205.4071
move,-34.105595,-205.42514
move,-32.96325,-205.50487
move,-31.881927,-205.68835
move,-30.813011,-205.93605
move,-29.763641,-206.18285
move,-28.694899,-206.43129
move,-27.697674,-206.6468
move,-26.576595,-206.88152
move,-25.567293,-207.08633
move,-24.562983,-207.26529
move,-23.524212,-207.41231
move,-22.359476,-207.56131
move,-21.023504,-207.69925
move,-19.70907,-207.80716
move,-18.367125,-207.85646
move,-17.0121,-207.83827
move,-15.705966,-207.79698
move,-14.339937,-207.73816
move,-13.047697,-207.65878
move,-11.732682,-207.55772
move,-10.429991,-207.45413
move,-9.125688,-207.37491
move,-7.8318377,-207.3281
move,-6.537879,-207.28429
move,-5.0746117,-207.23492
move,-3.7807975,-207.18724
move,-2.511445,-207.13354
move,-1.2415036,-207.09592
move,0.12519167,-207.0553
move,1.3936583,-206.98564
move,2.6699924,-206.85936
move,3.958084,-206.72903
move,5.2252994,-206.63925
move,6.507051,-206.65837
move,7.7570477,-206.92708
move,8.642962,-207.81346
move,8.935016,-209.03171
move,8.956863,-210.31317
move,8.878421,-211.5691
move,8.778558,-212.84781
move,8.720551,-214.1046
move,8.770613,-215.37376
move,8.946847,-216.63141
move,9.276717,-217.89519
move,9.714442,-219.07483
move,10.243042,-220.49174
move,10.577674,-221.66667
move,10.812136,-222.87817
move,10.989102,-224.1239
move,11.035569,-225.58612
move,10.954462,-226.80539
move,10.839512,-228.03421
move,10.667399,-229.28056
move,10.419762,-230.68672
move,10.2027025,-231.98756
move,10.071409,-233.27524
move,10.039996,-234.52103
move,10.069903,-235.75475
move,10.077859,-237.00078
move,9.921668,-238.24792
move,9.579441,-239.43333
move,9.202727,-240.63402
move,8.798586,-241.86371
move,8.200863,-242.94139
move,7.444235,-243.96082
move,6.515834,-244.7877
move,5.43027,-245.44572
move,4.248199,-245.94159
move,3.0374954,-246.3263
move,1.8360654,-246.76509
move,0.9572116,-247.66724
move,0.4269085,-248.83284
move,0.07539479,-250.06598
move,-0.15453485,-251.3273
move,-0.24530639,-252.58202
move,-0.24666156,-253.84026
move,-0.16080752,-255.0956
move,-0.049360193,-256.37335
move,0.06786947,-257.6264
move,0.12200288,-258.883
move,0.120124936,-260.16556
move,0.10668625,-261.4723
move,0.07040214,-262.7787
move,0.0025979253,-264.12
move,-0.10332269,-265.41016
move,-0.2674896,-266.73108
move,-0.48210242,-268.08136
move,-0.85234094,-269.33386
move,-1.3872842,-270.63098
move,-2.12164,-271.91013
move,-2.9542136,-272.94687
move,-3.9222453,-273.82166
move,-5.0485425,-274.43024
move,-6.256697,-274.89514
move,-7.4732795,-275.33804
move,-8.658364,-275.88525
move,-9.735962,-276.64365
move,-10.693408,-277.79315
move,-11.172361,-278.9795
move,-11.300709,-280.25198
move,-11.153483,-281.52414
move,-10.827341,-282.75174
move,-10.463307,-283.9815
move,-10.08661,-285.22012
move,-9.747015,-286.43176
move,-9.415311,-287.6831
move,-9.074774,-288.95724
move,-8.635525,-290.17432
move,-8.044907,-291.39352
move,-7.3471518,-292.49762
move,-6.468379,-293.57538
move,-5.520735,-294.4196
move,-4.4495554,-295.12424
move,-3.3665614,-295.78854
move,-2.360538,-296.55948
move,-1.5585811,-297.49655
move,-0.870029,-298.54855
move,-0.34655532,-299.69168
move,-0.012274437,-300.90347
move,0.19157879,-302.1695
move,0.31734,-303.38504
move,0.41730863,-304.66373
move,0.4723154,-305.92096
move,0.49596697,-307.38483
move,0.50647753,-308.6554
move,0.48960763,-309.9259
move,0.4855126,-311.18433
move,0.48773715,-312.5274
move,0.5034243,-313.8341
move,0.5438185,-315.2128
move,0.585756,-316.57935
move,0.6311035,-317.82477
move,0.6828424,-319.14252
move,0.73564416,-320.48444
move,0.74481946,-321.73035
move,0.653024,-322.9972
move,0.47338325,-324.25482
move,0.2776682,-325.5346
move,0.17007731,-326.8602
move,0.2599257,-328.0899
move,0.5083316,-329.37192
move,0.96074957,-330.5695
move,1.6159376,-331.62747
move,2.4413042,-332.54352
move,3.4477656,-333.37564
move,4.6607685,-334.15012
move,5.7270164,-334.74738
move,6.8266716,-335.4063
move,7.7609777,-336.21002
move,8.554907,-337.18448
move,9.159353,-338.28696
move,9.63647,-339.50302
move,9.990316,-340.6978
move,10.284623,-341.93365
move,10.519622,-343.15747
move,10.712878,-344.41315
move,10.841321,-345.67682
move,10.861717,-346.93463
move,10.817429,-348.21646
move,10.757364,-349.52185
move,10.695007,-350.82718
move,10.632966,-352.07202
move,10.5572405,-353.44937
move,10.463447,-354.83768
move,10.37235,-356.15344
move,10.281971,-357.48138
move,10.193166,-358.86996
move,10.10626,-360.22238
move,10.021058,-361.58704
move,9.942401,-362.95206
move,9.92932,-363.20578
cluster,4292
move,-10.000001,355.49997
move,-9.9688225,355.01257
move,-9.87306,353.52408
move,-9.774831,351.99603
move,-9.682953,350.5073
move,-9.601395,349.04428
move,-9.5192585,347.50208
move,-9.4493685,346.05173
move,-9.367558,344.58878
move,-9.28519,343.07297
move,-9.142057,341.61545
move,-8.867955,340.0555
move,-8.526887,338.7266
move,-7.998355,337.49057
move,-7.2017536,336.39218
move,-6.1898084,335.42795
move,-4.88809,334.60318
move,-3.6484692,334.04495
move,-2.4053838,333.46426
move,-1.3741591,332.47946
move,-0.7478745,331.24664
move,-0.36992058,329.86005
move,-0.19651532,328.39255
move,-0.11306496,326.9297
move,-0.044448875,325.43973
move,-0.031151716,323.97458
move,-0.028936826,322.50934
move,-0.06509476,320.9918
move,-0.10960815,319.46143
move,-0.14880691,318.11575
move,-0.19257425,316.61176
move,-0.23634802,315.10776
move,-0.27184275,313.76187
move,-0.2905809,312.41565
move,-0.29663616,311.08237
move,-0.2827984,309.74908
move,-0.27939993,308.40262
move,-0.28546134,307.0166
move,-0.29064324,305.47214
move,-0.2718,304.126
move,-0.25224233,302.77985
move,-0.23515636,301.42023
move,-0.2482897,300.04758
move,-0.32047844,298.72968
move,-0.4318557,297.3614
move,-0.5555713,295.87476
move,-0.66617006,294.54614
move,-0.78908825,293.15247
move,-0.9665061,291.6982
move,-1.2137321,290.36163
move,-1.5849483,289.0271
move,-2.1724927,287.78873
move,-2.941255,286.65317
move,-3.9802184,285.5859
move,-5.124577,284.7851
move,-6.430225,284.1505
move,-7.7578626,283.5307
move,-8.782402,282.66684
move,-9.524174,281.48566
move,-9.929326,280.13773
move,-10.089034,278.6419
move,-10.167079,277.28464
move,-10.205948,275.87268
move,-10.228549,274.43402
move,-10.252845,273.06146
move,-10.284452,271.6494
move,-10.323963,270.21115
move,-10.372275,268.8787
move,-10.42305,267.48022
move,-10.474195,266.06854
move,-10.524494,264.68323
move,-10.577141,263.232
move,-10.627386,261.8467
move,-10.677527,260.4615
move,-10.713787,259.03638
move,-10.696493,257.66376
move,-10.676081,256.26486
move,-10.615365,254.84073
move,-10.492202,253.43364
move,-10.362116,252.05371
move,-10.232108,250.66055
move,-10.120891,249.23941
move,-10.0352545,247.82962
move,-9.952878,246.34035
move,-9.906348,244.92874
move,-9.877855,243.4902
move,-9.865814,242.05145
move,-9.86081,240.5862
move,-9.856628,239.12094
move,-9.849246,237.66891
move,-9.838763,236.15105
move,-9.908717,234.7424
move,-10.198307,233.34671
move,-10.323331,231.87671
move,-10.123462,230.46867
move,-9.58055,229.16843
move,-8.787589,227.96976
move,-7.816379,226.874
move,-6.6645064,225.90822
move,-5.395349,225.1264
move,-4.0480924,224.45674
move,-2.7945516,223.7828
move,-1.8010702,222.75305
move,-1.080326,221.37527
move,-0.53415054,219.91731
move,-0.092964575,218.54784
move,0.3535162,217.13849
move,0.7867303,215.65659
move,0.9205007,214.30614
move,0.86250484,212.82927
move,0.7102607,211.37215
move,0.5017733,209.92186
move,0.29403183,208.4848
move,0.11576059,207.03052
move,-0.042777255,205.57385
move,-0.17390522,204.1013
move,-0.28032187,202.58698
move,-0.3542726,201.16333
move,-0.4323028,199.68703
move,-0.5721188,198.2153
move,-0.72923344,196.69215
move,-0.88238275,195.28809
move,-1.0388696,193.80475
move,-1.206763,192.34929
move,-1.4422178,190.87654
move,-1.7968662,189.42847
move,-2.3618312,188.0659
move,-3.3127923,186.96065
move,-4.4864206,186.15063
move,-5.678115,185.50568
move,-6.9033237,184.84659
move,-7.9985733,184.05109
move,-8.899111,183.04259
move,-9.595554,181.86664
move,-10.185724,180.64697
move,-10.661254,179.35281
move,-10.964194,178.02077
move,-11.125276,176.6633
move,-11.21329,175.27464
move,-11.2708645,173.90857
move,-11.334221,172.49428
move,-11.442799,171.19215
move,-11.647986,169.82849
move,-11.957311,168.64714
move,-12.541579,167.42725
move,-13.214263,166.39305
move,-14.0731,165.34543
move,-14.998612,164.3557
move,-16.0116,163.45695
move,-17.125937,162.70915
move,-18.342337,162.11403
move,-19.627937,161.6497
move,-20.91999,161.28378
move,-22.290363,160.98074
move,-23.601665,160.75372
move,-25.007477,160.58769
move,-26.381386,160.46501
move,-27.709288,160.37466
move,-29.111248,160.30731
move,-30.490246,160.27489
move,-31.893728,160.25711
move,-33.27301,160.24046
move,-34.67649,160.22351
move,-36.055824,160.21033
move,-37.435097,160.22026
move,-38.81388,160.2608
move,-40.228455,160.31705
move,-41.570602,160.36696
move,-42.925507,160.39392
move,-44.292763,160.39734
move,-45.6219,160.33492
move,-47.01017,160.131
move,-48.338306,159.86198
move,-49.652836,159.53333
move,-50.929607,159.11778
move,-52.117218,158.54933
move,-53.117184,157.65941
move,-53.889374,156.57762
move,-54.507065,155.38571
move,-55.016636,154.117
move,-55.614113,152.8761
move,-56.41735,151.99318
move,-57.554745,151.28397
move,-58.837734,150.81664
move,-60.19801,150.52629
move,-61.543404,150.36751
move,-62.945965,150.32083
move,-64.349525,150.3314
move,-65.5837,150.34398
move,-67.02358,150.35869
move,-68.30616,150.36964
move,-69.67335,150.35965
move,-71.075226,150.29153
move,-72.43998,150.20805
move,-73.82954,150.13766
move,-75.208275,150.09619
move,-76.61105,150.04967
move,-77.98721,149.95798
move,-79.36878,149.71906
move,-80.67397,149.27568
move,-81.92397,148.6417
move,-82.99394,147.75542
move,-83.85848,146.68353
move,-84.5422,145.48642
move,-85.09544,144.23628
move,-85.69554,142.96875
move,-86.5951,141.96548
move,-87.75306,141.24237
move,-89.03605,140.70726
move,-90.36712,140.40015
move,-91.749405,140.24347
move,-93.114975,140.17813
move,-94.506325,140.15848
move,-95.909904,140.14975
move,-97.31346,140.1566
move,-98.680534,140.18105
move,-100.059814,140.18452
move,-101.4149,140.16292
move,-102.78207,140.14012
move,-104.16111,140.10782
move,-105.50346,140.06296
move,-106.93029,140.01076
move,-108.236176,139.96255
move,-109.54206,139.91432
move,-110.847946,139.86607
move,-112.09331,139.818
move,-113.446625,139.74695
move,-114.78813,139.68188
move,-116.15376,139.61443
move,-117.48288,139.54373
move,-118.81175,139.46837
move,-120.12757,139.37842
move,-121.466515,139.27258
move,-122.793106,139.16446
move,-124.190315,139.03098
move,-125.52384,138.87132
move,-126.859634,138.64398
move,-128.21257,138.31941
move,-129.51128,137.97704
move,-130.83171,137.57857
move,-132.07643,137.07652
move,-133.22807,136.2468
move,-133.86273,134.94907
move,-133.66623,133.57799
move,-132.8744,132.44244
move,-131.86069,131.48947
move,-130.83417,130.48131
move,-130.26556,129.19612
move,-130.04578,127.78673
move,-129.93613,126.33893
move,-129.8896,124.911896
move,-129.8779,123.46005
move,-129.92358,122.04519
move,-130.04381,120.59821
move,-130.1906,119.16593
move,-130.38528,117.702614
move,-130.53993,116.502625
move,-130.64735,115.03087
move,-130.63739,113.59099
move,-130.62665,112.356804
move,-130.63014,111.12264
move,-130.64336,109.888535
move,-130.6115,108.642944
move,-130.46838,107.429474
move,-130.30196,106.18214
move,-130.13887,104.95875
move,-129.97511,103.71105
move,-129.90971,102.479774
move,-129.98026,101.21144
move,-130.11978,99.97328
move,-130.42122,98.727486
move,-130.92473,97.367134
move,-131.5938,96.31909
move,-132.4509,95.39927
move,-133.42749,94.6465
move,-134.50879,94.00356
move,-135.53674,93.45745
move,-136.4092,92.98685
move,-137.22179,92.45429
move,-137.97006,91.819405
move,-138.64746,91.10954
move,-139.24129,90.316216
move,-139.74927,89.4769
move,-140.1002,88.50131
move,-140.2758,87.51638
move,-140.36024,86.3841
move,-140.40288,85.191376
move,-140.42178,84.19057
move,-140.42126,83.20884
move,-140.40634,82.20796
move,-140.3705,81.21727
move,-140.31503,80.2178
move,-140.25975,79.22796
move,-140.20828,78.228294
move,-140.18727,77.25645
move,-140.18552,76.274704
move,-140.17651,75.293015
move,-140.16504,74.30171
move,-140.15663,73.26224
move,-140.14728,72.261284
move,-140.1234,71.10654
move,-140.09947,70.086525
move,-140.07565,69.076126
move,-140.05037,68.065796
move,-140.02385,67.04589
move,-139.99709,66.016365
move,-139.97461,64.99636
move,-139.9894,63.995533
move,-140.02675,62.96634
move,-140.06844,61.91803
move,-140.1053,60.898438
move,-140.13065,59.86889
move,-140.15082,58.829594
move,-140.16037,57.81902
move,-140.18147,56.79899
move,-140.20383,55.76936
move,-140.22386,54.749306
move,-140.24101,53.738815
move,-140.26389,52.699566
move,-140.28947,51.679638
move,-140.31525,50.65009
move,-140.34059,49.639786
move,-140.36693,48.590992
move,-140.39894,47.5616
move,-140.4332,46.541916
move,-140.46562,45.522182
move,-140.49863,44.483208
move,-140.53113,43.463474
move,-140.56425,42.4245
move,-140.59741,41.385525
move,-140.62985,40.36579
move,-140.66231,39.346058
move,-140.69542,38.307083
move,-140.72787,37.28735
move,-140.76004,36.277237
move,-140.79327,35.24789
move,-140.82619,34.208908
move,-140.85793,33.13137
move,-140.88037,32.11137
move,-140.89409,31.02383
move,-140.90616,30.051775
move,-140.9183,29.070097
move,-140.9305,28.088417
move,-140.945,26.914253
move,-140.95706,25.9422
move,-140.96902,24.950891
move,-140.97162,23.959528
move,-140.9702,22.968155
move,-140.94464,21.986874
move,-140.88086,21.007198
move,-140.81548,20.027632
move,-140.74013,19.0295
move,-140.62999,17.78421
move,-140.52501,16.542341
move,-140.40823,15.155744
move,-140.2759,13.867931
move,-140.15073,12.627948
move,-140.0723,11.34795
move,-139.7237,10.120219
move,-139.12334,8.987515
move,-138.44684,7.926729
move,-137.67151,6.9060225
move,-136.78516,6.0139318
move,-135.80069,5.2114887
move,-134.7373,4.5170016
move,-133.65405,3.8090856
move,-132.76515,2.9380658
move,-132.02563,1.9074185
move,-131.49724,0.7663964
move,-131.06592,-0.41553387
move,-130.70921,-1.6221468
move,-130.40605,-2.8309047
move,-130.16621,-4.0537515
move,-130.00078,-5.3010097
move,-129.89731,-6.555101
move,-129.81433,-7.81076
move,-129.74962,-9.079586
move,-129.7208,-10.349607
move,-129.74965,-11.607645
move,-129.7517,-12.866041
move,-129.75388,-14.172836
move,-129.74608,-15.4675045
move,-129.71886,-16.76188
move,-129.68864,-18.043982
move,-129.7147,-19.350521
move,-129.76804,-20.644012
move,-129.8706,-21.934612
move,-129.99219,-23.23574
move,-130.11366,-24.536884
move,-130.26448,-25.846935
move,-130.49359,-27.09649
move,-130.79654,-28.479322
move,-131.12791,-29.768343
move,-131.51814,-31.166933
move,-131.86255,-32.38986
move,-132.15193,-33.66361
move,-132.37138,-34.939575
move,-132.459,-36.213577
move,-132.08215,-37.450413
move,-131.59164,-38.648357
move,-131.05148,-39.851574
move,-130.51448,-41.0429
move,-129.96744,-42.25627
move,-129.5934,-43.08588
move,-130.31267,-42.73895
move,-131.49844,-42.18986
move,-132.70023,-41.708878
move,-133.95108,-41.33367
move,-135.23698,-41.040737
move,-136.48785,-40.66323
move,-137.77522,-40.384712
move,-138.8023,-40.92885
move,-139.1076,-42.172966
move,-139.37317,-43.440105
move,-139.64178,-44.718975
move,-139.86537,-45.969555
move,-140.0092,-47.243702
move,-140.0179,-48.53783
move,-139.92577,-49.829056
move,-139.8105,-51.13077
move,-139.68608,-52.45594
move,-139.60454,-53.772053
move,-139.60889,-55.066605
move,-139.6512,-56.409016
move,-139.72809,-57.725655
move,-139.81238,-59.04187
move,-139.89659,-60.358074
move,-139.99655,-61.66103
move,-140.10756,-62.987396
move,-140.1993,-64.27884
move,-140.27106,-65.62001
move,-140.32979,-66.93759
move,-140.37389,-68.26784
move,-140.38991,-69.59869
move,-140.38193,-70.90546
move,-140.3661,-72.24848
move,-140.36601,-73.56734
move,-140.3758,-74.886185
move,-140.38559,-76.20503
move,-140.3954,-77.52388
move,-140.40605,-78.95163
move,-140.41637,-80.33098
move,-140.4251,-81.66194
move,-140.4073,-83.0533
move,-140.39294,-84.39628
move,-140.37796,-85.78765
move,-140.35748,-87.17899
move,-140.318,-88.5336
move,-140.23149,-89.88604
move,-140.13844,-91.27443
move,-140.04756,-92.62658
move,-139.97868,-94.00424
move,-139.9293,-95.382744
move,-139.89359,-96.749565
move,-139.8766,-98.08039
move,-139.89195,-99.43546
move,-139.91179,-100.7784
move,-139.9551,-102.108696
move,-140.00465,-103.43876
move,-140.05394,-104.76883
move,-140.10193,-106.09895
move,-140.14836,-107.41702
move,-140.19283,-108.72307
move,-140.23584,-110.041275
move,-140.2771,-111.37164
move,-140.31335,-112.665825
move,-140.34053,-113.98442
move,-140.36523,-115.29099
move,-140.36882,-116.59775
move,-140.36569,-117.928734
move,-140.34143,-119.211105
move,-140.3223,-120.51766
move,-140.31934,-121.82445
move,-140.31567,-123.13123
move,-140.2463,-124.46011
move,-140.07904,-125.767975
move,-139.83769,-127.052216
move,-139.56758,-128.34312
move,-139.29297,-129.64546
move,-138.9566,-130.94481
move,-138.45216,-132.14955
move,-137.79668,-133.3203
move,-136.91835,-134.31587
move,-135.83759,-135.06735
move,-134.60756,-135.5686
move,-133.35376,-135.8912
move,-132.2007,-136.61389
move,-131.49292,-137.6644
move,-131.06201,-138.86948
move,-130.80156,-140.13731
move,-130.60794,-141.4418
move,-130.45322,-142.75159
move,-130.34358,-144.06578
move,-130.28595,-145.37128
move,-130.26756,-146.79883
move,-130.31015,-148.11697
move,-130.37233,-149.4344
move,-130.43578,-150.7639
move,-130.4993,-152.0934
move,-130.56268,-153.4229
move,-130.62729,-154.77657
move,-130.68652,-156.10625
move,-130.71997,-157.44894
move,-130.71614,-158.77982
move,-130.67378,-160.09804
move,-130.62805,-161.45247
move,-130.5837,-162.77063
move,-130.53862,-164.12509
move,-130.49434,-165.45537
move,-130.44926,-166.80983
move,-130.40422,-168.16429
move,-130.35988,-169.50665
move,-130.3385,-170.86165
move,-130.32555,-172.20464
move,-130.33011,-173.54778
move,-130.3422,-174.89075
move,-130.35422,-176.23372
move,-130.3662,-177.56459
move,-130.37828,-178.90756
move,-130.39034,-180.25053
move,-130.39972,-181.5814
move,-130.40877,-182.92438
move,-130.41808,-184.29155
move,-130.41461,-185.63469
move,-130.40114,-186.98976
move,-130.38663,-188.33278
move,-130.37141,-189.69995
move,-130.35582,-191.04297
move,-130.33992,-192.41017
move,-130.32437,-193.75319
move,-130.30844,-195.12036
move,-130.2918,-196.46336
move,-130.27187,-197.83052
move,-130.25214,-199.1856
move,-130.23276,-200.51646
move,-130.2131,-201.87154
move,-130.19362,-203.21451
move,-130.17378,-204.58168
move,-130.15552,-205.91254
move,-130.13689,-207.26761
move,-130.1191,-208.59848
move,-130.10083,-209.96565
move,-130.08301,-211.30862
move,-130.06651,-212.66371
move,-130.09721,-214.01816
move,-130.0186,-215.36989
move,-129.79312,-216.65686
move,-129.52628,-218.04716
move,-129.21199,-219.35263
move,-128.81113,-220.59633
move,-128.30313,-221.77275
move,-127.638435,-222.88332
move,-126.9264,-223.8759
move,-125.97427,-224.92279
move,-124.90831,-225.88962
move,-123.76524,-226.7448
move,-122.64735,-227.48897
move,-121.42476,-228.2496
move,-120.16159,-228.88492
move,-118.9984,-229.25801
move,-117.59468,-229.5773
move,-116.28865,-229.75882
move,-114.98421,-229.83202
move,-113.65336,-229.84967
move,-112.37078,-229.8579
move,-111.015594,-229.86375
move,-109.720924,-229.871
move,-108.41414,-229.8716
move,-107.02275,-229.88194
move,-105.691864,-229.8952
move,-104.3731,-229.87723
move,-103.018036,-229.85797
move,-101.74767,-229.83986
move,-100.4289,-229.82043
move,-99.09822,-229.79205
move,-97.80408,-229.75417
move,-96.50997,-229.71468
move,-95.191376,-229.68716
move,-93.9211,-229.66525
move,-92.55402,-229.64168
move,-91.27163,-229.61952
move,-90.00121,-229.6151
move,-88.70709,-229.65244
move,-87.43743,-229.69757
move,-86.14419,-229.75813
move,-84.86483,-229.84897
move,-83.59018,-229.99007
move,-82.33534,-230.18861
move,-81.00496,-230.44563
move,-79.6826,-230.97574
move,-78.555626,-231.56223
move,-77.503075,-232.24939
move,-76.57134,-233.09348
move,-75.68011,-234.2224
move,-74.97439,-235.40694
move,-74.31907,-236.63443
move,-73.460236,-237.70435
move,-72.32754,-238.50969
move,-71.0467,-239.10709
move,-69.70648,-239.47789
move,-68.47854,-239.68762
move,-67.17766,-239.81099
move,-65.89847,-239.90443
move,-64.65529,-239.99231
move,-63.363037,-240.0717
move,-62.061474,-240.18694
move,-60.676003,-240.40874
move,-59.38779,-240.78505
move,-58.10973,-241.33214
move,-57.048306,-242.12791
move,-56.15196,-243.15852
move,-55.431263,-244.2767
move,-54.778244,-245.47784
move,-54.150276,-246.6512
move,-53.274677,-247.66046
move,-52.160633,-248.38493
move,-50.929092,-248.88287
move,-49.603127,-249.15869
move,-48.255917,-249.30093
move,-46.986256,-249.34406
move,-45.691654,-249.35873
move,-44.481724,-249.34837
move,-43.24768,-249.32884
move,-42.001534,-249.30916
move,-40.73119,-249.28911
move,-39.436653,-249.26859
move,-38.11792,-249.24773
move,-36.811283,-249.22711
move,-35.456192,-249.22353
move,-34.175613,-249.29387
move,-32.847992,-249.3888
move,-31.435886,-249.48975
move,-30.132414,-249.58296
move,-28.82894,-249.6762
move,-27.39272,-249.77893
move,-26.101315,-249.87129
move,-24.592833,-249.98149
move,-23.199015,-250.14413
move,-21.980167,-250.33815
move,-20.753242,-250.5567
move,-19.537647,-250.83105
move,-18.375002,-251.20354
move,-17.286526,-251.78253
move,-16.261692,-252.46976
move,-15.291654,-253.27023
move,-14.320495,-254.33145
move,-13.584227,-255.35165
move,-12.892594,-256.43158
move,-12.293172,-257.49643
move,-11.7463,-258.65628
move,-11.234574,-260.01468
move,-10.911465,-261.20538
move,-10.648057,-262.44833
move,-10.407498,-263.67114
move,-10.176423,-264.9943
move,-9.982219,-266.22537
move,-9.782268,-267.52893
move,-9.618926,-268.7644
move,-9.421817,-270.0805
move,-9.107641,-271.3606
move,-8.5676775,-272.5198
move,-7.7457027,-273.56427
move,-6.8049264,-274.43433
move,-5.735301,-275.18402
move,-4.6081066,-275.86862
move,-3.5001543,-276.51468
move,-2.441123,-277.29544
move,-1.5752591,-278.2881
move,-0.8963321,-279.37497
move,-0.34362045,-280.532
move,0.12978694,-281.7368
move,0.5426403,-282.95123
move,0.9081132,-284.19284
move,1.1336105,-285.52765
move,1.1396071,-286.97858
move,1.0361391,-288.2569
move,0.8877964,-289.50653
move,0.72993547,-290.7672
move,0.6053415,-292.04358
move,0.5374113,-293.30005
move,0.50128156,-294.56995
move,0.44316155,-296.04498
move,0.39140162,-297.2902
move,0.33585626,-298.72903
move,0.2793569,-300.16776
move,0.21617284,-301.60617
move,0.12633446,-303.04306
move,0.040220045,-304.4561
move,-0.03339299,-305.86987
move,-0.10342525,-307.3081
move,-0.13205822,-308.66302
move,-0.14268038,-310.06677
move,-0.08883936,-311.45676
move,0.012997228,-312.8204
move,0.11224667,-314.1479
move,0.20561896,-315.4151
move,0.27865726,-316.69556
move,0.34063727,-318.06137
move,0.37148002,-319.35577
move,0.3983936,-320.65015
move,0.41896874,-321.9568
move,0.43375316,-323.25156
move,0.44655582,-324.54633
move,0.46653438,-325.84097
move,0.47939467,-327.14792
move,0.5186342,-328.4419
move,0.70501506,-329.7458
move,1.1605365,-330.95493
move,1.8159823,-332.04187
move,2.6786928,-333.05307
move,3.696063,-333.8505
move,4.8091745,-334.46167
move,5.979083,-335.04388
move,7.039862,-335.64865
move,7.973866,-336.5404
move,8.60221,-337.61307
move,9.021945,-338.8111
move,9.380375,-340.19275
move,9.5825205,-341.55627
move,9.692105,-342.93127
move,9.80099,-344.33063
move,9.910159,-345.7421
move,10.003577,-347.1788
move,10.009225,-348.55807
move,9.991165,-349.97375
move,9.971272,-351.18347
move,9.93981,-352.48993
move,9.905959,-353.89316
move,9.877178,-355.11493
move,9.843731,-356.5303
move,9.812283,-357.98193
move,9.789048,-359.22803
move,9.762828,-360.69177
move,9.73977,-362.15552
move,9.729609,-363.08728
cluster,2406
move,-10.000001,355.49997
move,-10.020929,355.26825
move,-10.124741,354.00702
move,-10.181404,352.76422
move,-10.20192,351.6277
move,-10.221526,350.5017
move,-10.241946,349.33286
move,-10.261093,348.23907
move,-10.280946,347.10236
move,-10.293029,345.92276
move,-10.218265,344.74582
move,-10.04633,343.5901
move,-9.744976,342.53906
move,-9.330146,341.53857
move,-8.8421335,340.42923
move,-8.3525,339.356
move,-7.793871,338.30508
move,-7.1441965,337.30826
move,-6.3831053,336.43637
move,-5.5322485,335.69974
move,-4.595653,335.03705
move,-3.664117,334.44333
move,-2.711936,333.84225
move,-1.916843,333.11142
move,-1.2092109,332.0269
move,-0.74254805,330.87576
move,-0.5102854,329.75275
move,-0.39546797,328.65433
move,-0.34733224,327.52936
move,-0.32712275,326.40347
move,-0.33683494,325.2667
move,-0.35845473,324.09787
move,-0.38366655,322.87543
move,-0.4505632,321.7084
move,-0.5187237,320.5092
move,-0.58602756,319.28842
move,-0.64959663,318.0675
move,-0.69369125,316.82416
move,-0.72754645,315.6018
move,-0.7598262,314.39017
move,-0.7890519,313.10345
move,-0.7968902,312.0095
move,-0.77216864,310.67993
move,-0.6795061,309.43936
move,-0.5911631,308.23074
move,-0.53552616,307.05234
move,-0.4764388,305.74536
move,-0.42728806,304.6525
move,-0.38697836,303.53787
move,-0.3788559,302.3796
move,-0.37709075,301.17346
move,-0.4205473,299.62973
move,-0.4838617,298.0998
move,-0.54688436,296.5302
move,-0.61014694,295.01352
move,-0.70172715,293.4851
move,-0.8238281,291.972
move,-0.9605993,290.4469
move,-1.087399,289.02707
move,-1.1606313,287.60367
move,-1.1349775,286.20483
move,-1.0343091,284.79633
move,-0.96002066,283.38617
move,-0.91094804,282.02747
move,-0.8740218,280.4309
move,-1.1307139,278.87057
move,-1.5113639,277.5656
move,-2.1423488,276.1601
move,-3.1728451,274.8754
move,-4.3582764,273.86765
move,-5.707554,273.0398
move,-6.890494,272.45447
move,-8.156659,271.92456
move,-9.4174795,271.49194
move,-10.707118,271.10513
move,-12.038164,270.71878
move,-13.593153,270.30002
move,-14.89502,269.9565
move,-16.222406,269.60635
move,-17.768436,269.20535
move,-19.224342,268.8252
move,-20.701422,268.37466
move,-22.105232,267.871
move,-23.48732,267.3102
move,-24.910894,266.6468
move,-26.147463,265.9924
move,-27.30499,265.2558
move,-28.360586,264.3799
move,-29.26918,263.35358
move,-29.994637,262.17438
move,-30.423162,260.80624
move,-30.592905,259.40454
move,-30.68008,258.0478
move,-30.741098,256.58386
move,-30.794218,255.14613
move,-30.844727,253.74791
move,-30.910563,252.38448
move,-31.065182,250.95332
move,-31.319887,249.74644
move,-31.811853,248.57825
move,-32.56128,247.52457
move,-33.54339,246.52307
move,-34.49757,245.72177
move,-35.67607,244.8532
move,-36.66311,244.13258
move,-37.61776,243.35114
move,-38.60202,242.28706
move,-39.219673,241.23532
move,-39.638504,239.93634
move,-39.873615,238.52888
move,-39.97691,237.23856
move,-40.007977,235.79915
move,-40.00994,234.5528
move,-39.907543,233.0929
move,-39.747665,231.88148
move,-39.460545,230.45839
move,-39.12532,229.27122
move,-38.551174,227.96532
move,-37.869614,226.75287
move,-37.002247,225.63664
move,-36.000057,224.63689
move,-35.010242,223.6588
move,-33.9849,222.64784
move,-32.904778,221.75287
move,-31.692144,221.00142
move,-30.395773,220.46695
move,-29.007593,220.13992
move,-27.611862,219.99344
move,-26.173609,219.92969
move,-24.770205,219.90634
move,-23.3671,219.87018
move,-22.121412,219.83122
move,-20.754711,219.79073
move,-19.327534,219.74843
move,-17.912447,219.70656
move,-16.497108,219.67511
move,-15.105934,219.64499
move,-13.666372,219.61372
move,-12.226685,219.58925
move,-10.920005,219.57156
move,-9.685881,219.55814
move,-8.342828,219.54726
move,-6.9029613,219.53726
move,-5.4388976,219.52705
move,-3.9748344,219.51678
move,-2.740665,219.50816
move,-1.5186292,219.49577
move,-0.28451723,219.48102
move,0.9617247,219.47119
move,2.4135401,219.49384
move,3.6233375,219.51591
move,4.8573475,219.53758
move,6.3091245,219.56308
move,7.7609005,219.58867
move,9.212676,219.6141
move,10.62824,219.63174
move,11.983425,219.62701
move,13.386991,219.61777
move,14.790555,219.6085
move,16.242521,219.59892
move,17.6098,219.58983
move,19.013378,219.58067
move,20.356459,219.57182
move,21.590647,219.56552
move,22.849049,219.56453
move,24.313147,219.56151
move,25.534145,219.51251
move,26.983368,219.42271
move,28.213991,219.33025
move,29.669611,219.08862
move,30.83836,218.73601
move,31.915003,218.16208
move,33.07454,217.25076
move,33.917,216.35011
move,34.658043,215.36339
move,35.369446,214.34006
move,36.08957,213.3081
move,36.905083,212.35144
move,37.845222,211.55376
move,38.91161,210.91122
move,40.07096,210.45726
move,41.268913,210.16359
move,42.487953,209.97137
move,43.714138,209.8313
move,45.158714,209.6847
move,46.398808,209.56049
move,47.63049,209.48431
move,48.875957,209.43866
move,50.13355,209.3936
move,51.39166,209.36862
move,52.68632,209.3747
move,54.029305,209.39227
move,55.29957,209.41579
move,56.676853,209.49062
move,57.94367,209.58727
move,59.19717,209.69809
move,60.48642,209.81671
move,61.956406,209.95206
move,63.21042,210.05663
move,64.49061,210.13474
move,65.736206,210.17398
move,66.95809,210.1537
move,68.191826,210.12027
move,69.47392,210.08514
move,70.71968,210.04948
move,71.94079,210.00084
move,73.19802,209.94762
move,74.66078,209.88571
move,75.88177,209.83406
move,77.16319,209.77985
move,78.468796,209.72488
move,79.7022,209.68114
move,80.923546,209.63855
move,82.38716,209.64177
move,83.607994,209.6966
move,84.85239,209.76552
move,86.08543,209.81737
move,87.31961,209.81807
move,88.590096,209.81439
move,89.86058,209.81187
move,91.11883,209.82996
move,92.412895,209.86975
move,93.645645,209.92886
move,94.914566,209.99115
move,96.19558,210.05405
move,97.51279,210.12047
move,98.76952,210.18512
move,100.026115,210.25302
move,101.34307,210.32474
move,102.63585,210.39514
move,103.90422,210.46854
move,105.17166,210.55673
move,106.428345,210.62024
move,107.67403,210.59196
move,108.91378,210.46925
move,110.18722,210.23662
move,111.58701,209.8203
move,112.62449,209.17879
move,113.59108,208.33762
move,114.54806,207.24622
move,115.45252,206.11041
move,116.20047,205.14394
move,116.94885,204.16258
move,117.80254,202.95885
move,118.399994,201.82512
move,118.80379,200.59676
move,119.02374,199.33371
move,119.150314,198.05753
move,119.2398,196.64473
move,119.27585,195.41109
move,119.27412,194.189
move,119.26436,192.95493
move,119.2525,191.72086
move,119.224434,190.24496
move,119.203316,188.99887
move,119.19376,187.7285
move,119.208725,186.48235
move,119.39909,185.05637
move,119.60349,183.81476
move,119.7444,182.34564
move,119.82172,180.91995
move,119.88284,179.49352
move,119.92079,178.10254
move,119.94948,176.68723
move,119.985115,175.22363
move,120.05279,173.80957
move,120.1184,172.55281
move,120.15154,171.1256
move,120.13319,169.68587
move,120.07642,168.28348
move,120.00668,166.85736
move,119.956856,165.44273
move,119.96008,164.19635
move,119.98344,162.85347
move,120.02218,161.47464
move,120.06256,160.0353
move,120.10371,158.66862
move,120.156235,157.29019
move,120.211136,155.87547
move,120.25954,154.4606
move,120.27496,153.05711
move,120.27765,151.6655
move,120.27544,150.22552
move,120.25865,148.87048
move,120.20673,147.46785
move,120.14724,146.05342
move,120.08875,144.66316
move,120.03734,143.44212
move,120.01085,142.22038
move,119.99626,140.7443
move,120.02939,139.51096
move,120.1202,138.29224
move,120.219215,136.97705
move,120.30474,135.7216
move,120.376915,134.40466
move,120.44128,133.13582
move,120.51531,131.67363
move,120.584854,130.45346
move,120.65519,129.22122
move,120.644806,127.987976
move,120.50894,126.530205
move,120.389496,125.289635
move,120.265915,123.891525
move,120.18435,122.41761
move,120.1135,121.040016
move,120.03955,119.60201
move,119.96622,118.17609
move,119.89594,116.810585
move,119.824425,115.420906
move,119.76685,113.99433
move,119.74511,112.76035
move,119.74814,111.39313
move,119.828865,109.99205
move,119.92767,108.77396
move,120.03902,107.37477
move,120.05413,105.948235
move,119.95203,104.52409
move,119.86011,103.29332
move,119.738716,101.82215
move,119.57018,100.4045
move,119.40406,99.19375
move,119.262215,97.98012
move,119.2615,96.528824
move,119.30287,95.08952
move,119.344635,93.638115
move,119.37391,92.21064
move,119.382645,90.92808
move,119.37666,89.48821
move,119.3515,88.04854
move,119.325005,86.60889
move,119.298134,85.145035
move,119.27538,83.6811
move,119.26252,82.45906
move,119.25065,81.007095
move,119.24633,79.73662
move,119.25653,78.46616
move,119.29553,77.2326
move,119.35406,75.9877
move,119.47124,74.52839
move,119.59904,73.30081
move,119.75051,72.002815
move,119.90145,70.71692
move,120.045815,69.45467
move,120.18452,68.130905
move,120.31388,66.89131
move,120.438614,65.651276
move,120.56595,64.20488
move,120.666435,62.974785
move,120.74011,61.742867
move,120.7522,60.29104
move,120.73291,59.0449
move,120.69283,57.823456
move,120.66934,56.57742
move,120.65499,55.210197
move,120.78003,53.753277
move,121.022644,52.26036
move,121.25956,50.840122
move,121.55302,49.604263
move,121.88739,48.378586
move,122.33786,47.178997
move,122.93515,46.072113
move,123.6475,45.005898
move,124.42393,44.01606
move,125.27225,43.08679
move,126.15793,42.192905
move,127.07572,41.33205
move,128.03288,40.496696
move,129.02869,39.72856
move,130.17538,39.186367
move,131.3656,38.78087
move,132.63461,38.60498
move,133.90457,38.587955
move,135.1606,38.664227
move,136.43631,38.795376
move,137.71956,38.96673
move,138.9566,39.11822
move,140.25374,39.276997
move,141.57373,39.447556
move,142.85893,39.604183
move,144.17068,39.741085
move,145.47232,39.856415
move,146.78735,39.957443
move,148.00607,40.04798
move,149.28596,40.130875
move,150.55418,40.207005
move,151.85843,40.289536
move,153.12617,40.373215
move,154.35684,40.466682
move,155.66006,40.560234
move,156.91849,40.56318
move,158.18837,40.52886
move,159.56815,40.357
move,160.94244,39.973557
move,162.11649,39.48974
move,163.2647,38.79595
move,164.27222,37.9468
move,165.18216,36.911434
move,165.90671,35.868454
move,166.50722,34.77693
move,167.05157,33.628983
move,167.62044,32.425667
move,168.11542,31.321806
move,168.52818,30.133623
move,168.88556,28.889267
move,169.25565,27.472736
move,169.57056,26.241882
move,169.88957,24.825705
move,170.06575,23.592152
move,170.16754,22.36234
move,170.19745,21.128633
move,170.18123,19.894566
move,170.14397,18.66094
move,170.08115,17.416245
move,169.97357,15.968255
move,169.86392,14.751085
move,169.74905,13.534398
move,169.63039,12.305922
move,169.50366,11.053922
move,169.35829,9.609216
move,169.21352,8.188772
move,169.07014,6.7681894
move,168.92589,5.3112116
move,168.80762,4.094853
move,168.69504,2.8779504
move,168.55298,1.4207625
move,168.40477,0.19563249
move,168.14987,-0.9990169
move,167.75775,-2.1938753
move,167.21506,-3.314996
move,166.53482,-4.3728485
move,165.7178,-5.3120522
move,164.51065,-6.1523924
move,163.15764,-6.643167
move,161.97675,-7.0415077
move,160.81969,-7.5028877
move,159.80551,-8.256318
move,159.18878,-9.332457
move,158.90733,-10.555808
move,158.83008,-11.775149
move,158.81715,-13.081744
move,158.88113,-14.33839
move,158.97023,-15.593634
move,159.06075,-16.873034
move,159.11061,-18.336088
move,159.11136,-19.570284
move,159.10988,-20.816584
move,159.11176,-22.171787
move,159.12044,-23.466452
move,159.14998,-24.869736
move,159.17796,-26.079414
move,159.20679,-27.385895
move,159.23085,-28.752987
move,159.25253,-30.120117
move,159.27219,-31.45097
move,159.3163,-32.672146
move,159.37596,-33.96537
move,159.53085,-35.408867
move,159.71432,-36.666027
move,159.92357,-37.88227
move,160.20572,-39.07112
move,160.54097,-40.27137
move,160.97092,-41.42757
move,161.50935,-42.53792
move,162.10219,-43.606304
move,162.96048,-44.74379
move,164.05504,-45.695946
move,165.20854,-46.53681
move,166.28537,-47.25554
move,167.56332,-47.918655
move,168.7894,-48.550808
move,170.08762,-49.200726
move,171.44563,-49.712196
move,172.85768,-50.097424
move,174.24335,-50.315914
move,175.43956,-50.369743
move,176.68549,-50.342537
move,178.05148,-50.282654
move,179.51411,-50.21683
move,180.97672,-50.149315
move,182.41473,-50.07574
move,183.87624,-49.988045
move,185.3615,-49.89143
move,186.84917,-49.863636
move,188.27628,-49.905983
move,189.73473,-50.031933
move,191.15605,-50.32013
move,192.52582,-50.864597
move,193.71199,-51.71378
move,194.53087,-52.635918
move,195.38135,-53.812523
move,196.20738,-55.02139
move,196.90154,-56.056423
move,197.51532,-57.15425
move,198.01859,-58.30729
move,198.42113,-59.47387
move,198.80814,-60.683964
move,199.20335,-61.98026
move,199.5802,-63.31893
move,199.82445,-64.57805
move,200.05757,-65.85155
move,200.27803,-67.06588
move,200.49638,-68.28062
move,200.72412,-69.5797
move,200.99757,-70.84502
move,201.36304,-72.09934
move,201.81622,-73.324715
move,202.51385,-74.40506
move,203.52573,-75.229095
move,204.62791,-75.907524
move,205.7556,-76.492584
move,206.90144,-77.20769
move,207.7317,-78.11839
move,208.4302,-79.19264
move,209.06636,-80.550674
move,209.47458,-81.79105
move,209.7406,-83.19305
move,209.85461,-84.506714
move,209.90065,-85.81263
move,209.91277,-87.11937
move,209.92047,-88.414055
move,209.92815,-89.74504
move,209.93558,-91.03973
move,209.93472,-92.37071
move,209.91255,-93.701485
move,209.89803,-95.056496
move,209.92363,-96.363014
move,209.95767,-97.75409
move,209.95403,-99.31484
move,209.93431,-100.63362
move,209.91353,-101.96447
move,209.89099,-103.31944
move,209.88474,-104.650406
move,209.8391,-105.96828
move,209.71503,-107.268936
move,209.51584,-108.53591
move,209.27354,-109.807655
move,208.91429,-111.03766
move,208.38734,-112.15258
move,207.66951,-113.214066
move,206.80544,-114.05748
move,205.79874,-114.771
move,204.74649,-115.48299
move,203.70438,-116.18832
move,202.64104,-116.905495
move,201.52554,-117.6535
move,200.46996,-118.338036
move,199.36162,-118.90637
move,197.93663,-119.41094
move,196.52936,-119.766716
move,195.31403,-119.98077
move,193.87769,-120.19355
move,192.62907,-120.3482
move,191.19164,-120.43145
move,189.9232,-120.50414
move,188.67892,-120.57437
move,187.38438,-120.59501
move,186.05338,-120.602036
move,184.74649,-120.60728
move,183.39131,-120.59909
move,182.09671,-120.58251
move,180.68115,-120.56176
move,179.32674,-120.51659
move,178.00891,-120.46306
move,176.69115,-120.408806
move,175.31305,-120.34952
move,173.99503,-120.30227
move,172.64014,-120.27164
move,171.29712,-120.259415
move,169.94214,-120.28182
move,168.61159,-120.31556
move,167.26923,-120.358795
move,165.92728,-120.414375
move,164.56172,-120.483536
move,163.18411,-120.55376
move,161.81874,-120.626366
move,160.41725,-120.7041
move,159.0627,-120.72944
move,157.6596,-120.69231
move,156.28075,-120.65381
move,154.8779,-120.610466
move,153.4996,-120.55636
move,152.08572,-120.4854
move,150.63583,-120.40839
move,149.23367,-120.34592
move,147.79483,-120.290085
move,146.36787,-120.24209
move,144.91644,-120.20174
move,143.50108,-120.16974
move,142.10973,-120.14783
move,140.67,-120.126144
move,139.25444,-120.10485
move,137.81471,-120.083145
move,136.37512,-120.05217
move,134.92343,-120.020836
move,133.49576,-120.00124
move,132.12857,-119.9868
move,130.7372,-119.97382
move,129.27322,-119.96176
move,127.94225,-119.95447
move,126.67176,-119.94868
move,125.340775,-119.94262
move,123.96139,-119.94119
move,122.6062,-119.94787
move,121.21472,-119.94336
move,119.8596,-119.930046
move,118.50481,-119.89694
move,117.07786,-119.92771
move,115.73048,-120.070145
move,114.38268,-120.299286
move,112.919395,-120.6305
move,111.422485,-121.07216
move,110.04187,-121.480736
move,108.698326,-121.88653
move,107.41639,-122.394264
move,106.21876,-123.0013
move,105.08598,-123.78574
move,104.08248,-124.677734
move,103.14687,-125.69008
move,102.36347,-126.80964
move,101.69122,-127.986015
move,101.11408,-129.23813
move,100.7152,-130.48203
move,100.40216,-131.8003
move,100.22628,-133.10641
move,100.177345,-134.42438
move,100.14895,-135.75504
move,100.15164,-137.08595
move,100.09287,-138.40355
move,100.03765,-139.67282
move,100.054436,-141.00279
move,100.159996,-142.31743
move,100.26853,-143.64398
move,100.311195,-144.97397
move,100.28697,-146.30473
move,100.254036,-147.67163
move,100.16907,-149.02333
move,99.872986,-150.33159
move,99.37592,-151.57841
move,98.71269,-152.75935
move,97.93214,-153.82162
move,97.00932,-154.79591
move,95.992134,-155.63466
move,94.928474,-156.37225
move,93.79339,-157.04346
move,92.65307,-157.63034
move,91.43882,-158.17491
move,90.22939,-158.63681
move,89.00918,-159.06955
move,87.743904,-159.48236
move,86.46889,-159.81851
move,85.15869,-160.05125
move,83.86083,-160.2026
move,82.58134,-160.29016
move,81.263306,-160.33762
move,79.96912,-160.37543
move,78.65075,-160.41397
move,77.32028,-160.4524
move,76.013855,-160.48416
move,74.68293,-160.48686
move,73.35214,-160.463
move,71.99717,-160.43842
move,70.630196,-160.40819
move,69.22717,-160.36821
move,67.84892,-160.3119
move,66.43443,-160.25336
move,65.06846,-160.1926
move,63.727066,-160.12526
move,62.37333,-160.06282
move,60.994713,-160.02283
move,59.6398,-160.05013
move,58.297062,-160.08066
move,56.941956,-160.09213
move,55.599033,-160.07379
move,54.283146,-159.99078
move,52.967545,-159.79118
move,51.678734,-159.51198
move,50.389004,-159.09935
move,49.1805,-158.51598
move,48.088387,-157.75781
move,47.117596,-156.79706
move,46.3221,-155.73082
move,45.547504,-154.61887
move,44.61369,-153.60703
move,43.50973,-152.82326
move,42.26604,-152.14827
move,40.961716,-151.63237
move,39.60084,-151.29263
move,38.22311,-151.09952
move,36.837875,-150.968
move,35.414623,-150.8543
move,34.027107,-150.7491
move,32.639854,-150.64053
move,31.22876,-150.5264
move,29.878069,-150.41602
move,28.490166,-150.31621
move,27.113724,-150.2259
move,25.808733,-150.15854
move,24.417494,-150.15353
move,23.173698,-150.23076
move,21.884474,-150.34956
move,20.5713,-150.47229
move,19.28239,-150.59447
move,17.982227,-150.72604
move,16.682148,-150.85843
move,15.383158,-151.00089
move,14.069585,-151.21251
move,12.808461,-151.59335
move,11.6812525,-152.17612
move,10.547209,-152.8728
move,9.451035,-153.62569
move,8.614777,-154.60313
move,8.210479,-155.87526
move,8.340339,-157.16928
move,8.809774,-158.3993
move,9.523111,-159.50711
move,10.205614,-160.64613
move,10.487335,-162.03035
move,10.557581,-163.40707
move,10.434967,-164.81631
move,10.129532,-166.08562
move,9.661796,-167.38307
move,9.180997,-168.54596
move,8.633836,-169.7459
move,8.045679,-170.92624
move,7.3732247,-172.07434
move,6.581711,-173.12775
move,5.626368,-174.05298
move,4.559792,-174.82674
move,3.3717144,-175.45245
move,2.1646214,-176.06834
move,1.0826302,-176.89874
move,0.24836306,-177.948
move,-0.39688298,-179.17935
move,-0.81777906,-180.4405
move,-1.0250865,-181.80316
move,-1.0053794,-183.2049
move,-0.8125009,-184.58257
move,-0.49054906,-185.93573
move,-0.06550658,-187.29878
move,0.42195353,-188.61438
move,1.0668764,-189.81865
move,1.8254367,-190.97014
move,2.6877556,-192.03062
move,3.681586,-192.96748
move,4.814208,-193.83646
move,5.915183,-194.60567
move,7.020182,-195.36908
move,8.01037,-196.30627
move,8.776547,-197.43758
move,9.395728,-198.66925
move,9.883432,-199.94626
move,10.256099,-201.24867
move,10.482307,-202.60855
move,10.583707,-203.93558
move,10.617155,-205.39897
move,10.568585,-206.72896
move,10.472379,-208.08072
move,10.371275,-209.45638
move,10.296349,-210.80946
move,10.247612,-212.17592
move,10.201213,-213.53032
move,10.155221,-214.87263
move,10.106736,-216.28755
move,10.061566,-217.60568
move,10.015157,-218.96008
move,9.969587,-220.29028
move,9.924001,-221.62051
move,9.879232,-222.92657
move,9.834457,-224.23262
move,9.7892685,-225.55078
move,9.741232,-226.95357
move,9.68171,-228.28319
move,9.55333,-229.69295
move,9.411427,-230.95554
move,9.265351,-232.22983
move,9.155306,-233.50745
move,9.091885,-234.77635
move,9.022579,-236.0692
move,8.914877,-237.3472
move,8.781943,-238.57422
move,8.5727005,-239.8513
move,8.208481,-241.08025
move,7.671467,-242.23009
move,6.93361,-243.23097
move,5.951062,-244.0508
move,4.8551836,-244.66733
move,3.676206,-245.2024
move,2.5145345,-245.7457
move,1.4721899,-246.44551
move,0.5992013,-247.38121
move,-0.084030256,-248.47896
move,-0.5970047,-249.64053
move,-0.921528,-250.85542
move,-1.0873784,-252.10228
move,-1.1504886,-253.371
move,-1.1439286,-254.64143
move,-1.1213975,-255.8876
move,-1.0986593,-257.1457
move,-1.0757635,-258.41583
move,-1.0513245,-259.69812
move,-1.0343499,-260.98056
move,-1.0662034,-262.2504
move,-1.12627,-263.55573
move,-1.1864619,-264.8732
move,-1.2328126,-266.16705
move,-1.2997725,-267.5085
move,-1.4225612,-268.8456
move,-1.6483194,-270.1448
move,-1.9984096,-271.4151
move,-2.5844388,-272.59488
move,-3.4425838,-273.60443
move,-4.520107,-274.31747
move,-5.6804824,-274.86325
move,-6.8974476,-275.43097
move,-7.9728713,-276.16943
move,-8.847692,-277.10483
move,-9.552131,-278.1893
move,-10.070155,-279.37418
move,-10.346082,-280.62433
move,-10.424775,-281.892
move,-10.405305,-283.17413
move,-10.3166,-284.4291
move,-10.086122,-285.6898
move,-9.711941,-286.89053
move,-9.142747,-288.18622
move,-8.532959,-289.38275
move,-7.8662124,-290.52054
move,-7.08861,-291.61487
move,-6.1474633,-292.7044
move,-5.217338,-293.65622
move,-4.1932077,-294.56177
move,-3.100516,-295.3833
move,-1.9516383,-296.2104
move,-1.029574,-297.1814
move,-0.33087936,-298.3681
move,0.12949024,-299.6419
move,0.44426417,-300.95923
move,0.6156165,-302.2668
move,0.6829238,-303.61987
move,0.68161076,-304.95084
move,0.6737642,-306.26962
move,0.6461025,-307.5761
move,0.6147489,-308.9188
move,0.571568,-310.21277
move,0.5164104,-311.51843
move,0.4598286,-312.82422
move,0.40321445,-314.12997
move,0.34610954,-315.44778
move,0.2889591,-316.76562
move,0.23207888,-318.0955
move,0.18308093,-319.4256
move,0.17387624,-320.75653
move,0.17581977,-322.0512
move,0.19978683,-323.36987
move,0.23832063,-324.65176
move,0.3065816,-325.94455
move,0.42412046,-327.22156
move,0.66179633,-328.49332
move,1.0538558,-329.68814
move,1.6025794,-330.84668
move,2.2808783,-331.9491
move,3.0469148,-332.9769
move,3.9787006,-333.87296
move,5.065938,-334.57214
move,6.215366,-335.11304
move,7.3807487,-335.67612
move,8.38606,-336.48462
move,9.149785,-337.55716
move,9.712282,-338.73587
move,10.1562805,-339.9647
move,10.560934,-341.23257
move,10.8933325,-342.5335
move,11.123148,-343.83212
move,11.244071,-345.15698
move,11.267769,-346.47562
move,11.254791,-347.78244
move,11.235989,-349.12524
move,11.215436,-350.49222
move,11.189666,-351.91965
move,11.151462,-353.26227
move,11.10585,-354.56827
move,11.0587,-355.92267
move,11.011904,-357.28915
move,10.968264,-358.7162
move,10.929705,-360.04648
move,10.892453,-361.40128
move,10.859869,-362.76822
move,10.854437,-363.07065
cluster,4196
move,203.28413,370.29306
move,202.08179,370.14194
move,200.86263,370.0541
move,199.66107,370.18964
move,200.86263,370.0541
move,198.4938,370.58337
move,199.66107,370.18964
move,197.39673,371.12146
move,196.43147,371.85016
move,195.53671,372.69873
move,194.73499,373.5494
move,193.91832,374.40045
move,193.03084,375.17755
move,192.11667,375.92328
move,191.15742,376.64606
move,190.17375,377.27686
move,189.09825,377.81033
move,187.97557,378.23615
move,186.81422,378.54172
move,185.63374,378.76248
move,184.44972,378.88315
move,183.25262,378.982
move,182.01305,379.088
move,180.79414,379.18338
move,179.6585,379.23566
move,178.41557,379.29007
move,177.19362,379.33124
move,176.00333,379.3283
move,174.7852,379.22812
move,173.61107,379.03287
move,172.43056,378.7596
move,171.3005,378.387
move,170.1843,377.88892
move,169.13019,377.3138
move,168.12149,376.624
move,167.18681,375.8365
move,166.38147,374.97583
move,165.71613,374.0029
move,165.13756,372.95023
move,164.45262,371.92664
move,163.56407,371.12543
move,162.46191,370.57812
move,161.31143,370.27826
move,160.1327,370.113
move,158.92622,369.99857
move,157.75047,369.90173
move,156.56467,369.79672
move,155.39066,369.68094
move,154.24399,369.51755
move,153.07693,369.34464
move,151.91628,369.0846
move,150.71739,368.693
move,149.40744,368.13202
move,148.1524,367.45645
move,146.91618,366.69562
move,145.77234,365.82437
move,144.74406,364.8011
move,143.84203,363.6637
move,143.04176,362.4846
move,142.35913,361.2184
move,141.76819,359.89233
move,141.27876,358.624
move,140.85359,357.31897
move,140.49927,355.8571
move,140.31021,354.4716
move,140.35008,352.98306
move,140.69926,351.54907
move,141.26364,350.15475
move,141.92963,348.79108
move,142.58855,347.64767
move,143.43867,346.40662
move,144.45625,345.28363
move,145.67918,344.36423
move,146.99835,343.56302
move,148.37996,342.93512
move,149.77681,342.3756
move,151.18636,341.84875
move,152.613,341.3706
move,154.08447,340.94885
move,155.46416,340.67056
move,156.8218,340.50955
move,158.19754,340.41226
move,159.56223,340.32843
move,160.92488,340.21634
move,162.28712,340.09912
move,163.65343,340.05093
move,164.98434,340.0394
move,166.37556,340.01633
move,167.66904,339.96066
move,168.94792,339.8642
move,170.21495,339.77054
move,171.75777,339.6344
move,173.12877,339.4832
move,174.34245,339.34
move,175.56882,339.2014
move,176.80745,339.063
move,178.21362,338.8995
move,179.61728,338.71518
move,180.84537,338.50525
move,182.17258,338.05493
move,183.28647,337.42303
move,184.2305,336.6122
move,185.02063,335.66574
move,185.78557,334.5618
move,186.57057,333.549
move,187.58311,332.68936
move,188.69518,332.0279
move,189.87495,331.46674
move,191.10062,331.01492
move,192.3776,330.63943
move,193.70442,330.26218
move,194.9768,329.915
move,196.2675,329.5438
move,197.56602,329.1559
move,198.88728,328.75977
move,200.10707,328.32697
move,201.33603,327.7859
move,202.50432,327.10162
move,203.58025,326.29825
move,204.61563,325.42407
move,205.58899,324.49924
move,206.47667,323.52426
move,207.3163,322.44568
move,208.06844,321.2756
move,208.68733,320.04358
move,209.16125,318.7361
move,209.50574,317.3758
move,209.75665,315.99512
move,209.90758,314.56357
move,209.9423,313.16074
move,209.87234,311.77136
move,209.65639,310.3857
move,209.18767,309.0268
move,208.48601,307.81314
move,207.56567,306.67566
move,206.55777,305.68207
move,205.53229,304.7963
move,204.58875,304.0196
move,203.59404,303.19098
move,202.60965,302.243
move,201.7833,301.24704
move,201.096,300.17944
move,200.53201,299.0681
move,200.00777,297.89774
move,199.55798,296.6583
move,199.20476,295.42572
move,198.90804,294.10342
move,198.60924,292.75677
move,198.33968,291.50287
move,198.09677,290.2805
move,197.78477,289.06186
move,197.30931,287.9385
move,196.61086,286.90765
move,195.7833,285.928
move,194.85173,284.9606
move,193.83989,284.0058
move,192.7502,283.1829
move,191.56969,282.59763
move,190.3116,282.12787
move,189.02794,281.69342
move,187.7193,281.29758
move,186.42001,280.9572
move,185.09303,280.62766
move,183.83392,280.23727
move,182.60715,279.61234
move,181.64973,278.7821
move,180.78775,277.691
move,180.1058,276.4669
move,179.73087,275.11807
move,179.6444,273.71884
move,179.72984,272.3061
move,179.87984,271.0689
move,180.06941,269.6782
move,180.2642,268.31268
move,180.4981,266.94113
move,180.80444,265.59637
move,181.21223,264.25375
move,181.7346,262.93832
move,182.42076,261.7585
move,183.40414,260.79877
move,184.61012,260.16052
move,185.84644,259.7387
move,187.15842,259.35382
move,188.50398,258.95447
move,189.82706,258.4871
move,191.0862,257.89673
move,192.30133,257.19464
move,193.41974,256.4094
move,194.46669,255.47606
move,195.3204,254.47182
move,196.04514,253.41396
move,196.75688,252.21844
move,197.37813,250.98718
move,197.91539,249.73003
move,198.41507,248.45732
move,198.88737,247.14857
move,199.25446,245.84448
move,199.51892,244.47868
move,199.6801,243.14555
move,199.75392,241.81674
move,199.76888,240.49796
move,199.73997,239.14313
move,199.68108,237.80132
move,199.62794,236.42296
move,199.64876,235.08018
move,199.70647,233.73831
move,199.76756,232.3966
move,199.82773,231.03061
move,199.87729,229.66426
move,199.91753,228.32175
move,199.9545,227.06389
move,199.99496,225.6851
move,200.03796,224.30634
move,200.07265,222.95163
move,200.10703,221.57263
move,200.14005,220.1815
move,200.17744,218.77849
move,200.21481,217.36339
move,200.25061,215.98453
move,200.29367,214.64218
move,200.34357,213.38483
move,200.4543,211.85252
move,200.64352,210.63322
move,201.03651,209.27464
move,201.56242,208.17294
move,202.37906,207.04834
move,203.26482,206.12138
move,204.2763,205.18349
move,205.24919,204.15855
move,206.02237,203.00204
move,206.70526,201.84569
move,207.29794,200.76324
move,207.85548,199.52832
move,208.34506,198.21318
move,208.71071,196.90857
move,208.9851,195.64342
move,209.14159,194.4082
move,209.1924,193.11447
move,209.24083,191.88115
move,209.29262,190.5632
move,209.34155,189.3178
move,209.3967,187.9152
move,209.42154,187.28236
move,209.42155,187.28241
move,209.61484,186.28073
move,209.79803,185.23795
move,209.99141,184.18724
move,210.1317,183.15778
move,210.20598,182.12096
move,210.25882,181.06352
move,210.29338,180.01501
move,210.30151,178.90816
move,210.30295,177.87825
move,210.30423,176.85796
move,210.30551,175.83768
move,210.30681,174.79814
move,210.3082,173.71051
move,210.30959,172.59401
move,210.31082,171.59299
move,210.31204,170.6112
move,210.31313,169.78764
move,210.301,169.2873
move,210.28287,168.28645
move,210.26721,167.16043
move,210.12892,166.04507
move,209.86394,164.95058
move,209.55045,163.88911
move,209.27766,162.95607
move,209.0081,162.02208
move,208.68982,160.93188
move,208.33607,159.86278
move,208.02115,158.94308
move,207.6372,157.88481
move,207.18791,157.0016
move,206.5911,156.0469
move,206.03337,155.2626
move,205.32825,154.37238
move,204.68568,153.65607
move,203.96239,152.9786
move,203.06459,152.2834
move,202.1658,151.65404
move,201.32175,151.09834
move,200.45547,150.55939
move,199.59555,150.02847
move,198.71188,149.49965
move,197.78325,149.03346
move,196.82758,148.67819
move,195.81435,148.44914
move,194.79626,148.29391
move,193.75922,148.13567
move,192.78435,147.7903
move,191.92284,147.00198
move,191.21477,145.87788
move,190.68549,144.6836
move,190.29651,143.4121
move,190.06984,142.1376
move,189.88835,140.81902
move,189.7192,139.51099
move,189.546,138.16689
move,189.3767,136.85889
move,189.204,135.53914
move,189.0355,134.20667
move,188.88365,132.88437
move,188.73355,131.47665
move,188.59203,130.10452
move,188.45972,128.71931
move,188.35902,127.39218
move,188.3222,126.086365
move,188.39148,124.75723
move,188.46779,123.452644
move,188.56654,122.11333
move,188.8144,120.84399
move,189.15001,119.59355
move,189.50128,118.30972
move,189.8317,117.08297
move,190.17853,115.84825
move,190.67404,114.62823
move,191.40558,113.54851
move,192.39067,112.51602
move,193.37944,111.738464
move,194.43724,111.01344
move,195.48361,110.358925
move,196.53914,109.63285
move,197.37056,108.707596
move,198.03902,107.643295
move,198.47374,106.37651
move,198.63771,105.12991
move,198.67435,103.872314
move,198.60056,102.6287
move,198.40498,101.36155
move,198.1011,100.14078
move,197.6331,98.97459
move,196.90627,97.95221
move,195.96295,97.121086
move,194.92879,96.34224
move,193.93716,95.529236
move,193.03561,94.61859
move,192.27939,93.58399
move,191.6593,92.461815
move,191.1372,91.303825
move,190.69606,90.087
move,190.40434,88.851326
move,190.23076,87.56862
move,190.144,86.22847
move,190.11351,84.98259
move,190.13606,83.67615
move,190.25014,82.37478
move,190.51741,81.08415
move,190.94855,79.91642
move,191.62102,78.74083
move,192.38513,77.6965
move,193.20323,76.78908
move,194.15839,75.88017
move,195.14201,75.09561
move,196.16206,74.31803
move,197.14891,73.46321
move,198.02985,72.46718
move,198.71225,71.382454
move,199.30055,70.202576
move,199.75294,68.92593
move,200.02333,67.636055
move,200.14209,66.310814
move,200.1546,64.98012
move,200.1212,63.63742
move,200.09918,62.306614
move,200.10965,60.963654
move,200.13698,59.632942
move,200.15865,58.29001
move,200.18402,56.94716
move,200.21878,55.616623
move,200.25998,54.201527
move,200.29161,52.834633
move,200.29593,51.443165
move,200.2938,50.16059
move,200.2638,48.86629
move,200.20013,47.585274
move,200.12833,46.280453
move,200.0499,44.963898
move,199.94853,43.661026
move,199.83672,42.359024
move,199.7206,41.033096
move,199.60638,39.707005
move,199.50182,38.477245
move,199.38776,37.139
move,199.27701,35.84904
move,199.1264,34.42936
move,198.96988,33.10785
move,198.99162,31.64513
move,199.08247,30.317272
move,199.04382,29.048717
move,198.71388,27.827723
move,198.05164,26.77582
move,197.20401,25.863085
move,196.28606,25.056679
move,195.33054,24.256527
move,194.40738,23.301186
move,193.67206,22.295214
move,192.9565,21.245369
move,192.26665,20.22199
move,191.6166,19.159075
move,191.08844,18.044151
move,190.71494,16.844244
move,190.61092,15.629089
move,190.73976,14.391065
move,190.9908,13.1951
move,191.29916,12.012646
move,191.72166,10.712269
move,192.11723,9.479486
move,192.51402,8.285307
move,192.99039,7.1473837
move,193.58817,6.0968103
move,194.50104,5.0174594
move,195.52632,4.0596614
move,196.64235,3.1893682
move,197.83908,2.4827793
move,199.06447,1.9973099
move,200.24133,1.6689731
move,201.64241,1.3992581
move,202.88391,1.2958196
move,204.12985,1.3049564
move,205.38763,1.3412709
move,206.62183,1.3357097
move,207.85583,1.3152413
move,209.08972,1.2877574
move,210.33511,1.2404436
move,211.61604,1.174938
move,212.97025,1.1244407
move,214.20392,1.0899649
move,215.53217,1.006631
move,216.95074,0.84544307
move,218.2219,0.67505705
move,219.51047,0.45809275
move,220.8005,0.24940334
move,222.0437,0.05444277
move,223.30675,-0.16847228
move,224.59113,-0.40961695
move,225.86844,-0.61941826
move,227.15657,-0.7486514
move,228.45981,-0.84491265
move,229.76364,-0.9329996
move,231.06998,-0.9544909
move,232.35245,-0.9320675
move,233.58655,-0.9141389
move,234.89328,-0.89799976
move,236.18799,-0.8967838
move,237.4828,-0.90359914
move,238.7533,-0.91086704
move,240.07204,-0.9199049
move,241.3546,-0.9271505
move,242.66151,-0.9306193
move,243.98053,-0.93342686
move,245.33565,-0.94091344
move,246.77554,-0.9434182
move,248.23952,-0.9200068
move,249.64299,-0.89614046
move,250.99806,-0.87309444
move,252.36508,-0.8453587
move,253.7317,-0.80227584
move,255.01358,-0.7581351
move,256.3796,-0.7006962
move,257.819,-0.6631111
move,259.12515,-0.6193788
move,260.37097,-0.5861258
move,261.6172,-0.59327346
move,262.97192,-0.6286005
move,264.2279,-0.70338345
move,265.49045,-0.8451414
move,266.751,-1.0032722
move,268.02832,-1.2139401
move,269.28397,-1.4067178
move,270.54636,-1.5494207
move,271.82538,-1.6447723
move,273.10657,-1.7051487
move,274.4735,-1.7322812
move,275.69553,-1.7176079
move,276.92728,-1.644389
move,278.1911,-1.5160967
move,279.4398,-1.3592904
move,280.67072,-1.2744077
move,281.92642,-1.1936226
move,283.1765,-1.0503922
move,284.43396,-0.8697304
move,285.89154,-0.7401291
move,287.19803,-0.7100803
move,288.43207,-0.69150496
move,289.6905,-0.6919939
move,290.9732,-0.7026958
move,292.26773,-0.7241398
move,293.54935,-0.774202
move,294.82895,-0.8575277
move,296.12817,-0.9973231
move,297.42563,-1.1536525
move,298.7393,-1.2668205
move,300.0458,-1.2834538
move,301.33994,-1.2501488
move,302.6318,-1.1663415
move,303.8974,-1.0553415
move,305.15005,-0.9363311
move,306.42358,-0.785194
move,307.74097,-0.59458154
move,308.95367,-0.44307324
move,310.17838,-0.28995952
move,311.42508,-0.11936481
move,312.6876,0.10618968
move,314.0571,0.41261238
move,315.3999,0.72890747
move,316.71942,1.0379478
move,317.9564,1.3280504
move,319.23453,1.6528105
move,320.4991,2.066643
move,321.72787,2.577261
move,322.90182,3.177977
move,324.01385,3.840944
move,325.17258,4.589007
move,326.18546,5.4125724
move,327.08984,6.420867
move,327.8639,7.4731894
move,328.56223,8.605913
move,329.19843,9.815837
move,329.69434,11.062625
move,330.03244,12.324591
move,330.29794,13.628795
move,330.56198,14.945685
move,330.82565,16.250315
move,331.1029,17.564455
move,331.42493,18.830772
move,331.8199,20.088945
move,332.3031,21.315592
move,332.93475,22.513306
move,333.7161,23.604542
move,334.5739,24.557306
move,335.55682,25.416645
move,336.7262,26.16858
move,337.84528,26.841862
move,338.75497,27.802788
move,339.23856,29.049677
move,339.4766,30.395527
move,339.60376,31.756784
move,339.6976,33.108727
move,339.78058,34.437134
move,339.6976,33.108727
move,339.8573,35.85074
move,339.9121,37.156384
move,339.99332,38.50913
move,340.04822,39.863136
move,340.09137,41.229736
move,340.15488,42.595543
move,340.1662,43.96271
move,340.15982,45.36629
move,340.11612,46.73268
move,340.02997,48.073006
move,339.97354,49.451176
move,339.89633,50.791985
move,339.82678,52.121113
move,339.84552,53.403103
move,339.94446,54.70609
move,340.18234,55.989357
move,340.57507,57.235504
move,341.04288,58.468304
move,341.58887,59.62868
move,342.18344,60.778667
move,342.84595,61.90479
move,343.57834,62.972076
move,344.39514,63.97615
move,345.2803,64.90401
move,346.24765,65.763985
move,347.27313,66.55385
move,348.47302,67.32678
move,349.65396,67.96616
move,350.81015,68.52095
move,351.98938,68.99309
move,353.30075,69.3788
move,354.53287,69.63291
move,355.82285,69.72548
move,357.12775,69.66704
move,358.39655,69.48219
move,359.66495,69.16961
move,360.9063,68.72591
move,362.068,68.15616
move,363.1431,67.416275
move,364.07874,66.50531
move,364.9353,65.53454
move,365.70374,64.48055
move,366.28946,63.339695
move,366.86685,62.18092
move,367.43347,61.04378
move,367.99463,59.917454
move,368.57672,58.788174
move,369.18787,57.633087
move,369.74313,56.54475
move,370.14706,55.354637
move,370.36758,54.103813
move,370.5154,52.671803
move,370.63934,51.273678
move,370.79788,50.062454
move,371.17398,48.9029
move,371.8345,47.791393
move,372.72083,46.703594
move,373.569,45.80745
move,374.48508,44.999138
move,375.52036,44.18204
move,376.5361,43.36047
move,377.417,42.270695
move,378.18768,41.084606
move,378.73526,39.81977
move,379.11664,38.469997
move,379.40552,37.071808
move,379.59314,35.681316
move,379.7226,34.344482
move,379.84778,33.068012
move,379.96927,31.82765
move,380.07864,30.610636
move,380.0838,29.219282
move,380.10425,27.815971
move,380.1466,26.534075
move,380.19165,25.09488
move,380.21475,23.860964
move,380.15762,22.580044
move,379.93048,21.356413
move,379.4796,20.183216
move,378.87888,19.091799
move,378.16257,18.072758
move,377.3445,17.116913
move,376.41302,16.183805
move,375.43842,15.388962
move,374.38147,14.684441
move,373.28308,13.976347
move,372.2946,13.219253
move,371.45145,12.287273
move,370.82022,11.173486
move,370.41928,9.994464
move,370.15518,8.764586
move,369.9964,7.492107
move,369.90036,6.2010317
move,369.86792,4.9552712
move,369.88477,3.6487107
move,369.95776,2.3198035
move,370.04642,1.016029
move,370.13754,-0.3118172
move,370.2487,-1.6745694
move,370.3286,-3.0031252
move,370.3665,-4.394068
move,370.35742,-5.6402774
move,370.28995,-6.957285
move,370.27478,-7.15029
cluster,2054
move,-370.5,-5.5
move,-370.0908,-6.708902
move,-369.59805,-8.824896
move,-369.95804,-10.933974
move,-371.60895,-12.429613
move,-373.3834,-13.690687
move,-374.9895,-15.1415205
move,-376.35236,-16.835377
move,-377.49905,-18.672852
move,-378.51645,-20.788202
move,-379.2399,-22.986927
move,-379.69028,-25.257393
move,-379.66174,-27.538301
move,-379.5368,-29.851524
move,-379.45212,-32.123478
move,-379.38382,-34.396122
move,-379.25507,-36.687122
move,-378.95154,-38.863304
move,-378.2697,-40.938637
move,-377.23856,-42.915276
move,-375.90805,-44.723125
move,-374.15723,-46.064972
move,-372.36136,-47.36103
move,-371.12778,-49.22288
move,-370.55557,-51.385147
move,-370.26434,-53.617325
move,-370.05185,-55.88108
move,-369.74078,-58.648594
move,-369.27917,-61.447594
move,-368.30185,-64.093704
move,-366.33636,-66.08645
move,-363.86014,-67.41445
move,-361.26562,-68.43906
move,-358.5276,-68.749306
move,-355.7841,-68.694626
move,-353.0537,-68.59175
move,-350.32483,-68.46866
move,-347.71637,-67.739265
move,-345.36783,-66.30967
move,-343.47617,-64.37938
move,-341.8446,-62.108463
move,-340.86722,-59.62764
move,-340.68246,-56.942196
move,-340.61362,-54.210716
move,-340.53156,-51.49278
move,-340.3266,-48.741985
move,-339.96585,-45.92728
move,-339.61572,-43.05821
move,-339.45438,-40.185257
move,-339.28638,-37.5242
move,-339.00882,-34.97317
move,-338.5573,-32.583942
move,-337.85123,-30.258846
move,-336.916,-27.975271
move,-335.6209,-25.922192
move,-333.89664,-23.960585
move,-332.33456,-22.089115
move,-331.14215,-19.764568
move,-330.01276,-17.434555
move,-328.9844,-15.084786
move,-327.97952,-12.724668
move,-326.85233,-10.354767
move,-325.3888,-8.21995
move,-323.71478,-6.1818337
move,-321.90494,-4.3705063
move,-319.7653,-3.0740411
move,-317.2919,-2.040498
move,-314.89612,-1.3523986
move,-312.4717,-0.7788895
move,-310.0699,-0.48858994
move,-307.5945,-0.33048895
move,-305.04214,-0.28033954
move,-302.47742,-0.3292883
move,-299.97736,-0.20899197
move,-297.48163,0.0027707769
move,-295.0105,0.21490178
move,-292.5489,-0.08912407
move,-290.75662,-1.6270998
move,-290.17755,-4.1021576
move,-290.35297,-6.6731987
move,-290.5362,-9.243958
move,-290.5338,-11.795025
move,-290.495,-14.407725
move,-290.54117,-16.89986
move,-290.59744,-19.500673
move,-290.58746,-22.065845
move,-290.76813,-24.477552
move,-291.11188,-27.050352
move,-292.37454,-29.15441
move,-294.7121,-30.127909
move,-297.2755,-30.457762
move,-298.63065,-32.51465
move,-298.8297,-35.087658
move,-298.80756,-37.652687
move,-298.94824,-40.092735
move,-299.16406,-42.527363
move,-299.40698,-45.117367
move,-299.4385,-47.609123
move,-299.25552,-50.21596
move,-299.10858,-52.789032
move,-298.70416,-55.361942
move,-297.6556,-57.728424
move,-295.86127,-59.57253
move,-293.51605,-60.613945
move,-291.37552,-61.921448
move,-290.68893,-64.444565
move,-290.5442,-66.8823
move,-290.63754,-69.36095
move,-290.76837,-71.9107
move,-290.80316,-74.402306
move,-290.73874,-76.96669
move,-290.6527,-79.44562
move,-290.48172,-82.05357
move,-290.30542,-84.51564
move,-289.95166,-87.031044
move,-289.49988,-89.58072
move,-289.16885,-91.97702
move,-288.98962,-94.54798
move,-289.00613,-97.06222
move,-288.87106,-99.58015
move,-287.9105,-101.91157
move,-286.22354,-103.774765
move,-284.33484,-105.32348
move,-282.3004,-106.67462
move,-280.58768,-108.67505
move,-279.80618,-111.15516
move,-279.6722,-113.59309
move,-279.7923,-116.03418
move,-279.9405,-118.582954
move,-280.08878,-121.01054
move,-280.26566,-123.557495
move,-280.44824,-126.12833
move,-280.6237,-128.60265
move,-280.75287,-131.22484
move,-280.5909,-133.70764
move,-279.7131,-136.02103
move,-278.2864,-138.03584
move,-276.18173,-139.3775
move,-273.81238,-140.20213
move,-271.3288,-140.51181
move,-268.81516,-140.63234
move,-266.39026,-140.814
move,-263.97073,-141.45508
move,-261.93637,-142.95416
move,-260.59525,-145.03822
move,-259.7135,-147.34355
move,-258.1547,-149.16908
move,-255.78343,-150.0717
move,-253.31728,-150.33354
move,-250.72282,-150.51215
move,-248.26648,-150.52353
move,-245.68942,-150.54036
move,-243.23349,-150.55579
move,-240.76956,-150.40804
move,-238.26564,-150.38664
move,-235.66826,-150.53084
move,-233.0756,-150.74529
move,-230.61334,-150.90817
move,-227.96448,-150.83904
move,-225.34015,-150.7556
move,-222.84814,-150.6987
move,-220.38026,-150.65105
move,-217.93768,-150.70428
move,-215.38803,-150.98152
move,-212.98384,-151.692
move,-210.93114,-153.26746
move,-209.9184,-155.46881
move,-209.00137,-157.7273
move,-207.16663,-159.29242
move,-204.80267,-159.91798
move,-202.33665,-159.99376
move,-199.85686,-159.94818
move,-197.42699,-159.84518
move,-194.76588,-159.78366
move,-192.26286,-159.69347
move,-189.77232,-159.59315
move,-187.24486,-159.63757
move,-184.73094,-159.75755
move,-182.14503,-159.8846
move,-179.57043,-160.24716
move,-177.03372,-160.70332
move,-174.40887,-161.14699
move,-171.98352,-161.53316
move,-169.51793,-161.52905
move,-167.07495,-161.28752
move,-164.44911,-160.93144
move,-162.00938,-160.64677
move,-159.57161,-160.48082
move,-156.92323,-160.39357
move,-154.49211,-160.1658
move,-152.12077,-159.10307
move,-150.6315,-157.21284
move,-150.03015,-154.65668
move,-149.51915,-152.09238
move,-147.59,-150.38214
move,-145.19794,-150.00784
move,-142.59698,-149.97307
move,-139.95935,-150.00253
move,-137.3338,-150.03233
move,-134.68405,-150.00916
move,-132.08269,-149.97807
move,-129.60223,-149.9635
move,-127.171616,-150.03755
move,-124.69644,-150.19884
move,-122.22418,-150.50777
move,-119.77348,-151.0242
move,-117.31503,-151.35194
move,-114.83994,-151.26414
move,-112.34494,-150.93396
move,-109.80849,-150.64412
move,-107.29207,-150.39343
move,-104.6987,-150.19121
move,-102.0859,-150.13202
move,-99.50865,-150.12833
move,-96.9193,-150.14362
move,-94.32994,-150.15845
move,-91.84948,-150.16945
move,-89.308525,-150.18614
move,-86.69632,-150.25911
move,-84.10818,-150.66916
move,-81.77367,-151.34238
move,-80.11198,-153.29173
move,-79.57829,-155.68686
move,-78.85747,-157.99658
move,-76.87341,-159.57304
move,-74.35523,-159.8814
move,-72.067116,-160.842
move,-70.326225,-162.75911
move,-69.290886,-165.12071
move,-68.76611,-167.6806
move,-67.441154,-169.80714
move,-64.98967,-170.48027
move,-62.38178,-171.01746
move,-60.60097,-172.84282
move,-59.813248,-175.28662
move,-60.020283,-177.91501
move,-60.125015,-180.56146
move,-60.043774,-182.99164
move,-59.907936,-185.60164
move,-59.898117,-188.24954
move,-60.45791,-190.78279
move,-60.91985,-193.33418
move,-60.595802,-195.8735
move,-59.13872,-198.01149
move,-56.918728,-199.3385
move,-54.359245,-199.90393
move,-51.891388,-200.73172
move,-50.161125,-202.5965
move,-49.824036,-205.05049
move,-49.666,-207.61801
move,-48.20874,-209.46053
move,-45.70326,-210.19118
move,-43.331284,-210.82361
move,-41.38986,-212.27621
move,-40.388245,-214.48584
move,-40.204258,-216.90697
move,-40.303146,-219.54282
move,-40.368378,-221.98608
move,-40.400978,-224.62352
move,-40.720673,-227.03929
move,-41.799442,-229.2458
move,-44.12269,-230.48436
move,-46.528687,-230.90471
move,-48.71111,-231.90413
move,-49.81675,-234.07083
move,-50.135464,-236.52524
move,-50.06129,-238.97992
move,-49.945263,-241.4816
move,-50.069942,-244.00665
move,-50.220066,-246.48247
move,-50.489002,-248.99634
move,-50.80428,-251.48009
move,-50.89862,-254.04292
move,-50.860573,-256.57153
move,-50.84429,-259.0765
move,-50.804924,-261.54443
move,-50.742054,-264.07227
move,-50.67748,-266.60025
move,-50.52227,-269.07468
move,-50.271336,-271.54156
move,-50.01445,-274.044
move,-49.46785,-276.4855
move,-47.904446,-278.41956
move,-45.66037,-279.38342
move,-43.240562,-279.8347
move,-40.683243,-279.9503
move,-38.21286,-279.73068
move,-35.736412,-279.44815
move,-33.241283,-279.2685
move,-30.706537,-279.4176
move,-28.252008,-279.97144
move,-25.778908,-280.491
move,-23.297054,-280.94836
move,-21.670225,-282.74875
move,-20.862295,-285.15506
move,-19.481474,-287.24664
move,-17.890709,-289.26932
move,-17.858599,-291.73654
move,-18.390614,-294.1701
move,-19.063002,-296.64557
move,-19.600088,-299.073
move,-19.482273,-301.73148
move,-19.18055,-304.25394
move,-18.395462,-306.70963
move,-16.801868,-308.6803
move,-14.394351,-309.38422
move,-11.870264,-309.37347
move,-9.2878,-309.1873
move,-6.7565002,-309.44107
move,-4.3328886,-310.33853
move,-2.3208423,-311.86096
move,-0.65340513,-313.84937
move,0.49937195,-316.1603
move,1.0445888,-318.6832
move,1.2634997,-321.26328
move,1.4431864,-323.8787
move,1.3189803,-326.51288
move,1.1617118,-328.98828
move,1.1224341,-331.6614
move,1.0644811,-334.16516
move,0.8264657,-336.65732
move,0.34432587,-339.2256
move,-0.16626786,-341.66528
move,-0.55320513,-344.09045
move,-0.6542339,-346.57663
move,-0.600729,-349.05652
move,-0.54941624,-351.56064
move,-0.4998184,-354.08905
move,-0.42098093,-356.6166
move,-0.31719688,-359.17975
move,-0.21199156,-361.77917
move,-0.20172065,-362.03308
cluster,1580
move,1.3239623,49.89378
move,0.85293573,48.871975
move,-0.17418927,46.4954
move,-2.2962463,45.206978
move,-4.766066,44.870766
move,-5.0011716,44.83876
