metadata,origin:caerleon,destination:blackthorne-quarry,name:Default Trade Mission
move,-16.102785,-49.808167
move,-14.0770445,-50.2309
move,-12.0596895,-50.64664
move,-9.962296,-51.10182
move,-8.00158,-51.728703
move,-6.1054583,-52.53314
move,-4.2117295,-53.366947
move,-2.5263605,-54.486668
move,-1.2487614,-56.02219
move,-0.2690681,-57.710934
move,0.5817218,-59.628586
move,1.3354998,-61.399868
move,2.1683455,-63.34658
move,3.4426467,-64.98285
move,5.172691,-66.113655
move,6.995333,-67.15299
move,8.692102,-68.369156
move,10.278368,-69.75606
move,11.615652,-71.35529
move,12.557312,-73.17056
move,13.065206,-75.153915
move,13.327955,-77.18654
move,13.517996,-79.266495
move,13.728278,-81.28631
move,13.988047,-83.33933
move,14.193648,-85.43666
move,14.235849,-87.91503
move,14.071547,-90.49886
move,13.889406,-93.15454
move,13.738868,-95.71533
move,13.649376,-98.33889
move,13.695986,-101.01255
move,13.761017,-103.637436
move,13.823986,-106.15344
move,13.891834,-108.863556
move,13.966531,-112.24412
move,14.024868,-115.62492
move,14.044075,-119.06993
move,14.040409,-122.51506
move,14.03502,-126.00804
move,14.027722,-129.32565
move,14.020251,-132.69127
move,14.013025,-136.00903
move,14.005887,-139.26297
move,13.99883,-142.50099
move,13.991012,-146.01016
move,13.981725,-149.56717
move,13.691318,-152.96521
move,12.99157,-156.02599
cluster,18
move,10.000001,370.49988
move,9.995196,369.28796
move,9.986602,368.11887
move,9.973754,366.90695
move,9.971425,365.7058
move,10.0127945,364.55896
move,10.046723,363.3904
move,10.065565,362.22156
move,10.040895,361.04224
move,9.996877,359.87405
move,9.966952,358.71616
move,9.9046545,357.5596
move,9.79379,356.4012
move,9.724788,355.23425
move,9.6059,354.08206
move,9.45608,352.95514
move,9.296503,351.76465
move,9.28719,350.6618
move,9.376291,349.54996
move,9.485022,348.38596
move,9.609235,347.2667
move,9.7161,346.15656
move,9.791887,345.02225
move,9.886514,343.86792
move,10.007881,342.78073
move,10.120172,341.59586
move,10.136539,340.43793
move,10.131283,339.32254
move,10.131368,338.19644
move,10.146252,336.9953
move,10.117434,335.90186
move,9.998902,334.6745
move,9.791363,333.44806
move,9.53014,332.29776
move,9.215248,331.1053
move,8.828305,329.94632
move,8.241484,328.901
move,7.4668813,327.97006
move,6.6153817,327.13846
move,5.7374105,326.35046
move,4.884677,325.5825
move,3.9716144,324.75333
move,3.1191044,323.9535
move,2.3255026,323.1398
move,1.6437801,322.21835
move,1.1577215,321.15665
move,0.8152295,320.0618
move,0.56339633,318.87668
move,0.4238606,317.6841
move,0.40174463,316.4622
move,0.56711936,315.0766
move,0.956503,313.61008
move,1.4144052,312.17667
move,1.8973637,310.7515
move,2.483171,309.3515
move,3.1985714,308.01346
move,4.076421,306.77576
move,5.024196,305.60733
move,6.050149,304.43527
move,7.070616,303.276
move,7.9672065,302.2366
move,8.715013,301.13458
move,9.253325,299.90256
move,9.566475,298.42
move,9.646499,296.89142
move,9.622273,295.519
move,9.587855,294.1071
move,9.618422,292.7084
move,9.720102,291.16742
move,9.865783,289.7628
move,10.069836,288.3654
move,10.312184,286.9605
move,10.552716,285.56876
move,10.807797,284.16617
move,11.124325,282.77628
move,11.4868145,281.3978
move,11.953089,280.0933
move,12.577753,278.79773
move,13.328345,277.60217
move,14.164906,276.4478
move,15.021051,275.27512
move,15.931276,274.16144
move,16.923632,273.1958
move,18.230667,272.3056
move,19.4725,271.72308
move,20.831259,271.2926
move,22.099993,270.92877
move,23.64372,270.75534
move,25.13385,270.819
move,26.584904,270.85742
move,27.95138,270.61838
move,29.203876,270.01868
move,30.401234,269.3665
move,31.119596,268.1864
move,31.358921,266.83353
move,31.285912,265.4328
move,31.113914,264.05203
move,30.959278,262.7423
move,30.913439,261.36438
move,30.975216,260.02274
move,31.068628,258.68292
move,31.132658,257.32947
move,31.099846,256.04745
move,31.021961,254.76721
move,30.937899,253.46309
move,30.856356,252.21948
move,30.780012,250.87857
move,30.7081,249.5132
move,30.653545,248.13489
move,30.647596,246.7919
move,30.757957,245.43016
move,31.012775,244.0871
move,31.31645,242.76636
move,31.637424,241.44974
move,31.955627,240.13243
move,32.321163,238.81517
move,32.820145,237.52983
move,33.422733,236.32997
move,34.119514,235.16782
move,34.875862,234.02887
move,35.646873,232.92911
move,36.451584,231.85396
move,37.28493,230.78525
move,38.148968,229.63368
move,38.858326,228.4657
move,39.428947,227.21115
move,39.78541,225.89256
move,39.945065,224.51144
move,39.968105,223.12035
move,39.94461,221.86212
move,39.905857,220.5438
move,39.868122,219.14069
move,39.8381,217.74948
move,39.80701,216.322
move,39.765778,214.94325
move,39.702675,213.54108
move,39.625732,212.13954
move,39.552185,210.75
move,39.486256,209.3843
move,39.456207,208.01741
move,39.466278,206.65016
move,39.513554,205.29593
move,39.641212,203.92258
move,39.7913,202.55135
move,39.910904,201.15315
move,39.920895,199.76184
move,39.887775,198.39497
move,39.83429,196.99245
move,39.751057,195.56711
move,39.639183,194.15588
move,39.485588,192.78513
move,39.2778,191.39722
move,38.964703,190.02982
move,38.44374,188.75475
move,37.70826,187.57463
move,36.873356,186.46178
move,36.00308,185.40724
move,35.13506,184.35085
move,34.363407,183.40318
move,33.583332,182.37027
move,32.925266,181.28406
move,32.3388,180.14354
move,31.814402,178.97328
move,31.354973,177.73724
move,30.965895,176.54054
move,30.595476,175.23718
move,30.33004,173.8592
move,30.132582,172.46973
move,29.998087,171.06052
move,29.895208,169.685
move,29.799452,168.29674
move,29.714916,166.89574
move,29.615986,165.50778
move,29.479618,164.12305
move,29.269781,162.74777
move,28.960938,161.37886
move,28.53353,160.06845
move,27.930222,158.8153
move,27.227808,157.61435
move,26.457087,156.45595
move,25.666119,155.32584
move,24.95418,154.33261
move,24.121864,153.23262
move,23.326483,152.106
move,22.57896,150.91808
move,21.847824,149.7058
move,21.207226,148.48476
move,20.706985,147.17424
move,20.359901,145.79002
move,20.174913,144.41132
move,20.04984,142.98903
move,19.971745,141.66039
move,19.943714,140.3298
move,19.988802,139.01187
move,20.085228,137.70866
move,20.223999,136.38496
move,20.399551,135.07787
move,20.596468,133.78598
move,20.83181,132.43912
move,21.101809,131.13593
move,21.461367,129.8673
move,21.936983,128.59886
move,22.561007,127.35589
move,23.274448,126.232796
move,24.112957,125.12269
move,24.989151,124.104866
move,25.89858,123.06772
move,26.757946,121.97404
move,27.502874,120.84303
move,28.041424,119.57537
move,28.440058,118.267654
move,28.769728,116.91597
move,29.02733,115.58552
move,29.255745,114.22521
move,29.447968,112.87158
move,29.573645,111.48587
move,29.679493,110.122665
move,29.737722,108.745094
move,29.675728,107.355125
move,29.555943,106.00533
move,29.419487,104.63271
move,29.301516,103.28269
move,29.211521,101.94263
move,29.136417,100.57741
move,29.101164,99.22277
move,29.103668,97.83127
move,29.111141,96.48821
move,29.144665,95.10922
move,29.179337,93.76658
move,29.214165,92.43603
move,29.274464,91.09436
move,29.353535,89.777824
move,29.433323,88.4492
move,29.51457,87.09641
move,29.59451,85.76781
move,29.674057,84.41493
move,29.752861,83.08627
move,29.840603,81.73392
move,29.945868,80.39494
move,30.042843,79.176704
move,30.157242,77.93568
move,30.296133,76.55114
move,30.435972,75.2762
move,30.579348,74.02599
move,30.73645,72.61903
move,30.897297,71.383255
move,31.19117,70.03657
move,31.679415,68.78687
move,32.351032,67.62481
move,33.15718,66.535904
move,33.97157,65.498474
move,34.800915,64.44201
move,35.61203,63.386753
move,36.38863,62.320797
move,37.115307,61.205868
move,37.742737,60.046547
move,38.222054,58.805305
move,38.592403,57.527687
move,38.79645,56.249584
move,38.935467,54.950264
move,39.03123,53.59863
move,39.06276,52.31645
move,39.08372,50.99772
move,39.103264,49.642654
move,39.12738,48.311874
move,39.15601,46.981182
move,39.1846,45.62628
move,39.19398,44.295326
move,39.201267,42.940155
move,39.208973,41.56078
move,39.21833,40.2298
move,39.22566,38.62053
move,39.231594,37.313747
move,39.23759,35.99486
move,39.24321,34.76067
move,39.24997,33.27239
move,39.25587,31.977703
move,39.261654,30.70722
move,39.26655,29.632586
move,39.308113,29.016891
move,39.396816,27.802977
move,39.493397,26.70048
move,39.708397,25.625313
move,40.01831,24.582851
move,40.392384,23.55195
move,40.947235,22.59654
move,41.693306,21.798481
move,42.67654,21.320042
move,43.766598,21.003408
move,44.840164,20.733921
move,45.784927,20.505184
move,46.739006,20.319008
move,47.770607,20.199926
move,48.751396,20.237968
move,49.807995,20.305326
move,50.79754,20.36551
move,51.81623,20.421808
move,52.921356,20.483978
move,54.023643,20.58354
move,54.998577,20.698881
move,56.01941,20.835009
move,56.98208,20.970257
move,58.059578,21.118237
move,59.150608,21.233992
move,60.08945,21.591518
move,60.0512,22.46581
move,59.00873,22.749866
move,58.037663,22.720112
move,57.03334,22.608418
move,56.022694,22.468761
move,55.012352,22.326935
move,53.96252,22.190142
move,52.954067,22.127901
move,51.924736,22.145927
move,50.9561,22.296354
move,50.034687,22.657274
move,49.117294,23.221483
move,48.288357,23.909365
move,47.557606,24.700554
move,46.902573,25.580671
move,46.296886,26.43728
move,45.710747,27.307367
move,45.17327,28.196934
move,44.67141,29.11822
move,44.17533,30.064411
move,43.722294,30.978542
move,43.270527,31.925406
move,42.833103,32.868385
move,42.38727,33.856213
move,41.844357,35.05819
move,41.306194,36.24903
move,40.766094,37.452274
move,40.235886,38.63344
move,39.695774,39.83667
move,39.15566,41.03992
move,38.635365,42.199005
move,38.27741,42.99643
move,37.936848,42.29522
move,37.406292,41.379475
move,36.698627,40.571167
move,35.724426,40.133297
move,34.655266,40.00409
move,33.587257,39.98246
move,32.518883,39.98245
move,31.431465,39.96227
move,30.392265,39.937347
move,29.314585,39.911068
move,28.246634,39.881104
move,27.19086,39.810593
move,26.1297,39.686653
move,25.078241,39.562653
move,23.9815,39.41336
move,22.988297,39.227688
move,22.004898,38.956863
move,21.011486,38.619736
move,20.109283,38.258133
move,19.145414,37.820297
move,18.19678,37.329327
move,17.31142,36.785236
move,16.455597,36.162308
move,15.629869,35.48451
move,14.826907,34.765327
move,14.065243,34.030014
move,13.329504,33.26871
move,12.617677,32.472187
move,11.963616,31.63978
move,11.347951,30.778564
move,10.765125,29.871857
move,10.211249,28.935879
move,9.734033,27.981325
move,9.482832,26.95423
move,9.3772955,25.891584
move,9.30977,24.834991
move,9.250454,23.768269
move,9.191951,22.701498
move,9.13003,21.605997
move,9.067619,20.520164
move,9.005242,19.43433
move,8.939271,18.329426
move,8.863916,17.283016
move,8.756993,16.152382
move,8.627561,15.082186
move,8.487281,14.003649
move,8.332495,12.927134
move,8.132183,11.848453
move,7.8011026,10.668863
move,7.3234115,9.3620615
move,6.7524266,8.0669
move,6.078358,6.850341
move,5.219223,5.711684
move,4.3139114,4.7698345
move,3.3251662,3.8431265
move,2.2921708,2.9476032
move,1.1864042,2.1237578
move,0.034417227,1.4346262
move,-1.2261873,0.87596476
move,-2.499542,0.37791446
move,-3.7508295,-0.07552634
move,-4.96416,-0.4521169
move,-6.2071886,-0.8142309
move,-7.4486623,-1.1815997
move,-8.681402,-1.5769867
move,-9.903846,-2.0705032
move,-11.042172,-2.6342561
move,-12.194004,-3.3004577
move,-13.209661,-4.0419636
move,-14.136547,-4.8748674
move,-15.081998,-5.794391
move,-15.993404,-6.696833
move,-16.944866,-7.6099014
move,-18.007479,-8.469403
move,-19.096506,-9.212987
move,-20.257885,-9.886937
move,-21.422024,-10.45296
move,-22.651354,-10.929426
move,-23.904457,-11.299572
move,-25.189684,-11.645625
move,-26.449968,-11.991182
move,-27.732775,-12.346103
move,-28.99061,-12.700378
move,-30.2642,-13.125757
move,-31.461895,-13.647615
move,-32.626377,-14.265619
move,-33.709396,-15.037727
move,-34.69312,-15.879202
move,-35.66148,-16.809599
move,-36.53295,-17.798878
move,-37.309074,-18.879625
move,-37.99811,-20.004087
move,-38.6542,-21.175957
move,-39.27017,-22.35583
move,-39.85284,-23.512
move,-40.453995,-24.685907
move,-41.10198,-25.778154
move,-41.918022,-26.797195
move,-42.926407,-27.737082
move,-44.028183,-28.565823
move,-45.175323,-29.263832
move,-46.38675,-29.897196
move,-47.647533,-30.424652
move,-48.967625,-30.823275
move,-50.32291,-31.13777
move,-51.645233,-31.372688
move,-53.007957,-31.586483
move,-54.35146,-31.763508
move,-55.700607,-31.890825
move,-57.06422,-31.991137
move,-58.428055,-32.08846
move,-59.758114,-32.114674
move,-61.086647,-32.034588
move,-62.427547,-31.958801
move,-63.74477,-32.00519
move,-65.08122,-32.22297
move,-66.33068,-32.703907
move,-67.38315,-33.601242
move,-68.06335,-34.671413
move,-68.57238,-35.92602
move,-68.92661,-37.20851
move,-69.2015,-38.547768
move,-69.429344,-39.85911
move,-69.639565,-41.19781
move,-69.75388,-42.584198
move,-69.82512,-43.901173
move,-69.89556,-45.26666
move,-69.950134,-46.596516
move,-69.970695,-47.975677
move,-69.97075,-49.35507
move,-69.9703,-50.758656
move,-69.95966,-52.15011
move,-69.905075,-53.54039
move,-69.787766,-54.744534
move,-69.57995,-56.13254
move,-69.30699,-57.49661
move,-68.8738,-58.843594
move,-68.35767,-60.016895
move,-67.663475,-61.194565
move,-67.00117,-62.264553
move,-66.249405,-63.37738
move,-65.41467,-64.520645
move,-64.51828,-65.58424
move,-63.506153,-66.55563
move,-62.419987,-67.40513
move,-61.234386,-68.132195
move,-59.95286,-68.66854
move,-58.608192,-69.02556
move,-57.28385,-69.31291
move,-55.93375,-69.5957
move,-54.565876,-69.84874
move,-53.198524,-70.03046
move,-51.803085,-70.17949
move,-50.42491,-70.23052
move,-49.046085,-70.197296
move,-47.648354,-70.071175
move,-46.269993,-69.88109
move,-44.941795,-69.68195
move,-43.570747,-69.53081
move,-42.205124,-69.47197
move,-40.842297,-69.573654
move,-39.459007,-69.72452
move,-38.07016,-69.79926
move,-36.667065,-69.76969
move,-35.289974,-69.68991
move,-33.87857,-69.58044
move,-32.51689,-69.45721
move,-31.284111,-69.40534
move,-29.89715,-69.50701
move,-28.631516,-69.71388
move,-27.412306,-69.972206
move,-26.213367,-70.26455
move,-24.86195,-70.72392
move,-23.740513,-71.23702
move,-22.647564,-71.929886
move,-21.59177,-72.85084
move,-20.90509,-73.942505
move,-20.50128,-75.10752
move,-20.156153,-76.31767
move,-19.616865,-77.46317
move,-18.572756,-78.40423
move,-17.303108,-79.02624
move,-15.970016,-79.50256
move,-14.666589,-79.98971
move,-13.535512,-80.48078
move,-12.6095085,-81.26517
move,-11.870261,-82.46742
move,-11.488795,-83.80321
move,-11.262873,-85.18842
move,-11.090687,-86.569084
move,-11.000187,-87.96939
move,-11.004046,-89.34866
move,-11.040199,-90.715454
move,-11.044859,-92.10662
move,-10.941185,-93.469864
move,-10.794334,-94.804794
move,-10.593202,-96.15723
move,-10.495952,-97.50409
move,-10.471678,-98.88237
move,-10.555101,-100.22275
move,-10.708631,-101.56906
move,-10.895124,-102.92353
move,-11.056691,-104.24468
move,-11.2266245,-105.55255
move,-11.380659,-106.911125
move,-11.541172,-108.23235
move,-11.816443,-109.520584
move,-12.297458,-110.760796
move,-12.951135,-111.876495
move,-13.831066,-112.905815
move,-14.734365,-113.866806
move,-15.606279,-114.84014
move,-16.444077,-115.84289
move,-17.242367,-116.892456
move,-17.970428,-118.006386
move,-18.633268,-119.16012
move,-19.068604,-120.32607
move,-19.360538,-121.64881
move,-19.55576,-122.98978
move,-19.73739,-124.35716
move,-19.909086,-125.73799
move,-20.08078,-127.08226
move,-20.281065,-128.45918
move,-20.563019,-129.78404
move,-21.016857,-131.05983
move,-21.681646,-132.20963
move,-22.52713,-133.25279
move,-23.458057,-134.25385
move,-24.429592,-135.14528
move,-25.464127,-136.02066
move,-26.467266,-136.91345
move,-27.410973,-137.86887
move,-28.283756,-138.90483
move,-28.993399,-140.058
move,-29.51741,-141.26773
move,-29.916874,-142.54935
move,-30.125555,-143.88707
move,-30.188868,-145.24048
move,-30.203728,-146.5956
move,-30.201405,-147.92657
move,-30.186281,-149.30583
move,-30.173302,-150.64882
move,-30.152237,-152.01598
move,-30.104145,-153.40662
move,-30.003641,-154.74576
move,-29.838161,-156.12726
move,-29.584957,-157.45801
move,-29.145498,-158.738
move,-28.49294,-159.9523
move,-27.73282,-161.08829
move,-26.91923,-162.17201
move,-26.042984,-163.2212
move,-25.085083,-164.21346
move,-24.111832,-165.12137
move,-23.153276,-166.00954
move,-22.257856,-167.07121
move,-21.566204,-168.2071
move,-21.000721,-169.4513
move,-20.63105,-170.7525
move,-20.47182,-172.07355
move,-20.39207,-173.4142
move,-20.351189,-174.75667
move,-20.317755,-176.08727
move,-20.278992,-177.46613
move,-20.244347,-178.83301
move,-20.212732,-180.16365
move,-20.179667,-181.53058
move,-20.154383,-182.87337
move,-20.178158,-184.22832
move,-20.24003,-185.58208
move,-20.336044,-186.9459
move,-20.502892,-188.30272
move,-20.781002,-189.62848
move,-21.188433,-190.90773
move,-21.722937,-192.15242
move,-22.420336,-193.28387
move,-23.308758,-194.28935
move,-24.314299,-195.17928
move,-25.366716,-196.05214
move,-26.39688,-196.9326
move,-27.347237,-197.88051
move,-28.159346,-198.97908
move,-28.835766,-200.18042
move,-29.369576,-201.42525
move,-29.777073,-202.74266
move,-30.054754,-204.04395
move,-30.220762,-205.41307
move,-30.339233,-206.82376
move,-30.430845,-208.13945
move,-30.522589,-209.5158
move,-30.611515,-210.84381
move,-30.728596,-212.20602
move,-30.880013,-213.56487
move,-31.053034,-214.89679
move,-31.246,-216.22595
move,-31.464268,-217.57552
move,-31.809546,-218.89783
move,-32.289078,-220.1649
move,-32.84933,-221.41202
move,-33.451492,-222.6124
move,-34.15625,-223.82579
move,-34.956882,-224.88799
move,-35.89326,-225.88399
move,-36.847523,-226.84625
move,-37.685604,-227.75105
move,-38.39498,-228.83307
move,-39.03268,-230.0692
move,-39.479893,-231.34726
move,-39.754475,-232.66127
move,-39.90547,-234.01997
move,-39.982643,-235.39708
move,-39.99858,-236.75209
move,-40.00821,-238.083
move,-40.018204,-239.46228
move,-40.035645,-240.78107
move,-40.05607,-242.1482
move,-40.07598,-243.49112
move,-40.088963,-244.83412
move,-40.09956,-246.16502
move,-40.110523,-247.53221
move,-40.12128,-248.87521
move,-40.13226,-250.24239
move,-40.14327,-251.62167
move,-40.154243,-252.98885
move,-40.16542,-254.39232
move,-40.175587,-255.68692
move,-40.186123,-257.0058
move,-40.196754,-258.34897
move,-40.20044,-259.66788
move,-40.180233,-260.97455
move,-40.092007,-262.24176
move,-39.9675,-263.5791
move,-39.84076,-264.83115
move,-39.627365,-266.20557
move,-39.261143,-267.6724
move,-38.779827,-269.01614
move,-38.245464,-270.19504
move,-37.612083,-271.31003
move,-36.914608,-272.41513
move,-36.19977,-273.48004
move,-35.477886,-274.5255
move,-34.65866,-275.60464
move,-33.815384,-276.55478
move,-32.908905,-277.54584
move,-32.023922,-278.5555
move,-31.288298,-279.67758
move,-30.75601,-280.89517
move,-30.388304,-282.2118
move,-30.098814,-283.54785
move,-29.84532,-284.89145
move,-29.566078,-286.19263
move,-29.201,-287.4974
move,-28.738518,-288.77094
move,-28.147995,-290.0034
move,-27.48398,-291.1708
move,-26.821962,-292.32553
move,-26.163448,-293.4822
move,-25.503311,-294.65186
move,-24.848759,-295.8108
move,-24.182447,-296.94897
move,-23.494278,-298.05994
move,-22.795582,-299.17862
move,-22.098307,-300.29816
move,-21.431032,-301.40753
move,-20.809654,-302.61148
move,-20.362576,-303.85083
move,-20.00825,-305.10864
move,-19.650448,-306.3781
move,-19.200062,-307.60278
move,-18.422815,-308.63226
move,-17.408829,-309.45163
move,-16.24458,-310.0411
move,-14.9778385,-310.44662
move,-13.624997,-310.7129
move,-12.29099,-310.8665
move,-10.97698,-310.9799
move,-9.698608,-311.08356
move,-8.369248,-311.1491
move,-7.0645795,-311.22293
move,-5.7247357,-311.31647
move,-4.425698,-311.45404
move,-3.12495,-311.7804
move,-1.8691449,-312.50958
move,-1.1782801,-313.6062
move,-0.844375,-314.88016
move,-0.6664295,-316.16235
move,-0.54375845,-317.45114
move,-0.43755665,-318.74152
move,-0.28861576,-320.0762
move,-0.13688445,-321.37418
move,0.03483098,-322.68182
move,0.15697993,-323.994
move,0.16925885,-325.30072
move,0.17907804,-326.63165
move,0.19679804,-327.96255
move,0.18732236,-329.2935
move,0.18515398,-330.66077
move,0.18842289,-331.9796
move,0.19880182,-333.33484
move,0.21200311,-334.70218
move,0.22275423,-336.0453
move,0.23056297,-337.4247
move,0.23781458,-338.76782
move,0.2267359,-339.98984
move,0.19828615,-341.33264
move,0.16924256,-342.68753
move,0.13840823,-344.0545
move,0.106571004,-345.44565
move,0.069087766,-346.80032
move,0.018768677,-348.15457
move,-0.03752534,-349.5086
move,-0.13038076,-350.83624
move,-0.27604586,-352.1957
move,-0.4023419,-353.14325
cluster,812
move,-0.027949704,349.6472
move,-0.100326754,348.41605
move,-0.11783954,347.17206
move,-0.11363522,346.07816
move,-0.10014163,344.85556
move,-0.057449892,343.63373
move,0.036808096,342.38254
move,0.11923403,341.13043
move,0.20226958,339.91064
move,0.34415537,338.66397
move,0.48573473,337.42798
move,0.5739667,336.1981
move,0.5748526,334.98633
move,0.5174287,333.75446
move,0.39504278,332.52716
move,0.22788504,331.3161
move,0.039612997,330.10803
move,-0.15981606,328.86917
move,-0.33298266,327.6805
move,-0.46318448,326.4757
move,-0.5419297,325.2666
move,-0.55780685,324.05487
move,-0.53769934,322.83246
move,-0.5196697,321.61
move,-0.51631224,320.38736
move,-0.49133292,319.1865
move,-0.44485402,317.96472
move,-0.39630303,316.77524
move,-0.30658397,315.5344
move,-0.2057866,314.34827
move,-0.1305148,313.10645
move,-0.072792776,311.90665
move,-0.0725919,310.72702
move,-0.08099032,309.61185
move,-0.03121513,308.4117
move,0.008010932,307.2005
move,0.009767409,306.01007
move,-0.019178374,304.75568
move,-0.09213774,303.5568
move,-0.21051574,302.40463
move,-0.36505795,301.2676
move,-0.53836507,300.07898
move,-0.71247834,298.9447
move,-0.8808762,297.8018
move,-1.0273081,296.73386
move,-1.0988814,295.6393
move,-1.0953742,294.58066
move,-1.0668304,293.46344
move,-1.0301574,292.10864
move,-0.99245983,290.75394
move,-0.9511465,289.36313
move,-0.89353794,287.98495
move,-0.8225744,286.59534
move,-0.7443268,285.24252
move,-0.66530746,283.8655
move,-0.5851753,282.4642
move,-0.5116251,281.12305
move,-0.45719215,279.75696
move,-0.46888393,278.38974
move,-0.48685375,276.99835
move,-0.493204,275.59473
move,-0.48834366,274.30005
move,-0.4849282,272.98117
move,-0.4844332,271.66232
move,-0.4891804,270.36765
move,-0.5003352,269.06082
move,-0.5147948,267.7904
move,-0.5316941,266.50793
move,-0.5629117,265.21365
move,-0.61703527,263.92014
move,-0.68770677,262.51816
move,-0.70096046,261.29633
move,-0.68717676,259.9411
move,-0.67361665,258.6706
move,-0.64767236,257.31564
move,-0.6166265,255.94868
move,-0.57667863,254.55775
move,-0.52214795,253.21577
move,-0.5279296,251.84863
move,-0.5832205,250.49461
move,-0.6631407,249.14175
move,-0.732426,247.77623
move,-0.7684114,246.44576
move,-0.78921694,245.12706
move,-0.7686353,243.79626
move,-0.6937442,242.47968
move,-0.49760675,241.20113
move,-0.17617132,239.94696
move,0.109375186,238.67226
move,0.24976236,237.3622
move,0.27674913,236.05583
move,0.28836665,234.7491
move,0.27703485,233.38191
move,0.24550538,232.07553
move,0.2573647,230.73251
move,0.27647343,229.40166
move,0.2566932,228.04668
move,0.1903257,226.71739
move,0.009370491,225.39969
move,-0.40278685,224.12462
move,-1.0951192,222.99046
move,-1.9696696,221.97247
move,-2.9496284,221.0912
move,-4.077226,220.36507
move,-5.3121467,219.8735
move,-6.5950203,219.57013
move,-7.9333944,219.35837
move,-9.279751,219.20436
move,-10.643498,219.10916
move,-11.864776,219.13301
move,-13.170501,219.31483
move,-14.46497,219.56755
move,-15.780481,219.76398
move,-17.114841,219.66577
move,-18.379173,219.21843
move,-19.555452,218.57219
move,-20.652752,217.79846
move,-21.7019,216.92218
move,-22.675217,215.94542
move,-23.532055,214.92717
move,-24.361385,213.80992
move,-25.181839,212.71626
move,-26.084852,211.69037
move,-27.116245,210.7954
move,-28.287188,210.04486
move,-29.52603,209.4711
move,-30.882198,209.25076
move,-32.26141,209.2378
move,-33.652668,209.26204
move,-35.04378,209.29457
move,-36.423145,209.29431
move,-37.693207,209.26337
move,-39.06873,209.16254
move,-40.526104,209.02237
move,-41.765392,208.89052
move,-42.979668,208.75253
move,-44.20548,208.60892
move,-45.42023,208.4759
move,-46.65168,208.3946
move,-47.88555,208.37495
move,-49.143456,208.40616
move,-50.361313,208.50478
move,-51.618706,208.68561
move,-52.85616,208.91391
move,-54.08358,209.19101
move,-55.298782,209.51779
move,-56.50276,209.88358
move,-57.66921,210.32166
move,-58.82317,210.8806
move,-59.91755,211.50159
move,-61.04043,212.19328
move,-62.19186,212.97432
move,-63.186184,213.70535
move,-64.283,214.581
move,-65.35897,215.50104
move,-66.43018,216.4079
move,-67.607155,217.16927
move,-68.844444,217.8058
move,-70.12988,218.36806
move,-71.44268,218.78943
move,-72.80913,219.04619
move,-74.197556,219.1317
move,-75.56427,219.10898
move,-76.973724,218.97955
move,-78.36575,218.72682
move,-79.678764,218.30669
move,-80.93987,217.7492
move,-82.16303,217.08643
move,-83.307304,216.31735
move,-84.391136,215.50381
move,-85.49854,214.66122
move,-86.59833,213.80876
move,-87.67799,212.95027
move,-88.75721,212.11081
move,-89.911674,211.31349
move,-91.153534,210.6888
move,-92.45394,210.1944
move,-93.82495,209.79845
move,-95.19655,209.56844
move,-96.57458,209.52284
move,-97.97746,209.56355
move,-99.31929,209.62224
move,-100.697914,209.66371
move,-102.07707,209.63857
move,-103.41979,209.6063
move,-104.79867,209.56865
move,-106.047356,209.42477
move,-107.39169,209.11838
move,-108.55498,208.70796
move,-109.7414,208.161
move,-110.88375,207.52684
move,-111.95027,206.85919
move,-113.11478,206.0334
move,-114.17751,205.1547
move,-115.03835,204.30484
move,-115.9464,203.26678
move,-116.79446,202.11917
move,-117.46088,200.9126
move,-117.96404,199.59085
move,-118.25979,198.25664
move,-118.451584,196.85408
move,-118.577286,195.48053
move,-118.63192,194.066
move,-118.66977,192.77185
move,-118.70881,191.3083
move,-118.73867,189.95343
move,-118.76349,188.6105
move,-118.818535,187.28069
move,-118.8953,185.98828
move,-119.00081,184.61299
move,-119.15264,183.22981
move,-119.3129,181.84756
move,-119.47356,180.441
move,-119.64167,179.05971
move,-119.82421,177.668
move,-120.00584,176.25179
move,-120.14105,174.84264
move,-120.17817,173.45198
move,-120.14252,172.23048
move,-120.06878,170.81668
move,-119.96481,169.45334
move,-119.831566,168.22647
move,-119.62095,166.82658
move,-119.398094,165.61269
move,-119.16309,164.37639
move,-119.0185,163.1514
move,-118.98356,161.86948
move,-119.002304,160.61125
move,-119.04256,159.36554
move,-119.10024,158.07213
move,-119.17804,156.8283
move,-119.2712,155.4642
move,-119.37662,154.06454
move,-119.482185,152.65277
move,-119.57216,151.22783
move,-119.64397,149.99571
move,-119.71786,148.75157
move,-119.81315,147.54535
move,-119.933044,146.30481
move,-120.0851,144.92162
move,-120.223206,143.69518
move,-120.36487,142.48132
move,-120.505775,141.26738
move,-120.64548,140.05327
move,-120.77773,138.71677
move,-120.83997,137.31467
move,-120.86775,135.92354
move,-120.84607,134.6896
move,-120.8035,133.27457
move,-120.76069,132.04114
move,-120.72626,130.81952
move,-120.69515,129.59784
move,-120.674736,128.3638
move,-120.69704,127.141975
move,-120.771805,125.922264
move,-120.962616,124.43473
move,-121.383965,123.07426
move,-122.099495,121.86962
move,-123.04408,120.851944
move,-124.05008,120.16156
move,-125.28565,119.60792
move,-126.61928,119.2137
move,-127.98835,118.96834
move,-129.3513,118.86638
move,-130.71843,118.84727
move,-132.0614,118.82965
move,-133.4286,118.81534
move,-134.78386,118.808075
move,-136.15114,118.79869
move,-137.44577,118.78894
move,-138.74042,118.78094
move,-140.10774,118.774055
move,-141.4388,118.76718
move,-142.79399,118.75927
move,-144.13715,118.75625
move,-145.4803,118.75611
move,-146.87167,118.73927
move,-148.22676,118.725426
move,-149.60606,118.70885
move,-150.97275,118.74633
move,-152.32687,118.79966
move,-153.71782,118.83753
move,-155.08505,118.85422
move,-156.45209,118.83319
move,-157.80534,118.76195
move,-159.19121,118.63841
move,-160.51404,118.35361
move,-161.78076,117.84102
move,-162.9575,117.14865
move,-164.01599,116.265335
move,-165.00005,115.31608
move,-165.99835,114.34672
move,-166.99219,113.390144
move,-168.03026,112.46378
move,-169.11726,111.61499
move,-170.25856,110.86275
move,-171.4644,110.19334
move,-172.73004,109.58714
move,-174.01466,109.12087
move,-175.34108,108.79075
move,-176.6993,108.55106
move,-178.06775,108.37804
move,-179.4425,108.266785
move,-180.83315,108.23691
move,-182.23503,108.30661
move,-183.66081,108.38314
move,-185.03423,108.29861
move,-186.22595,108.02934
move,-187.52434,107.50499
move,-188.6199,106.63622
move,-189.31653,105.57843
move,-189.87059,104.2895
move,-190.4085,102.993454
move,-191.22961,101.85521
move,-192.48422,101.2378
move,-193.69633,100.95102
move,-195.07256,100.74707
move,-196.47778,100.57511
move,-197.71503,100.42482
move,-199.12134,100.26213
move,-200.34804,100.12616
move,-201.57524,99.99474
move,-202.7899,99.8599
move,-204.20866,99.69969
move,-205.6167,99.55291
move,-207.03961,99.435234
move,-208.25902,99.35431
move,-209.5031,99.27996
move,-210.92935,99.21364
move,-212.34444,99.17381
move,-213.60272,99.16078
move,-214.83685,99.147156
move,-216.25238,99.12701
move,-217.47408,99.09511
move,-218.69539,99.05183
move,-219.92825,98.99407
move,-221.18456,98.92126
move,-222.59715,98.8268
move,-223.81635,98.74292
move,-225.03554,98.65852
move,-226.2559,98.59534
move,-227.48943,98.55426
move,-228.72308,98.518845
move,-229.94504,98.53498
move,-231.37276,98.55012
move,-232.8124,98.5713
move,-234.06494,98.688484
move,-235.4511,98.90753
move,-236.66466,99.19047
move,-237.99501,99.59788
move,-239.1741,100.00144
move,-240.31996,100.49034
move,-241.38036,101.096375
move,-242.37122,101.79047
move,-243.33838,102.575714
move,-244.29431,103.58605
move,-245.21922,104.62563
move,-246.02437,105.54501
move,-246.9684,106.583374
move,-247.85228,107.42705
move,-248.793,108.206055
move,-250.0333,108.855225
move,-251.20863,109.18578
move,-252.40343,109.3745
move,-253.8384,109.492
move,-255.25171,109.57365
move,-256.5084,109.63971
move,-257.74088,109.70524
move,-258.9976,109.770744
move,-260.21942,109.79235
move,-261.45358,109.777176
move,-262.68665,109.72302
move,-263.93152,109.66019
move,-265.18826,109.59585
move,-266.40823,109.52252
move,-267.62708,109.43462
move,-268.85773,109.34074
move,-270.10916,109.21045
move,-271.51868,108.9834
move,-272.71317,108.790276
move,-274.12314,108.56538
move,-275.51004,108.34973
move,-276.89478,108.12062
move,-278.2829,107.84315
move,-279.63458,107.51324
move,-280.9745,107.09694
move,-282.25177,106.54656
move,-283.44336,105.83078
move,-284.5181,104.9115
move,-285.4352,103.86643
move,-286.2318,102.71136
move,-286.9282,101.52081
move,-287.57214,100.30102
move,-288.12335,99.15641
move,-288.61395,98.03713
move,-289.1266,96.743645
move,-289.57156,95.42537
move,-289.9425,94.0845
move,-290.20306,92.71805
move,-290.35474,91.50554
move,-290.4663,90.1307
move,-290.5426,88.910995
move,-290.6345,87.49828
move,-290.73257,86.28018
move,-290.88037,84.884445
move,-291.1281,83.67714
move,-291.68448,82.36381
move,-292.3842,81.148094
move,-293.34778,80.15712
move,-294.42453,79.5863
move,-295.75085,79.21311
move,-297.14606,78.97397
move,-298.49838,78.77253
move,-299.86856,78.531906
move,-301.2052,78.19279
move,-302.4395,77.69785
move,-303.66397,77.01344
move,-304.75964,76.2174
move,-305.73752,75.29823
move,-306.574,74.26413
move,-307.31442,73.1152
move,-307.95493,71.96243
move,-308.57056,70.72812
move,-309.1403,69.51186
move,-309.6682,68.27702
move,-310.11472,66.98521
move,-310.43628,65.65684
move,-310.60117,64.30019
move,-310.61444,62.897667
move,-310.42056,61.52078
move,-310.07098,60.212433
move,-309.51157,58.940567
move,-308.73438,57.954426
move,-307.7475,56.93953
move,-306.76077,55.993057
move,-305.71002,55.026337
move,-304.68985,54.11597
move,-303.6657,53.19201
move,-302.72803,52.181454
move,-301.87854,51.095448
move,-301.167,49.90092
move,-300.65573,48.62142
move,-300.32257,47.30814
move,-300.03397,45.959305
move,-299.77585,44.62891
move,-299.52618,43.30927
move,-299.32416,41.969223
move,-299.12244,40.665855
move,-298.81015,39.335167
move,-298.4162,38.076836
move,-297.90067,36.82436
move,-297.2593,35.68687
move,-296.40707,34.636395
move,-295.37842,33.8139
move,-294.26605,33.105637
move,-293.1884,32.34923
move,-292.39157,31.304207
move,-291.8077,30.109554
move,-291.41385,28.839401
move,-291.12308,27.528255
move,-290.8994,26.22859
move,-290.72543,24.896866
move,-290.57767,23.574131
move,-290.4437,22.249893
move,-290.31622,20.90073
move,-290.2224,19.597315
move,-290.14584,18.244314
move,-290.1416,16.865288
move,-290.20975,15.499694
move,-290.28317,14.134386
move,-290.38303,12.625191
move,-290.4635,11.296693
move,-290.51733,9.894129
move,-290.58282,8.552654
move,-290.6886,7.189531
move,-290.85217,5.832164
move,-291.10587,4.5262985
move,-291.66547,3.286305
move,-292.53662,2.268487
move,-293.7195,1.5790069
move,-295.03876,1.3424505
move,-296.36887,1.3217994
move,-297.72253,1.3866596
move,-299.1008,1.4403633
move,-300.46786,1.4276946
move,-301.82114,1.3573152
move,-303.18234,1.2300051
move,-304.53967,1.0653422
move,-305.84222,0.85949546
move,-307.16003,0.6002628
move,-308.46503,0.33863306
move,-309.7692,0.07262075
move,-311.08554,-0.1939859
move,-312.3941,-0.43737346
move,-313.70343,-0.57517993
move,-315.04535,-0.5343829
move,-316.36026,-0.43272078
move,-317.68533,-0.30683067
move,-319.02356,-0.19304517
move,-320.36377,-0.10542967
move,-321.70535,-0.03974377
move,-323.04755,0.009163989
move,-324.37805,0.04830438
move,-325.73294,0.0790593
move,-327.11203,0.10548202
move,-328.3219,0.11762177
move,-329.7133,0.104503155
move,-331.0922,0.06838561
move,-332.50708,0.018869666
move,-333.77692,-0.02150446
move,-335.17987,-0.064178675
move,-336.4981,-0.10255515
move,-337.8767,-0.14831297
move,-339.1099,-0.19780296
move,-340.47644,-0.23979123
move,-341.88004,-0.24609752
move,-343.2595,-0.2526473
move,-344.68735,-0.26270223
move,-346.06677,-0.25256148
move,-347.3969,-0.20507929
move,-348.67673,-0.120791145
move,-350.07397,0.012388589
move,-351.38434,0.16197869
move,-352.76367,0.34538814
move,-354.1043,0.54319155
move,-355.38425,0.7379116
move,-356.73743,0.9335848
move,-358.11963,1.0925721
move,-359.08554,1.1552893
cluster,1529
move,350,-210
move,349.66174,-210.05775
move,348.50464,-210.28769
move,347.322,-210.41771
move,346.1214,-210.44693
move,344.86667,-210.4304
move,343.7835,-210.43158
move,342.6482,-210.48439
move,341.41983,-210.59534
move,340.3102,-210.70755
move,339.09882,-210.87259
move,338.01855,-211.04489
move,336.79462,-211.26788
move,335.73035,-211.46902
move,334.532,-211.47191
move,333.2713,-211.36276
move,332.06305,-211.27087
move,330.8953,-211.21709
move,329.73013,-211.12311
move,328.56873,-210.99039
move,327.43018,-210.847
move,326.28763,-210.73991
move,325.15594,-210.63148
move,324.03543,-210.51932
move,322.90366,-210.41273
move,321.79025,-210.34697
move,320.66498,-210.30273
move,319.56076,-210.27141
move,318.44568,-210.24437
move,317.31995,-210.2155
move,316.19925,-210.11298
move,315.1428,-209.83675
move,314.1624,-209.33267
move,313.28677,-208.62706
move,312.59122,-207.78526
move,312.04645,-206.82509
move,311.59225,-205.8417
move,311.11017,-204.84805
move,310.50714,-203.92384
move,309.66586,-203.05505
move,308.74475,-202.44847
move,307.70114,-202.03067
move,306.61865,-201.81584
move,305.48447,-201.74509
move,304.3477,-201.73602
move,303.23245,-201.75616
move,302.09583,-201.77718
move,300.98096,-201.75526
move,299.8458,-201.69307
move,298.70987,-201.64775
move,297.59528,-201.6062
move,296.39792,-201.5697
move,295.01236,-201.53865
move,293.62888,-201.4588
move,292.27652,-201.31932
move,290.9171,-201.12831
move,289.55423,-200.87694
move,288.24066,-200.58159
move,287.0836,-200.28947
move,285.77744,-199.96307
move,284.45795,-199.69588
move,283.02414,-199.46828
move,281.56424,-199.35011
move,280.11246,-199.32878
move,278.64725,-199.33551
move,277.18204,-199.34201
move,275.67722,-199.3489
move,274.22604,-199.39095
move,272.7235,-199.47292
move,271.26044,-199.55003
move,269.7705,-199.6198
move,268.3066,-199.68134
move,266.88187,-199.72998
move,265.4833,-199.77017
move,264.07153,-199.81091
move,262.61984,-199.8421
move,261.22064,-199.85728
move,259.6894,-199.8665
move,258.251,-199.8334
move,256.83936,-199.78838
move,258.251,-199.8334
move,255.34818,-199.7496
move,253.94928,-199.72061
move,252.51051,-199.71478
move,251.05846,-199.71848
move,249.59319,-199.72372
move,248.14125,-199.73215
move,246.70258,-199.74174
move,245.2639,-199.75093
move,243.85175,-199.76985
move,242.3605,-199.79922
move,240.85605,-199.83081
move,239.35161,-199.86273
move,237.82071,-199.89197
move,236.31596,-199.90463
move,234.8111,-199.90666
move,233.29303,-199.90405
move,231.77527,-199.92995
move,230.28452,-199.97931
move,228.7676,-200.03636
move,227.27711,-200.09454
move,225.77344,-200.15346
move,224.28308,-200.21457
move,222.77939,-200.27365
move,221.28886,-200.33163
move,219.79854,-200.39311
move,218.29497,-200.45435
move,216.79106,-200.48315
move,215.302,-200.39748
move,213.81725,-200.25577
move,212.2821,-200.08635
move,210.79796,-199.93747
move,209.31134,-199.81583
move,207.78183,-199.7459
move,206.39075,-199.7122
move,205.03561,-199.69789
move,203.64581,-199.7579
move,202.404,-199.86296
move,201.12935,-200.00517
move,199.7864,-200.18672
move,198.39793,-200.39194
move,197.02238,-200.60182
move,195.65196,-200.8429
move,194.26414,-201.04913
move,192.8554,-201.18884
move,191.46147,-201.35327
move,190.24872,-201.50404
move,189.03928,-201.67921
move,187.62996,-201.90834
move,186.2395,-202.0987
move,184.83214,-202.25197
move,183.45236,-202.55824
move,182.18259,-203.17598
move,181.30267,-204.24657
move,181.0155,-205.59012
move,180.84332,-206.9943
move,180.27832,-208.25092
move,179.16232,-209.08778
move,177.87268,-209.57
move,176.51176,-209.85747
move,175.22763,-210.02058
move,173.83156,-210.1652
move,172.46463,-210.34988
move,171.09897,-210.54385
move,169.73753,-210.66733
move,168.35114,-210.78622
move,167.00227,-210.91733
move,165.6634,-211.02277
move,164.3087,-211.04964
move,162.96738,-210.98308
move,161.63962,-210.89055
move,160.30212,-210.76865
move,158.9675,-210.61855
move,157.60368,-210.52495
move,156.30913,-210.53903
move,154.95409,-210.56023
move,153.67262,-210.60971
move,152.29605,-210.6974
move,150.9675,-210.77759
move,149.6268,-210.85799
move,148.27454,-210.94681
move,146.93431,-211.03482
move,145.58551,-211.16194
move,144.29282,-211.55563
move,143.09006,-212.20244
move,142.1135,-212.9925
move,141.30264,-213.99875
move,140.65785,-215.17555
move,140.09471,-216.43471
move,139.5308,-217.69354
move,138.84059,-218.97032
move,138.09726,-220.11781
move,137.30797,-221.2638
move,136.5265,-222.38577
move,135.74934,-223.52542
move,134.96727,-224.66171
move,134.12785,-225.77039
move,133.10832,-226.69588
move,131.93884,-227.42488
move,130.69846,-227.99944
move,129.38817,-228.53505
move,128.07883,-228.96811
move,126.736015,-229.3327
move,125.39293,-229.64648
move,124.03502,-229.88768
move,122.807365,-230.01012
move,121.454254,-229.96075
move,120.08094,-229.74301
move,118.74797,-229.34592
move,117.4396,-228.83846
move,116.32266,-228.34306
move,115.06818,-227.71352
move,113.97325,-227.11996
move,113.03032,-226.34366
move,112.121216,-225.54517
move,111.11287,-224.69519
move,110.130035,-223.9489
move,108.96279,-223.14792
move,107.91859,-222.4677
move,106.863045,-221.85245
move,105.742966,-221.30643
move,104.619286,-220.85774
move,103.27858,-220.36671
move,102.11693,-219.94981
move,100.75027,-219.45937
move,99.607765,-219.0257
move,98.32584,-218.45569
move,97.296936,-217.79921
move,96.30859,-216.77525
move,95.57696,-215.60622
move,94.92269,-214.37856
move,94.27839,-213.0908
move,93.6557,-211.81946
move,93.043625,-210.56981
move,92.51209,-209.48279
move,91.85498,-208.1745
move,91.156,-206.9299
move,90.44464,-205.92212
move,89.607925,-205.01598
move,88.66712,-204.21844
move,87.641785,-203.55437
move,86.34028,-202.8584
move,85.03862,-202.27194
move,83.73789,-201.74457
move,82.37802,-201.31454
move,81.00212,-201.03802
move,79.615585,-200.8202
move,78.40836,-200.63013
move,77.18587,-200.46103
move,75.969986,-200.33968
move,74.725395,-200.27626
move,73.31007,-200.2436
move,72.0882,-200.21935
move,70.854614,-200.18123
move,69.622185,-200.11539
move,68.37716,-200.05948
move,65.78998,-199.95439
move,64.54473,-199.90382
move,63.239002,-199.8508
move,62.017906,-199.80125
move,60.72427,-199.7487
move,59.37018,-199.69371
move,58.04027,-199.6397
move,56.698273,-199.58522
move,55.39255,-199.53226
move,53.83293,-199.46895
move,52.57557,-199.41794
move,51.33029,-199.36742
move,50.000385,-199.31346
move,48.71837,-199.28493
move,47.49399,-199.02353
move,46.45367,-198.3111
move,45.625553,-197.34833
move,44.813633,-196.35551
move,43.931625,-195.375
move,43.034172,-194.459
move,42.05629,-193.66818
move,40.94829,-193.0486
move,39.77596,-192.52887
move,38.573486,-192.08318
move,37.335365,-191.70541
move,36.075417,-191.40814
move,34.79091,-191.16847
move,33.495167,-190.99956
move,32.25416,-190.88512
move,30.975374,-190.7866
move,29.658392,-190.71585
move,28.352499,-190.66719
move,27.059652,-190.5983
move,25.718765,-190.52126
move,24.328388,-190.46594
move,22.961403,-190.43704
move,21.570013,-190.42165
move,20.251156,-190.4311
move,18.932392,-190.4498
move,17.673996,-190.45459
move,16.427696,-190.45294
move,15.169359,-190.44084
move,13.838654,-190.41298
move,12.459506,-190.3868
move,11.092248,-190.38832
move,9.713268,-190.42195
move,8.310431,-190.46808
move,6.9560018,-190.51366
move,5.5794296,-190.60117
move,4.1790943,-190.69684
move,2.7057672,-190.78857
move,1.4491266,-190.85513
move,0.071554966,-190.92612
move,-1.1973159,-190.9904
move,-2.5020933,-191.06306
move,-3.9034364,-191.14265
move,-5.1598706,-191.21297
move,-6.4043717,-191.27995
move,-7.6477323,-191.36327
move,-8.874283,-191.57979
move,-10.066658,-191.94058
move,-11.210969,-192.43294
move,-12.294777,-192.99689
move,-13.327842,-193.6709
move,-14.250647,-194.48872
move,-15.0768385,-195.38911
move,-15.886904,-196.32027
move,-16.706594,-197.22647
move,-17.650776,-198.03687
move,-18.702402,-198.65797
move,-19.80573,-199.183
move,-20.94291,-199.6299
move,-22.244825,-200.0039
move,-23.554977,-200.23518
move,-24.89242,-200.35504
move,-26.222963,-200.38371
move,-27.565725,-200.41245
move,-28.908148,-200.45503
move,-30.274033,-200.51704
move,-31.627653,-200.58217
move,-32.981194,-200.64877
move,-34.345097,-200.74467
move,-35.697937,-200.8238
move,-37.0649,-200.84886
move,-38.443974,-200.82544
move,-39.65095,-200.74236
move,-41.034008,-200.58977
move,-42.37723,-200.4102
move,-43.781494,-200.23059
move,-45.174446,-200.05792
move,-46.545055,-199.90302
move,-47.956646,-199.79544
move,-49.389835,-199.66138
move,-50.73348,-199.27158
move,-51.85589,-198.54129
move,-52.802074,-197.69351
move,-53.858784,-196.73334
move,-54.7723,-195.90346
move,-55.704323,-195.05797
move,-56.641113,-194.25485
move,-57.66109,-193.51915
move,-58.725006,-192.91905
move,-59.871723,-192.4012
move,-61.035744,-191.95605
move,-62.190212,-191.55515
move,-63.55226,-191.08812
move,-64.72787,-190.71237
move,-65.91253,-190.36682
move,-67.11802,-190.05061
move,-68.3234,-189.73398
move,-69.506714,-189.38383
move,-70.66312,-188.9539
move,-71.941025,-188.34613
move,-73.01133,-187.73228
move,-74.138985,-186.87982
move,-75.052185,-185.7706
move,-75.67303,-184.71846
move,-76.251434,-183.46664
move,-76.72509,-182.34001
move,-77.233574,-181.07086
move,-77.665596,-179.92766
move,-78.15263,-178.6242
move,-78.64138,-177.30844
move,-79.12988,-176.03145
move,-79.69578,-174.76086
move,-80.44037,-173.60207
move,-81.38688,-172.56744
move,-82.50124,-171.78146
move,-83.740715,-171.26888
move,-85.08048,-170.94427
move,-86.4499,-170.7835
move,-87.76655,-170.8103
move,-89.08005,-171.1324
move,-90.30444,-171.68196
move,-91.47177,-172.34578
move,-92.6707,-173.12059
move,-93.655,-173.90297
move,-94.55122,-174.88544
move,-95.32143,-175.97012
move,-96.03704,-177.09218
move,-96.87556,-178.1075
move,-97.93584,-178.8845
move,-99.16053,-179.36575
move,-100.431885,-179.60336
move,-101.7597,-179.69055
move,-103.06631,-179.69128
move,-104.38362,-179.6281
move,-105.70946,-179.5116
move,-107.03356,-179.37653
move,-108.35655,-179.23076
move,-109.68776,-179.0532
move,-110.97899,-178.78777
move,-112.23226,-178.27953
move,-113.32219,-177.50076
move,-114.24377,-176.50769
move,-115.13926,-175.50668
move,-116.081024,-174.49901
move,-117.03176,-173.65706
move,-118.176956,-172.9131
move,-119.39268,-172.37375
move,-120.651436,-171.98117
move,-121.85416,-171.70549
move,-123.06939,-171.49033
move,-124.30459,-171.32549
move,-125.727234,-171.205
move,-126.94697,-171.12921
move,-128.19176,-171.0677
move,-129.43762,-171.0375
move,-130.65967,-171.02621
move,-131.90594,-171.01912
move,-133.20068,-171.0258
move,-134.4831,-171.04723
move,-135.91054,-171.07623
move,-137.13239,-171.09828
move,-138.35445,-171.1005
move,-139.74586,-171.08536
move,-141.12515,-171.07104
move,-142.37134,-171.06363
move,-143.70052,-171.1281
move,-145.09761,-171.26103
move,-146.45862,-171.54404
move,-147.75995,-171.9628
move,-149.03915,-172.44545
move,-150.2994,-173.00562
move,-151.50131,-173.63129
move,-152.65999,-174.33276
move,-153.65204,-175.23482
move,-154.58276,-176.20312
move,-155.55843,-177.21208
move,-156.57047,-178.07487
move,-157.71312,-178.80212
move,-158.96501,-179.40804
move,-160.22241,-179.84216
move,-161.53278,-180.13405
move,-162.8782,-180.29202
move,-164.208,-180.3438
move,-165.53888,-180.32927
move,-166.86952,-180.29897
move,-168.21194,-180.257
move,-169.51651,-180.18248
move,-170.80621,-180.06914
move,-172.10422,-179.91788
move,-173.42638,-179.76463
move,-174.73793,-179.62576
move,-176.06299,-179.50035
move,-177.39047,-179.4042
move,-178.73311,-179.37756
move,-180.07465,-179.43994
move,-181.42662,-179.53282
move,-182.77844,-179.62845
move,-184.10599,-179.7243
move,-185.47966,-179.84909
move,-186.81248,-180.0148
move,-188.14609,-180.17374
move,-189.43417,-180.3043
move,-190.72337,-180.42276
move,-191.94284,-180.5025
move,-193.28403,-180.57367
move,-194.68561,-180.64813
move,-196.05075,-180.72444
move,-197.41595,-180.79968
move,-198.81773,-180.87166
move,-200.1824,-180.95651
move,-201.54633,-181.05244
move,-202.9546,-181.19548
move,-204.32097,-181.4564
move,-205.65155,-181.8181
move,-206.90614,-182.43884
move,-207.94463,-183.35748
move,-208.5523,-184.59325
move,-208.6362,-185.96828
move,-208.57095,-187.37027
move,-208.60052,-188.79669
move,-208.77682,-190.1887
move,-209.00636,-191.5857
move,-209.21173,-192.9619
move,-209.30898,-194.37364
move,-209.24919,-195.7505
move,-208.96593,-197.11171
move,-208.62852,-198.41171
move,-208.21573,-199.77827
move,-207.76462,-201.09436
move,-207.16313,-202.32042
move,-206.41289,-203.46268
move,-205.65114,-204.40218
move,-204.65921,-205.35992
move,-203.62868,-206.23988
move,-202.65042,-207.1392
move,-201.8249,-208.22836
move,-201.12657,-209.5136
move,-200.6223,-210.6796
move,-200.1318,-211.95573
move,-199.71025,-213.23087
move,-199.40448,-214.59866
move,-199.3647,-215.86821
move,-199.41003,-217.17395
move,-199.49455,-218.44167
move,-199.61964,-219.73022
move,-199.75084,-221.00612
move,-199.92317,-222.30145
move,-200.0825,-223.56186
move,-200.20174,-224.87529
move,-200.28758,-226.15501
move,-200.31206,-227.38876
move,-200.29051,-228.78009
move,-200.22668,-230.0125
move,-200.12192,-231.2301
move,-200.01059,-232.44711
move,-199.8885,-233.67526
move,-199.76599,-234.90337
move,-199.64459,-236.14374
move,-199.51651,-237.38344
move,-199.37076,-238.64557
move,-199.24585,-239.89769
move,-199.17052,-241.1779
move,-199.15376,-242.53297
move,-199.14296,-243.91226
move,-199.07036,-245.2652
move,-198.9623,-246.64032
move,-198.7713,-247.96906
move,-198.4993,-249.30894
move,-198.1393,-250.61482
move,-197.52855,-251.80814
move,-196.8845,-253.00055
move,-196.19948,-254.21143
move,-195.40489,-255.32324
move,-194.46568,-256.31503
move,-193.36784,-257.1277
move,-192.24074,-257.71252
move,-190.97572,-258.23102
move,-189.69461,-258.6722
move,-188.35638,-259.05328
move,-186.90227,-259.4693
move,-185.68248,-259.90244
move,-184.472,-260.50952
move,-183.40108,-261.16965
move,-182.46144,-261.98395
move,-181.67155,-262.9932
move,-181.02339,-264.0569
move,-180.5684,-265.22687
move,-180.34938,-266.48962
move,-180.25198,-267.73193
move,-180.2382,-269.02634
move,-180.26958,-270.2722
move,-180.31027,-271.55414
move,-180.35548,-272.8359
move,-180.42953,-274.16467
move,-180.61423,-275.48224
move,-180.93654,-276.78543
move,-181.4714,-278.01413
move,-182.37051,-279.0508
move,-183.55315,-279.7269
move,-184.86337,-280.1555
move,-186.201,-280.4922
move,-187.50536,-280.81238
move,-188.83081,-281.148
move,-190.1642,-281.54572
move,-191.4198,-281.98663
move,-192.63284,-282.58737
move,-193.72583,-283.38635
move,-194.73682,-284.2886
move,-195.70335,-285.20377
move,-196.65561,-286.13358
move,-197.53848,-287.08023
move,-198.31514,-288.05435
move,-198.99356,-289.08514
move,-199.59607,-290.1758
move,-200.20885,-291.43832
move,-200.73232,-292.75327
move,-201.06487,-293.94104
move,-201.30655,-295.16357
move,-201.54408,-296.39932
move,-201.82378,-297.67545
move,-202.22131,-298.94553
move,-202.66412,-300.1879
move,-203.11452,-301.32382
move,-203.61243,-302.45288
move,-204.29527,-303.67798
move,-205.0417,-304.6443
move,-205.9153,-305.56677
move,-206.86285,-306.5356
move,-207.73994,-307.43805
move,-208.66945,-308.48944
move,-209.45636,-309.59128
move,-210.06021,-310.8959
move,-210.40642,-312.22968
move,-210.54218,-313.4433
move,-210.50583,-314.8455
move,-210.33589,-316.2263
move,-210.01825,-317.59213
move,-209.47745,-318.92554
move,-208.83919,-320.12054
move,-208.1532,-321.31735
move,-207.5487,-322.3795
move,-206.7935,-323.5028
move,-205.87624,-324.51562
move,-204.85349,-325.441
move,-203.74997,-326.30722
move,-202.57011,-327.04385
move,-201.32126,-327.65558
move,-200.05092,-328.1611
move,-198.77007,-328.6396
move,-197.63214,-329.0509
move,-196.31216,-329.52823
move,-195.01958,-329.9741
move,-193.71263,-330.41528
move,-192.45134,-330.84036
move,-191.23653,-331.28793
move,-190.01114,-331.80673
move,-188.80847,-332.40402
move,-187.67441,-333.14343
move,-186.73177,-334.01242
move,-185.8612,-334.95425
move,-184.99625,-335.9974
move,-184.1354,-337.01218
move,-182.92339,-338.04547
move,-181.79347,-338.5968
move,-180.5385,-339.07455
move,-179.27715,-339.4138
move,-178.01328,-339.63138
move,-176.67554,-339.74377
move,-175.35692,-339.7666
move,-174.00198,-339.79227
move,-172.62262,-339.7899
move,-171.35222,-339.80618
move,-170.11821,-339.82385
move,-168.76321,-339.8056
move,-167.51727,-339.82404
move,-166.23767,-339.91122
move,-164.94487,-339.98007
move,-163.6869,-340.0041
move,-162.34503,-339.94974
move,-160.94469,-339.8567
move,-159.63803,-339.86713
move,-158.28387,-339.8179
move,-156.91132,-339.6822
move,-155.60788,-339.60977
move,-154.27078,-339.72482
move,-152.95744,-340.00116
move,-151.6758,-340.40268
move,-150.41376,-340.86172
move,-149.20464,-341.4158
move,-148.06848,-342.10788
move,-147.03911,-342.91156
move,-146.09789,-343.81747
move,-145.22356,-344.78857
move,-144.4039,-345.79056
move,-143.67145,-346.82825
move,-143.04967,-347.92136
move,-142.53606,-349.06973
move,-142.1864,-350.27667
move,-141.90982,-351.51663
move,-141.70169,-352.72006
move,-141.56758,-353.9956
move,-141.49352,-355.30017
move,-141.45085,-356.5336
move,-141.47372,-357.81552
move,-141.62415,-359.02756
move,-141.94154,-360.23193
move,-142.3867,-361.39545
move,-142.94705,-362.52182
move,-143.57106,-363.58627
move,-144.31422,-364.60077
move,-145.14188,-365.49942
move,-146.06052,-366.3592
move,-147.00291,-367.15582
move,-148.0048,-367.87598
move,-149.08533,-368.52026
move,-150.20589,-369.03558
move,-151.38565,-369.39526
move,-152.59444,-369.6433
move,-153.99278,-369.8637
move,-155.21822,-370.01022
move,-156.45735,-370.14365
move,-157.69403,-370.29703
move,-158.90102,-370.59888
move,-160.04906,-371.11115
move,-161.14426,-371.777
move,-162.13196,-372.53647
move,-163.07689,-373.38535
move,-164.00044,-374.2754
move,-164.90514,-375.15012
move,-165.83583,-376.0501
move,-166.74382,-376.93875
move,-167.71082,-377.7987
move,-168.75665,-378.51843
move,-169.89966,-379.1252
move,-171.09473,-379.6227
move,-172.33586,-380.06845
move,-173.61765,-380.42508
move,-174.91467,-380.66232
move,-176.21796,-380.74774
move,-177.54861,-380.72217
move,-178.83006,-380.6673
move,-180.14749,-380.605
move,-181.465,-380.544
move,-182.7823,-380.47855
move,-184.09998,-380.4214
move,-185.42929,-380.3587
move,-186.73369,-380.0994
move,-187.97928,-379.7939
move,-189.31421,-379.36243
move,-190.44855,-378.81955
move,-191.47269,-378.17557
move,-192.50864,-377.37994
move,-193.52975,-376.52628
move,-194.45978,-375.64355
move,-195.32448,-374.6801
move,-196.17717,-373.6899
move,-197.04149,-372.71024
move,-198.05632,-371.8705
move,-199.14914,-371.22424
move,-200.3498,-370.7099
move,-201.59753,-370.37088
move,-202.8815,-370.20886
move,-204.27171,-370.15234
move,-205.62686,-370.1516
move,-206.982,-370.14606
move,-208.3122,-370.10117
move,-209.6306,-370.06653
move,-210.98573,-370.05698
move,-212.32835,-370.09012
move,-213.68298,-370.12958
move,-215.02504,-370.18228
move,-216.35408,-370.25385
move,-217.11546,-370.291
cluster,1598
move,-0.50000066,359.5
move,-0.6166567,358.32605
move,-0.7338891,357.1414
move,-0.8173581,355.96497
move,-0.8153956,354.77463
move,-0.79542696,353.6058
move,-0.7664941,352.43713
move,-0.7282222,351.258
move,-0.68932706,350.0789
move,-0.67274725,348.89932
move,-0.6896799,347.71976
move,-0.71675426,346.5404
move,-0.7916133,345.3523
move,-0.88486123,344.187
move,-0.9342733,343.00854
move,-0.93161356,341.8397
move,-0.89080006,340.6499
move,-0.8424443,339.47116
move,-0.7866293,338.28204
move,-0.8067853,337.08102
move,-0.81755245,335.91208
move,-0.79314053,334.7327
move,-0.77443296,333.5424
move,-0.73612976,332.37408
move,-0.64329183,331.20886
move,-0.51212776,330.03647
move,-0.36889789,328.85464
move,-0.22927682,327.70477
move,-0.061580785,326.5479
move,0.10043167,325.3795
move,0.14435752,324.2869
move,0.13456514,323.12866
move,0.11474764,321.9384
move,0.102879494,320.8124
move,0.14451842,319.60132
move,0.24998096,318.44797
move,0.39245513,317.3201
move,0.546652,316.19376
move,0.72257155,315.07062
move,0.8925038,313.93573
move,0.9794895,312.78122
move,0.95844495,311.63406
move,0.8562549,310.5235
move,0.7001539,309.37582
move,0.5913045,308.25543
move,0.57235813,307.11884
move,0.53957385,306.01474
move,0.46249688,304.8806
move,0.3214003,303.7526
move,0.165393,302.62653
move,-0.029531827,301.53918
move,-0.27543658,300.14835
move,-0.4802642,298.791
move,-0.64356685,297.4147
move,-0.82317626,296.01382
move,-1.0028082,294.6129
move,-1.1451412,293.20764
move,-1.3424574,291.79587
move,-1.6276828,290.3726
move,-2.0868154,288.9824
move,-2.6811593,287.67236
move,-3.3488417,286.428
move,-4.129265,285.20416
move,-5.0465126,284.1328
move,-6.1677446,283.23398
move,-7.362215,282.53302
move,-8.648679,281.9842
move,-10.033116,281.50516
move,-11.442448,281.10522
move,-12.925456,280.78253
move,-14.242442,280.5758
move,-15.677504,280.355
move,-17.101284,280.14774
move,-18.527477,279.95795
move,-19.955149,279.77927
move,-21.358257,279.61765
move,-22.790737,279.4842
move,-24.21482,279.42105
move,-25.666666,279.40436
move,-27.092258,279.40094
move,-28.543962,279.3741
move,-29.994335,279.30646
move,-31.44365,279.21817
move,-32.88021,279.13782
move,-34.344086,279.07617
move,-35.808285,279.02438
move,-37.25855,278.9543
move,-38.723328,278.9758
move,-40.184544,279.08124
move,-41.637474,279.26877
move,-43.086834,279.48358
move,-44.511078,279.68753
move,-45.946934,279.90335
move,-47.37407,280.08585
move,-48.834534,280.20096
move,-50.284027,280.28613
move,-51.760853,280.3538
move,-53.198696,280.4059
move,-54.65034,280.43765
move,-56.012096,280.4342
move,-57.32947,280.37222
move,-58.657566,280.28458
move,-59.982716,280.1602
move,-61.317398,280.01013
move,-62.676155,279.85773
move,-64.03013,279.6676
move,-65.40368,279.44495
move,-66.7643,279.21808
move,-68.11212,278.98822
move,-69.36531,278.77957
move,-70.72401,278.6297
move,-71.993805,278.59152
move,-73.346016,278.6678
move,-74.66241,278.92844
move,-75.936295,279.41873
move,-77.06281,280.12466
move,-78.07266,280.9699
move,-78.79958,282.03403
move,-79.22713,283.24173
move,-79.569695,284.4903
move,-80.08021,285.61917
move,-80.960915,286.54715
move,-82.00977,287.28308
move,-83.11992,287.87488
move,-84.31189,288.34543
move,-85.56069,288.63278
move,-86.82389,288.76035
move,-88.09405,288.7885
move,-89.36451,288.79932
move,-90.634995,288.7956
move,-91.89335,288.78595
move,-93.16342,288.7537
move,-94.44516,288.70724
move,-95.726166,288.64386
move,-97.02932,288.54617
move,-98.272255,288.4547
move,-99.578125,288.4107
move,-100.83612,288.4378
move,-102.140175,288.5216
move,-103.44046,288.65134
move,-104.73127,288.74786
move,-106.07274,288.8138
move,-107.36694,288.81976
move,-108.68035,288.7032
move,-110.02663,288.4658
move,-111.29189,288.14005
move,-112.55621,287.72473
move,-113.78913,287.2564
move,-114.93293,286.7619
move,-116.071625,286.09964
move,-117.14964,285.2991
move,-118.20706,284.45157
move,-119.280945,283.5859
move,-120.374695,282.8072
move,-121.60392,282.21564
move,-122.79377,281.94403
move,-124.15686,281.84814
move,-125.51066,281.89774
move,-126.8908,282.0721
move,-128.22566,282.3059
move,-129.59245,282.5668
move,-130.9395,282.86343
move,-132.27965,283.23636
move,-133.5613,283.74435
move,-134.77435,284.3996
move,-135.93463,285.18835
move,-136.99065,285.97842
move,-138.06879,286.77933
move,-139.17935,287.4655
move,-140.36493,287.9517
move,-141.75159,288.2886
move,-143.13281,288.4462
move,-144.48683,288.39764
move,-145.86398,288.3192
move,-147.23979,288.22064
move,-148.58876,287.9465
move,-149.86674,287.43118
move,-151.09225,286.7479
move,-152.23254,285.99396
move,-153.35956,285.13776
move,-154.37012,284.2176
move,-155.34067,283.20377
move,-156.31248,282.20834
move,-157.36084,281.35098
move,-158.56021,280.64844
move,-159.8276,280.1052
move,-161.15225,279.6803
move,-162.45615,279.3587
move,-163.64265,279.12234
move,-165.03337,278.9338
move,-166.43202,278.8209
move,-167.82338,278.81885
move,-169.20235,278.8539
move,-170.60495,278.90646
move,-171.9836,278.9514
move,-173.37502,278.96567
move,-174.76633,278.94135
move,-175.98827,278.92258
move,-177.39177,278.90396
move,-178.77109,278.8915
move,-180.16258,278.8999
move,-181.55403,278.9115
move,-182.94496,278.87674
move,-184.33456,278.80417
move,-185.70728,278.59692
move,-186.91092,277.9151
move,-187.79268,277.08783
move,-188.62009,275.97205
move,-189.25186,274.73276
move,-189.90257,273.47595
move,-190.68211,272.32437
move,-191.5151,271.43356
move,-192.70078,270.66837
move,-193.86473,270.26212
move,-195.2564,270.01154
move,-196.47398,269.9069
move,-197.67958,269.80347
move,-199.09138,269.69916
move,-200.50534,269.6314
move,-201.92096,269.6211
move,-203.33615,269.65854
move,-204.55756,269.70038
move,-205.77892,269.7437
move,-207.0244,269.7883
move,-208.41481,269.84396
move,-209.63564,269.89902
move,-211.02498,269.97592
move,-212.30539,270.05096
move,-213.53737,270.1253
move,-214.8899,270.21054
move,-216.25386,270.30615
move,-217.66626,270.40268
move,-219.03258,270.44873
move,-220.25331,270.39844
move,-221.66231,270.26108
move,-223.06262,270.17465
move,-224.5084,270.2936
move,-225.89792,270.61584
move,-227.00533,271.151
move,-228.00421,272.12946
move,-228.60017,273.37677
move,-228.86139,274.75555
move,-229.10011,276.11417
move,-229.48958,277.46912
move,-230.32762,278.52444
move,-231.51472,279.28308
move,-232.81705,279.6932
move,-234.19586,279.87167
move,-235.59795,279.93762
move,-236.9985,280.02676
move,-238.34666,280.16434
move,-239.74353,280.30096
move,-241.13257,280.37958
move,-242.49916,280.42212
move,-243.89,280.46445
move,-245.28133,280.49054
move,-246.62431,280.5096
move,-248.00378,280.51044
move,-249.35902,280.51492
move,-250.72632,280.52258
move,-252.09317,280.49435
move,-253.44496,280.40253
move,-254.65215,280.1551
move,-255.78317,279.61148
move,-256.7844,278.8508
move,-257.768,277.91895
move,-258.67712,276.93088
move,-259.3805,275.93335
move,-259.8982,274.8145
move,-260.34473,273.5095
move,-260.86356,272.1931
move,-261.52115,271.13934
move,-262.6146,270.2488
move,-263.87494,269.63522
move,-265.2067,269.28732
move,-266.61945,269.28268
move,-268.00766,269.48712
move,-269.37714,269.73315
move,-270.76788,269.91983
move,-272.15576,270.01645
move,-273.55865,270.00122
move,-274.89227,269.77573
move,-276.14285,269.25854
move,-277.28723,268.53604
move,-278.24854,267.56775
move,-278.9911,266.4501
move,-279.57413,265.20074
move,-279.98468,263.92285
move,-280.24088,262.56818
move,-280.39145,261.22156
move,-280.51605,259.8479
move,-280.5834,258.5065
move,-280.65866,257.1655
move,-280.73334,255.8002
move,-280.80194,254.44676
move,-280.8516,253.10464
move,-280.8572,251.73734
move,-280.8589,250.40628
move,-280.86066,249.06313
move,-280.86288,247.73209
move,-280.86765,246.35262
move,-280.86267,245.0337
move,-280.84018,243.72714
move,-280.7644,242.45929
move,-280.61087,241.14934
move,-280.46902,239.89894
move,-280.326,238.56349
move,-280.20557,237.32303
move,-280.08347,236.02193
move,-279.9617,234.69653
move,-279.84857,233.34608
move,-279.74335,232.03136
move,-279.63263,230.70496
move,-279.52386,229.39056
move,-279.46024,228.03706
move,-279.4987,226.7189
move,-279.52814,225.35225
move,-279.27835,224.0752
move,-278.7184,222.84235
move,-277.99054,221.68636
move,-277.092,220.65822
move,-276.0067,219.89731
move,-274.69568,219.53001
move,-273.35727,219.41953
move,-271.9962,219.22025
move,-270.86826,218.47678
move,-270.16418,217.30081
move,-269.85144,215.92274
move,-269.73892,214.54836
move,-269.68228,213.19434
move,-269.629,211.94916
move,-269.57248,210.69206
move,-269.5069,209.31424
move,-269.4433,207.96054
move,-269.3882,206.59428
move,-269.2967,205.21814
move,-269.1709,203.86879
move,-269.0548,202.48215
move,-268.9363,201.05928
move,-268.83936,199.7197
move,-268.74374,198.40424
move,-268.6742,197.00243
move,-268.67838,195.59903
move,-268.89413,194.21509
move,-269.37024,192.90889
move,-270.00317,191.67075
move,-270.82983,190.57034
move,-272.04608,189.7499
move,-273.30817,189.43059
move,-274.5892,189.44576
move,-275.91672,189.54065
move,-277.15875,189.50525
move,-278.31564,188.92546
move,-279.15387,187.89732
move,-279.6878,186.73325
move,-279.9954,185.52628
move,-280.1238,184.2514
move,-280.0935,182.9573
move,-280.03494,181.56705
move,-279.97882,180.17671
move,-279.92432,178.77419
move,-279.88586,177.39534
move,-279.8453,175.99231
move,-279.80728,174.5771
move,-279.84586,173.35585
move,-279.9357,171.96724
move,-280.00452,170.54115
move,-280.0163,169.13759
move,-280.02014,167.73393
move,-280.05734,166.51283
move,-280.1999,165.11658
move,-280.29474,163.89912
move,-280.1203,162.5089
move,-279.68024,161.17749
move,-279.0782,159.92374
move,-278.22284,158.7721
move,-279.0782,159.92374
move,-277.32352,157.74222
move,-276.52274,156.81897
move,-275.61316,155.74997
move,-274.712,154.68964
move,-273.7729,153.58221
move,-272.94308,152.57274
move,-272.09958,151.45102
move,-271.38687,150.45839
move,-270.834,149.18726
move,-270.52682,147.83083
move,-270.37994,146.4478
move,-270.36658,145.08105
move,-270.4575,143.82608
move,-270.58252,142.58609
move,-270.7463,141.19208
move,-270.8922,139.97871
move,-271.0355,138.75287
move,-271.1378,137.34108
move,-271.2013,136.1085
move,-271.27487,134.71896
move,-271.34988,133.30531
move,-271.42474,131.89165
move,-271.5411,129.69264
move,-271.60712,128.44814
move,-271.67307,127.20358
move,-271.70724,126.55808
move,-271.68854,125.60236
move,-271.64124,124.38128
move,-271.48874,123.059875
move,-271.14917,121.69818
move,-270.89792,120.46701
move,-270.8702,119.18492
move,-270.89218,117.86625
move,-270.91864,116.571846
move,-270.91074,115.28928
move,-270.93063,114.00688
move,-270.97507,112.65242
move,-271.01892,111.28585
move,-271.01688,109.906494
move,-270.9818,108.47919
move,-270.91812,107.11337
move,-270.887,105.79491
move,-270.8367,104.45287
move,-270.73773,103.10134
move,-270.5954,101.72936
move,-270.41763,100.37368
move,-270.22412,99.02013
move,-270.06763,97.65014
move,-270.03104,96.271355
move,-270.04932,94.90425
move,-270.15024,93.5409
move,-270.2737,92.15489
move,-270.41254,90.794655
move,-270.57773,89.425316
move,-270.8142,88.04183
move,-271.08127,86.67623
move,-271.37714,85.29184
move,-271.76538,83.95692
move,-272.4884,82.731094
move,-273.47217,81.68202
move,-274.59457,80.88663
move,-275.93558,80.450714
move,-277.32285,80.39351
move,-278.73105,80.53803
move,-280.1374,80.70008
move,-281.56253,80.78404
move,-282.941,80.75611
move,-284.32864,80.55252
move,-285.4951,80.19235
move,-286.755,79.55192
move,-287.69562,78.7395
move,-288.49075,77.658806
move,-289.16138,76.427
move,-289.61203,75.22718
move,-289.93082,74.04774
move,-290.18478,72.66781
move,-290.33084,71.27202
move,-290.41403,69.87107
move,-290.39984,68.49238
move,-290.2589,67.13269
move,-290.0652,65.7792
move,-289.88818,64.35029
move,-289.81393,63.094856
move,-289.8895,61.766796
move,-290.0518,60.43356
move,-290.21115,59.124344
move,-290.35822,57.78934
move,-290.41098,56.460365
move,-290.28128,55.13707
move,-289.88272,53.8697
move,-289.16608,52.755215
move,-288.16443,51.881462
move,-287.0141,51.193794
move,-285.73843,50.780277
move,-284.422,50.597168
move,-283.0796,50.612427
move,-281.74963,50.66443
move,-280.4081,50.648262
move,-279.09418,50.436703
move,-277.78574,50.192616
move,-276.4794,49.882896
move,-275.27426,49.32704
move,-274.27762,48.450363
move,-273.4876,47.36661
move,-272.92697,46.134445
move,-272.47263,44.781124
move,-272.12033,43.472588
move,-271.82217,42.22517
move,-271.55664,41.032257
move,-271.26126,39.660103
move,-270.97528,38.2613
move,-270.7341,36.866318
move,-270.52814,35.56363
move,-270.39224,34.337128
move,-270.2916,33.119194
move,-270.2016,31.876156
move,-270.12338,30.620197
move,-270.09705,29.386423
move,-270.14902,28.129353
move,-270.28442,26.890694
move,-270.51892,25.592913
move,-270.79047,24.364191
move,-271.06915,23.112272
move,-271.2983,21.862745
move,-271.39993,20.597025
move,-271.40054,19.3387
move,-271.27762,18.014544
move,-271.0859,16.783085
move,-270.8862,15.54063
move,-270.6534,14.168741
move,-270.42252,12.772021
move,-270.22815,11.455352
move,-270.07846,10.10849
move,-269.9577,8.72225
move,-269.86093,7.394775
move,-269.77805,6.0421886
move,-269.808,4.675902
move,-269.96082,3.3176682
move,-270.29388,2.0061388
move,-270.97433,0.8426337
move,-272.0526,0.03654942
move,-273.33597,-0.38896236
move,-274.65073,-0.5918118
move,-276.0008,-0.70984906
move,-277.37613,-0.8157044
move,-278.70575,-0.87532485
move,-280.06033,-0.9147668
move,-281.4271,-0.9550112
move,-282.76953,-0.9949532
move,-284.1124,-1.0212239
move,-285.45367,-0.9686284
move,-286.81424,-0.83286685
move,-288.07413,-0.66889894
move,-289.36865,-0.49030882
move,-290.6536,-0.3315824
move,-291.9295,-0.2012349
move,-293.21857,-0.08072405
move,-294.50974,0.015371957
move,-295.80316,0.07272936
move,-297.07358,0.082542144
move,-298.36777,0.048938908
move,-299.63638,-0.01913899
move,-300.95178,-0.115780994
move,-302.24323,-0.20811978
move,-303.5228,-0.2964213
move,-304.82483,-0.4076523
move,-306.11536,-0.5112093
move,-307.3935,-0.6184529
move,-308.61307,-0.6970476
move,-309.9519,-0.80311644
move,-311.3257,-0.9274927
move,-312.66602,-0.996786
move,-314.02063,-0.97386646
move,-315.37024,-0.85183895
move,-316.7175,-0.70550466
move,-318.06366,-0.54978245
move,-319.41278,-0.42272502
move,-320.74048,-0.3302879
move,-322.1057,-0.2559145
move,-323.4725,-0.22438504
move,-324.82764,-0.23222096
move,-326.1807,-0.3050704
move,-327.56857,-0.40460888
move,-328.93326,-0.48835224
move,-330.333,-0.5916828
move,-331.55243,-0.67170984
move,-332.96725,-0.72154486
move,-334.2008,-0.7593742
move,-335.45834,-0.8046937
move,-336.6913,-0.859939
move,-337.93658,-0.9114957
move,-339.1941,-0.956867
move,-340.45224,-0.98265845
move,-341.68646,-0.98875034
move,-342.96906,-0.991909
move,-344.22745,-0.99228096
move,-345.53415,-0.9767936
move,-346.92468,-0.93010145
move,-348.33365,-0.7933417
move,-349.72675,-0.62185425
move,-351.1446,-0.4534625
move,-352.43262,-0.32260978
move,-353.77008,-0.19956158
move,-355.1332,-0.09375064
move,-356.52048,0.015264034
move,-357.9078,0.12369168
move,-359.1166,0.16648422
cluster,1930
move,370.5,5.5
move,370.5125,6.0253754
move,370.54233,7.25839
move,370.62186,8.477811
move,370.87704,9.694307
move,371.2805,10.835961
move,371.89636,11.902415
move,372.69434,12.826946
move,373.51932,13.561025
move,374.41022,14.266594
move,375.32773,14.9555855
move,376.1045,15.783203
move,376.7537,16.70256
move,377.3319,17.803411
move,377.85315,18.92122
move,378.364,20.06728
move,378.79263,21.223366
move,379.1205,22.423162
move,379.36285,23.610441
move,379.5595,24.828016
move,379.70636,26.052273
move,379.73984,27.263235
move,379.70416,28.49603
move,379.63504,29.71671
move,379.56525,30.883644
move,379.49423,32.10423
move,379.42297,33.195843
move,379.311,34.424026
move,379.1376,35.623306
move,378.89825,36.81121
move,378.60602,37.89862
move,378.20233,39.041046
move,377.71713,40.13961
move,377.14856,41.1852
move,376.5008,42.209003
move,375.78928,43.12295
move,375.04602,44.06656
move,374.31192,44.97635
move,373.54623,45.91576
move,372.81332,46.826477
move,372.04678,47.778984
move,371.27356,48.73983
move,370.52045,49.675606
move,369.75388,50.628094
move,369.17728,51.34451
move,369.2151,52.296627
move,369.2114,53.40336
move,369.16238,54.489815
move,369.0666,55.63104
move,368.87262,56.710346
move,368.58765,57.649273
move,368.21948,58.5489
move,368.58765,57.649273
move,367.8071,59.439754
move,367.3689,60.350426
move,366.94733,61.226376
move,366.40714,62.236004
move,365.86618,63.089497
move,366.40714,62.236004
move,365.2331,63.888756
move,365.86618,63.089497
move,364.5141,64.612076
move,365.2331,63.888756
move,363.71643,65.263176
move,362.87628,65.858536
move,366.40714,62.236004
move,361.99194,66.346275
move,360.99268,66.822365
move,359.9696,67.29303
move,360.99268,66.822365
move,358.94504,67.71155
move,359.9696,67.29303
move,358.04282,68.07367
move,358.94504,67.71155
move,357.1231,68.384796
move,356.04922,68.60943
move,366.40714,62.236004
move,354.9355,68.77407
move,353.84137,68.85143
move,358.94504,67.71155
move,354.9355,68.77407
move,352.70633,68.8224
move,353.84137,68.85143
move,351.6367,68.69268
move,350.691,68.46946
move,349.65878,68.09797
move,348.64566,67.67681
move,347.63913,67.21642
move,346.6543,66.711426
move,345.706,66.15994
move,344.81836,65.54877
move,343.97852,64.858284
move,343.19583,64.10357
move,342.46848,63.295208
move,341.8047,62.422382
move,341.28122,61.4807
move,340.87396,60.462666
move,340.60504,59.40946
move,340.39716,58.312508
move,340.2174,57.24962
move,340.04117,56.147194
move,339.89066,55.060375
move,339.70798,53.978462
move,339.55832,52.853134
move,339.51068,51.8631
move,339.52606,50.823868
move,339.59018,49.604267
move,339.63535,48.32287
move,339.59537,47.00462
move,339.58743,45.734146
move,339.5886,44.415264
move,339.59534,43.084343
move,339.6299,41.717503
move,339.6331,40.229298
move,339.60065,38.98344
move,339.54526,37.677807
move,339.5112,36.37146
move,339.4559,35.09008
move,339.3442,33.776142
move,339.15622,32.49524
move,338.93292,31.232294
move,338.67218,29.939447
move,338.3862,28.701622
move,337.94388,27.500645
move,337.22382,26.457521
move,336.3245,25.49309
move,335.44223,24.595856
move,334.54944,23.691975
move,333.70352,22.76062
move,332.91327,21.67571
move,332.17105,20.484493
move,331.5,19.307125
move,330.86737,18.08146
move,330.34564,16.976412
move,329.87958,15.899243
move,329.333,14.606404
move,328.78537,13.314006
move,328.2285,12.0520525
move,327.61084,10.791973
move,326.91455,9.573446
move,326.13318,8.408039
move,325.29358,7.3136997
move,324.39395,6.204946
move,323.6058,5.208577
move,322.75726,4.105809
move,321.8099,3.0712364
move,320.72507,2.1637511
move,319.54773,1.4708045
move,318.40866,0.96667236
move,317.09567,0.5453111
move,315.9107,0.24670434
move,314.5557,-0.0698516
move,313.2413,-0.34475517
move,311.93158,-0.49564558
move,310.72253,-0.5436947
move,309.36804,-0.5856455
move,307.96524,-0.6280515
move,306.63504,-0.67512274
move,305.32007,-0.77254283
move,304.05658,-0.9052566
move,302.70892,-1.0483857
move,301.44342,-1.1603336
move,300.17377,-1.2048385
move,298.87915,-1.215529
move,297.60873,-1.1988888
move,296.32635,-1.1743183
move,295.02042,-1.1276397
move,293.73474,-0.9805968
move,292.46786,-0.7802283
move,291.1515,-0.5847158
move,289.88864,-0.44706768
move,288.625,-0.31501862
move,287.35974,-0.19996855
move,286.04337,-0.12049162
move,284.7971,-0.1253412
move,283.5644,-0.18348016
move,282.32095,-0.26819792
move,281.06622,-0.3643679
move,279.834,-0.43200037
move,278.61304,-0.48417643
move,277.37915,-0.5108373
move,275.9398,-0.55115134
move,274.7189,-0.6069974
move,273.485,-0.6296452
move,272.23874,-0.63319826
move,271.00467,-0.6530577
move,269.74692,-0.6942347
move,268.4769,-0.72878456
move,267.2427,-0.74254423
move,265.98425,-0.7443893
move,264.72623,-0.72202927
move,263.48053,-0.68119895
move,262.1382,-0.6313354
move,260.85672,-0.58150995
move,259.52692,-0.52549523
move,258.29385,-0.47332516
move,257.01227,-0.42240244
move,255.70564,-0.4064736
move,254.45961,-0.4320189
move,253.08096,-0.4760867
move,251.76277,-0.5185356
move,250.39621,-0.5634776
move,249.10197,-0.599069
move,247.85654,-0.64522696
move,246.55063,-0.6906134
move,245.18382,-0.72550327
move,243.93784,-0.7534476
move,242.64343,-0.7807203
move,241.34892,-0.79914767
move,239.93335,-0.78331584
move,238.55432,-0.75124115
move,237.29663,-0.70843947
move,236.075,-0.67376435
move,234.80466,-0.6544663
move,233.38928,-0.6256973
move,232.1673,-0.61079407
move,230.90901,-0.5965553
move,229.5054,-0.59733087
move,228.08986,-0.6180194
move,226.88043,-0.6540109
move,225.45476,-0.73092335
move,224.03342,-0.8642322
move,222.60791,-1.0667446
move,221.23285,-1.2799934
move,220.02199,-1.4446038
move,218.6453,-1.52767
move,217.22003,-1.6125753
move,215.83377,-1.7325418
move,214.6047,-1.8427042
move,213.22769,-1.7747748
move,211.79599,-1.622478
move,210.4177,-1.4312901
move,209.04887,-1.2609332
move,207.65173,-1.0333183
move,206.28801,-0.75690097
move,204.90681,-0.44623888
move,203.57329,-0.09377523
move,202.25922,0.28388846
move,200.93867,0.72214323
move,199.64435,1.2322218
move,198.30142,1.9515816
move,197.28331,2.6267812
move,196.19696,3.4957893
move,195.30397,4.346291
move,194.53195,5.308706
move,193.80936,6.3089623
move,193.15419,7.3548408
move,192.56104,8.450488
move,192.1728,9.619359
move,191.86145,10.813645
move,191.55063,12.0330515
move,191.24783,13.291762
move,191.07402,14.585711
move,191.09744,15.855192
move,191.2453,17.201633
move,191.47017,18.427368
move,191.7504,19.691238
move,192.16243,20.943089
move,192.83936,22.198307
move,193.68474,23.256142
move,194.59195,24.126984
move,195.66292,24.872272
move,196.7548,25.521252
move,197.72649,26.390425
move,198.48526,27.422106
move,199.07599,28.58623
move,199.4705,29.83062
move,199.73007,31.098509
move,199.89122,32.431725
move,199.99602,33.75857
move,200.07678,35.075005
move,200.15227,36.403862
move,200.22185,37.75728
move,200.28961,39.09866
move,200.37021,40.49992
move,200.4396,41.853333
move,200.48882,43.1834
move,200.52226,44.51399
move,200.55482,45.893013
move,200.58907,47.271976
move,200.60046,48.578705
move,200.59601,49.945984
move,200.59007,51.264862
move,200.5838,52.59584
move,200.57141,53.914673
move,200.53574,55.293587
move,200.46567,56.574177
move,200.3293,57.88595
move,200.16565,59.206837
move,199.98055,60.475967
move,199.78554,61.731407
move,199.57704,63.02147
move,199.3742,64.275665
move,199.16472,65.55322
move,198.87029,66.81326
move,198.46436,68.05538
move,198.03851,69.27803
move,197.5389,70.537415
move,196.96936,71.65879
move,196.27832,72.738846
move,195.49811,73.77174
move,194.66924,74.73449
move,193.80931,75.6697
move,192.9518,76.60712
move,192.15742,77.597565
move,191.46695,78.73418
move,190.94273,79.890755
move,190.48868,81.115906
move,190.15495,82.40307
move,190.02144,83.67746
move,190.05281,84.959
move,190.2037,86.23245
move,190.47263,87.485886
move,190.87021,88.70503
move,191.34204,89.89729
move,191.9522,91.010376
move,192.6731,92.070854
move,193.47934,93.099014
move,194.32779,94.02795
move,195.2641,94.90398
move,196.22975,95.69169
move,197.23026,96.49407
move,198.16072,97.476326
move,198.86752,98.531235
move,199.44472,99.67517
move,199.80661,100.84146
move,199.98415,102.0853
move,199.90562,103.33954
move,199.65097,104.608406
move,199.19872,105.89601
move,198.53487,106.93451
move,197.71881,107.8426
move,196.75449,108.63038
move,195.62866,109.29141
move,194.48535,109.81711
move,193.22012,110.4496
move,192.20726,111.30532
move,191.50645,112.33321
move,190.94041,113.536705
move,190.53033,114.763794
move,190.23364,115.98658
move,189.99794,117.198006
move,189.78297,118.45017
move,189.60315,119.72003
move,189.42813,121.00282
move,189.24579,122.26018
move,189.06221,123.55404
move,188.90213,124.82658
move,188.79198,126.12854
move,188.7059,127.44462
move,188.62793,128.72484
move,188.56218,130.02998
move,188.52388,131.34828
move,188.5258,132.67924
move,188.58696,134.0087
move,188.64609,135.33838
move,188.70395,136.69235
move,188.78104,138.08163
move,188.88866,139.40817
move,189.0573,140.76477
move,189.32414,142.0807
move,189.72337,143.37471
move,190.31995,144.57626
move,191.06267,145.68019
move,191.88747,146.67737
move,192.86658,147.57634
move,193.95709,148.29509
move,195.11484,148.9001
move,196.31052,149.39626
move,197.51306,149.84229
move,198.7284,150.28865
move,199.9518,150.74797
move,201.09871,151.26517
move,202.21628,151.84355
move,203.39525,152.5114
move,204.50153,153.20654
move,205.51247,154.03229
move,206.49956,155.07977
move,207.25517,156.08505
move,207.9012,157.19263
move,208.42125,158.31122
move,208.80455,159.4962
move,209.07956,160.71155
move,209.31013,161.924
move,209.50468,163.15495
move,209.65013,164.38046
move,209.74011,165.65979
move,209.798,166.96533
move,209.8355,168.23521
move,209.84221,169.45726
move,209.82748,170.71556
move,209.80818,172.0464
move,209.78941,173.30464
move,209.77759,174.69609
move,209.75133,175.942
move,209.69516,177.22339
move,209.63608,178.49251
move,209.57823,179.76172
move,209.52184,181.05515
move,209.46748,182.32452
move,209.40837,183.6421
move,209.33566,185.04378
move,209.2359,186.41954
move,209.13309,187.80725
move,209.05592,189.18446
move,209.00342,190.57498
move,208.95798,191.97784
move,208.91925,193.35667
move,208.85127,194.73418
move,208.71025,196.10626
move,208.46054,197.44969
move,208.01907,198.76785
move,207.42322,199.99759
move,206.67696,201.14244
move,205.9206,202.10208
move,204.99434,203.1404
move,204.076,204.15341
move,203.25699,205.09244
move,202.51314,206.22441
move,201.89581,207.30704
move,201.26239,208.54575
move,200.85655,209.69687
move,200.54883,211.0783
move,200.30988,212.46138
move,200.0824,213.83415
move,199.85222,215.21875
move,199.62207,216.60333
move,199.39192,217.98795
move,199.18953,219.20544
move,198.98914,220.411
move,198.75899,221.7956
move,198.60515,222.72104
move,198.62747,222.96062
move,198.73369,224.06236
move,198.88957,225.11911
move,199.16876,226.16762
move,199.70415,227.12372
move,200.32976,227.98901
move,201.05998,228.7683
move,201.84433,229.50778
move,202.66438,230.1923
move,203.52441,230.84212
move,204.4156,231.44841
move,205.30617,232.03857
move,206.19543,232.63072
move,207.08537,233.22182
move,207.96333,233.8135
move,208.85172,234.40686
move,209.78717,234.9418
move,210.76193,235.37834
move,211.78174,235.75563
move,212.81339,236.03171
move,213.86168,236.23769
move,214.92535,236.4121
move,216.00542,236.54002
move,217.0676,236.6552
move,218.14888,236.77246
move,219.2589,236.89287
move,220.35934,237.01225
move,220.40604,237.01732
move,221.01369,237.11804
move,222.09818,237.19835
move,223.19446,237.24405
move,224.27153,237.28767
move,225.31912,237.3438
move,226.45251,237.41702
move,227.44084,237.49463
move,228.4752,237.59784
move,229.5274,237.71506
move,230.53148,237.8294
move,231.55043,237.97762
move,232.54332,238.166
move,233.5516,238.37582
move,234.60657,238.60274
move,235.85255,238.95251
move,237.1976,239.39413
move,238.53122,239.83186
move,239.8648,240.2696
move,241.18692,240.70355
move,242.40558,241.10356
move,243.62422,241.50356
move,244.8897,241.91891
move,245.09026,241.96458
move,246.45822,242.27876
move,247.68433,242.562
move,248.88678,242.83994
move,250.07819,243.112
move,251.27193,243.37383
move,252.51341,243.64375
move,253.70673,243.90742
move,254.91228,244.172
move,256.09796,244.41328
move,257.32562,244.62779
move,258.6279,244.83679
move,259.92264,245.01357
move,261.29587,245.14284
move,262.56497,245.19914
move,263.81058,245.23433
move,265.09882,245.36119
move,266.36856,245.54053
move,267.7684,245.8214
move,269.04764,246.2189
move,270.14377,247.10426
move,271.07806,248.0858
move,271.98743,249.1227
move,272.816,250.20822
move,273.29373,251.54077
move,273.62643,252.85349
move,273.94278,254.16998
move,274.6054,255.33202
move,275.22784,256.53503
move,275.7852,257.6497
move,276.28592,258.804
move,276.8258,260.00714
move,277.49905,261.16776
move,278.29312,262.22028
move,279.1995,263.24338
move,280.13443,264.17352
move,281.12827,265.07672
move,282.19067,265.85562
move,283.4283,266.51718
move,284.65637,267.14536
move,285.90594,267.78455
move,287.1448,268.41827
move,288.13174,268.92316
move,288.91824,268.9245
move,290.3097,268.90945
move,291.5317,268.91928
move,292.92133,268.98407
move,294.14554,269.13876
move,295.3957,269.36432
move,296.66885,269.65857
move,297.87158,269.9844
move,299.22568,270.39722
move,300.5827,270.79996
move,301.95255,271.20258
move,303.30945,271.5615
move,304.68542,271.83774
move,306.07297,272.04895
move,307.29636,272.2124
move,308.5378,272.31946
move,309.79507,272.37247
move,311.1137,272.38828
move,312.3838,272.3565
move,313.64117,272.3089
move,314.98325,272.25824
move,316.253,272.21722
move,317.51093,272.18192
move,318.7448,272.15848
move,320.0756,272.13675
move,321.3461,272.1419
move,322.59167,272.18237
move,323.99374,272.2499
move,325.23575,272.35333
move,326.47623,272.47357
move,327.70795,272.66208
move,328.96884,272.95468
move,330.2513,273.3112
move,331.43918,273.64612
move,332.68396,274.00247
move,333.8885,274.36652
move,335.11307,274.7863
move,336.25522,275.22104
move,337.461,275.69272
move,338.79306,276.20648
move,339.93594,276.63925
move,341.10788,277.02585
move,342.27417,277.34772
move,343.49124,277.61502
move,344.89542,277.78882
move,346.12915,277.80542
move,347.55493,277.6182
move,348.88724,277.14722
move,350.02246,276.45618
move,350.90872,275.5854
move,351.54868,274.5488
move,351.95135,273.2435
move,352.25345,272.0094
move,352.5816,270.63232
move,352.85126,269.41568
move,353.03,268.19476
move,353.17786,266.92072
move,353.24615,265.4951
move,353.20563,264.24963
move,353.04758,263.0263
move,352.73013,261.83453
move,352.24335,260.71518
move,351.496,259.72403
move,350.49893,259.02338
move,349.36566,258.54126
move,348.1691,258.24637
move,346.921,258.0097
move,345.72037,257.78207
move,345.3157,257.70538
quest
move,344.65955,253.71367
move,344.2215,252.66583
move,343.70926,251.69667
move,343.01434,250.87654
move,342.0668,250.24048
move,341.10782,249.896
move,340.07654,249.65723
move,339.01505,249.46956
move,337.99585,249.32222
move,336.97153,249.21587
move,335.91553,249.14061
move,334.93408,249.12221
move,333.8946,249.12343
move,332.86472,249.12473
move,331.84445,249.12595
move,330.8049,249.12724
move,329.76544,249.12988
move,328.7356,249.13316
move,327.70578,249.1446
move,326.6568,249.16194
move,325.60785,249.17929
move,324.59738,249.19598
move,323.5484,249.21335
move,322.50903,249.23055
move,321.44077,249.24396
move,320.42056,249.24646
move,319.36392,249.1875
move,318.37366,248.9157
move,317.42023,248.45665
move,316.54367,247.89925
move,315.74182,247.1947
move,314.9927,246.47418
move,314.17297,245.83614
move,313.27454,245.29524
move,312.35077,244.81868
move,311.4287,244.35995
move,310.48233,243.93044
move,309.51382,243.5809
move,308.5212,243.30737
move,307.53558,243.13594
move,306.52063,243.03244
move,305.50293,242.96156
move,304.43582,242.91127
move,303.4256,242.88235
move,302.30945,242.85423
move,301.29892,242.8386
move,300.30783,242.81506
move,299.24985,242.776
move,298.2497,242.73459
move,297.24,242.6908
move,296.0372,242.62093
move,294.73322,242.53427
move,293.43002,242.43747
move,292.12454,242.3854
move,290.87857,242.41104
move,289.6336,242.46928
move,288.36545,242.54594
move,287.1103,242.63661
move,285.88126,242.74991
move,284.61746,242.88089
move,283.40356,243.02278
move,282.00986,243.18932
move,280.7713,243.32707
move,279.3735,243.45438
move,278.03366,243.54784
move,276.7404,243.60777
move,275.50653,243.63582
move,274.2602,243.64056
move,272.90494,243.63219
move,271.63434,243.6203
move,270.29132,243.62816
move,268.99872,243.69896
move,267.69443,243.77953
move,266.4141,243.85529
move,265.1233,243.9556
move,263.8018,244.11263
move,262.51657,244.34853
move,261.19754,244.60175
move,259.89935,244.83405
move,258.54678,245.03346
move,257.18906,245.19374
move,255.84723,245.23596
move,254.52951,245.1823
move,253.17885,245.07208
move,251.85608,244.92447
move,250.49959,244.75227
move,249.16148,244.5401
move,247.87602,244.19682
move,246.6112,243.74657
move,245.37064,243.14417
move,244.196,242.51813
move,243.11816,241.94214
move,241.92856,241.31877
move,240.79353,240.83522
move,239.5836,240.44882
move,238.37978,240.17915
move,237.10374,240.0619
move,235.83467,240.10747
move,234.58484,240.25291
move,233.18558,240.46773
move,231.96284,240.70822
move,230.77573,240.99825
move,229.40315,241.34496
move,228.03719,241.66786
move,226.84302,241.9277
move,225.45172,242.18015
move,224.0344,242.0429
move,222.6596,241.76073
move,221.47806,241.40598
move,220.18796,240.80022
move,219.05328,239.95665
move,218.16737,239.08067
move,217.22661,238.05542
move,216.41612,237.12476
move,215.65837,236.13559
move,214.86948,234.98941
move,214.17935,233.9808
move,213.41335,233.03064
move,212.41383,232.3164
move,211.25175,231.87039
move,210.07442,231.59392
move,208.8657,231.4144
move,207.6334,231.22978
move,206.42743,230.96889
move,205.07237,230.56032
move,203.93336,230.08807
move,202.77965,229.23598
move,201.9084,228.12404
move,201.37227,227.02794
move,201.06346,225.8103
move,200.99773,224.5185
move,201.05919,223.28593
move,201.14328,222.00609
move,201.22453,220.67757
move,201.30728,219.34915
move,201.37007,218.06842
move,201.32779,216.79889
move,201.20197,215.46176
move,201.05644,214.17526
move,200.91115,212.8766
move,200.89069,211.45126
move,201.14249,210.08403
move,201.55705,208.8714
move,202.1765,207.69452
move,202.94023,206.57552
move,203.74104,205.60533
move,204.61499,204.61752
move,205.50182,203.67442
move,206.4024,202.74431
move,207.26547,201.76324
move,208.00995,200.70595
move,208.63383,199.57164
move,209.1719,198.35538
move,209.50763,197.13087
move,209.69888,195.83902
move,209.78802,194.49901
move,209.82457,193.22923
move,209.78836,191.8867
move,209.74582,190.58063
move,209.69359,189.26282
move,209.6194,187.92175
move,209.55037,186.59254
move,209.47284,185.2881
move,209.40393,183.97104
move,209.34618,182.65337
move,209.27522,181.3
move,209.20871,179.9828
move,209.1594,178.65277
move,209.19528,177.31067
move,209.28065,175.95815
move,209.36714,174.60571
move,209.42804,173.26407
move,209.41518,171.92108
move,209.39464,170.56607
move,209.39206,169.21088
move,209.41331,167.81947
move,209.41573,166.51279
move,209.36728,165.29169
move,209.27213,164.04922
move,209.09935,162.74184
move,208.87233,161.50418
move,208.5938,160.25237
move,208.23952,159.05772
move,207.78822,157.89658
move,207.14417,156.71916
move,206.41183,155.69632
move,205.57391,154.70984
move,204.67168,153.85138
move,203.58212,153.11176
move,202.42824,152.58165
move,201.27531,152.14125
move,200.0009,151.71797
move,198.78812,151.3823
move,197.54913,151.05063
move,196.33093,150.69077
move,195.10234,150.18158
move,194.02495,149.53313
move,193.01251,148.74655
move,192.09125,147.87245
move,191.24577,146.84647
move,190.6451,145.72987
move,190.21606,144.48326
move,189.86484,143.21205
move,189.55621,141.94223
move,189.2937,140.66212
move,189.07019,139.25212
move,188.9178,138.03964
move,188.79056,136.61754
move,188.6688,135.1707
move,188.53827,133.77324
move,188.41776,132.37491
move,188.35167,130.97305
move,188.32939,129.54553
move,188.33304,128.16602
move,188.34367,126.79876
move,188.37433,125.41972
move,188.43651,124.12664
move,188.53876,122.88458
move,188.65167,121.7285
move,188.80806,120.46783
move,189.01688,119.19008
move,189.24345,117.93996
move,189.5102,116.71029
move,189.87311,115.4931
move,190.38176,114.224724
move,190.98633,113.13584
move,191.74228,112.13124
move,192.5993,111.26115
move,193.64787,110.48394
move,194.73694,109.93231
move,195.89688,109.47652
move,197.00545,108.96599
move,197.95193,108.18137
move,198.70741,107.12063
move,199.1144,105.9451
move,199.35881,104.53926
move,199.40143,103.31883
move,199.28441,102.078705
move,199.07169,100.85087
move,198.79858,99.62258
move,198.42389,98.42247
move,197.80849,97.30059
move,196.99426,96.342705
move,196.03938,95.48742
move,194.99365,94.66395
move,193.96474,93.83902
move,193.08296,92.92687
move,192.39624,91.873856
move,191.81758,90.675804
move,191.37451,89.51127
move,191.04086,88.260574
move,190.73769,87.00188
move,190.4965,85.74254
move,190.38257,84.46579
move,190.4373,83.1732
move,190.68266,81.90331
move,191.08333,80.685356
move,191.56853,79.48511
move,192.07394,78.33275
move,192.6548,77.18956
move,193.41096,76.066925
move,194.32742,75.086395
move,195.33525,74.18055
move,196.3369,73.304054
move,197.33682,72.35493
move,198.09915,71.22258
move,198.64043,69.98227
move,198.97946,68.633835
move,199.16873,67.426636
move,199.33862,66.03335
move,199.46246,64.732445
move,199.58154,63.39462
move,199.70572,62.032955
move,199.8315,60.610714
move,199.9419,59.320732
move,200.06406,57.910305
move,200.18848,56.58514
move,200.32416,55.163803
move,200.456,53.81503
move,200.5751,52.44083
move,200.63347,51.03876
move,200.57419,49.648827
move,200.45338,48.250465
move,200.30814,46.866585
move,200.14828,45.447777
move,199.9849,44.053707
move,199.81418,42.636135
move,199.64618,41.230442
move,199.48445,39.86056
move,199.33974,38.415855
move,199.29257,37.001614
move,199.30519,35.610176
move,199.28786,34.218925
move,199.22166,33.010803
move,199.10335,31.612232
move,198.8951,30.237309
move,198.4879,28.93308
move,197.94316,27.679672
move,197.17995,26.460768
move,196.39362,25.494135
move,195.47885,24.478472
move,194.49481,23.564411
move,193.5172,22.626522
move,192.71915,21.5061
move,192.14136,20.30742
move,191.65996,19.002682
move,191.32735,17.776585
move,191.04248,16.464407
move,190.89058,15.118492
move,190.87035,13.860781
move,190.99103,12.548139
move,191.26636,11.296697
move,191.70717,10.131795
move,192.33156,8.929573
move,192.9669,7.8857265
move,193.6724,6.7713795
move,194.35703,5.759184
move,195.22433,4.6721396
move,196.24371,3.708869
move,197.38394,2.8298314
move,198.51309,2.0378227
move,199.70941,1.3529141
move,200.96732,0.8189203
move,202.29276,0.3978556
move,203.69136,0.20019297
move,205.06935,0.13980989
move,206.4365,0.12313168
move,207.64603,0.15512088
move,209.025,0.17858267
move,210.4159,0.14056697
move,211.81761,0.068076156
move,213.20538,-0.033085056
move,214.61626,-0.15001774
move,215.84523,-0.26319945
move,217.23015,-0.39811456
move,218.44827,-0.49662632
move,219.85971,-0.60504055
move,221.07658,-0.71800154
move,222.3085,-0.7905565
move,223.52844,-0.86228275
move,224.75958,-0.9486714
move,225.99226,-0.99895096
move,227.31038,-0.9553252
move,228.71277,-0.89788383
move,229.96977,-0.8388621
move,231.20233,-0.77484006
move,232.42203,-0.6982133
move,233.65369,-0.6194704
move,234.89784,-0.546724
move,236.14388,-0.5272333
move,237.4265,-0.5325329
move,238.68477,-0.5436858
move,239.96725,-0.5348624
move,241.23764,-0.51241857
move,242.50793,-0.48891303
move,243.92343,-0.46627864
move,245.20605,-0.4610906
move,246.53716,-0.4633601
move,247.79565,-0.46824893
move,249.10251,-0.47464287
move,250.4333,-0.4971731
move,251.70352,-0.5281298
move,253.05849,-0.55499446
move,254.28052,-0.5645464
move,255.53882,-0.55466175
move,256.79718,-0.53910923
move,258.07962,-0.5186149
move,259.3862,-0.49889407
move,260.6201,-0.47190145
move,261.8904,-0.44943118
move,263.24564,-0.45101127
move,264.50412,-0.4467873
move,265.82272,-0.4724641
move,267.09116,-0.54423976
move,268.33524,-0.6184173
move,269.7501,-0.66079694
move,271.16504,-0.70847714
move,272.55634,-0.7288434
move,273.77847,-0.72527796
move,275.1813,-0.6847469
move,276.42557,-0.61112934
move,277.69275,-0.52045965
move,279.1068,-0.45143878
move,280.49673,-0.3848781
move,281.897,-0.2891349
move,283.12527,-0.16867954
move,284.36685,-0.0619536
move,285.6363,-0.01350481
move,286.9187,-0.028009579
move,288.17682,-0.04669039
move,289.5438,-0.07235533
move,290.76318,-0.15170066
move,292.09732,-0.30435255
move,293.3315,-0.47735506
move,294.63824,-0.6562797
move,295.8596,-0.8341711
move,297.12033,-0.9904987
move,298.3879,-1.0737702
move,299.76727,-1.0784014
move,301.1226,-1.0656569
move,302.36896,-1.0523003
move,303.7362,-1.0346233
move,304.98117,-0.97786033
move,306.38,-0.86249864
move,307.75278,-0.7279987
move,309.1296,-0.5283254
move,310.5024,-0.23618045
move,311.86096,0.064602956
move,313.22037,0.36170506
move,314.5692,0.65032065
move,315.93564,0.9711383
move,317.30286,1.2888156
move,318.63718,1.5867714
move,319.97363,1.8753258
move,321.23495,2.1671624
move,322.57913,2.5688572
move,323.8888,3.1042216
move,325.04465,3.8510568
move,326.0361,4.842583
move,326.91263,5.922928
move,327.60016,6.91826
move,328.2858,8.156218
move,328.85202,9.440127
move,329.2751,10.586583
move,329.68918,11.927457
move,330.05405,13.282801
move,330.37048,14.463217
move,330.7419,15.816794
move,331.12198,17.142778
move,331.54898,18.467072
move,332.02106,19.788887
move,332.5181,21.07555
move,333.06308,22.342588
move,333.78137,23.587694
move,334.7536,24.50655
move,335.9717,25.152617
move,337.20026,25.828997
move,338.29675,26.699667
move,338.9416,27.73085
move,339.34378,28.972712
move,339.55792,30.187487
move,339.65567,31.490276
move,339.69577,32.72381
move,339.76868,34.13754
move,339.8484,35.35697
move,339.84332,36.578888
move,339.85638,37.885544
move,339.8853,39.131496
move,339.95175,40.33957
move,340.05353,41.569565
move,340.15805,42.799324
move,340.23297,44.01906
move,340.2552,45.434525
move,340.2582,46.680706
move,340.2048,48.083225
move,340.1414,49.412624
move,340.0981,50.742825
move,340.0049,52.046196
move,339.92148,53.25307
move,339.9947,54.677483
move,340.27402,56.064095
move,340.68652,57.39265
move,341.21365,58.692974
move,341.84375,59.946842
move,342.54947,61.18794
move,343.29327,62.363873
move,344.08173,63.495552
move,344.838,64.45519
move,345.77487,65.46706
move,346.82947,66.39228
move,347.96344,67.17673
move,349.22687,67.890945
move,350.4322,68.39429
move,351.77466,68.80216
move,352.98618,69.034134
move,354.30124,69.12574
move,355.59174,69.036766
move,356.8325,68.82862
move,358.1246,68.51036
move,359.37518,68.13157
move,360.55603,67.73293
move,361.74326,67.28073
move,362.9748,66.71595
move,364.02695,66.02897
move,365.00558,65.182175
move,365.8668,64.24882
move,366.60886,63.27831
move,367.30765,62.174496
move,367.89484,61.048496
move,368.34677,59.82321
move,368.6948,58.45147
move,368.9462,57.255493
move,369.1908,56.058117
move,369.45444,54.667183
move,369.68036,53.453823
move,369.92886,52.084698
move,370.20294,50.695812
move,370.53384,49.332016
move,370.91733,48.185387
move,371.5724,46.960068
move,372.5238,45.992188
move,373.76733,45.40592
move,375.0962,44.99349
move,376.2137,44.195324
move,376.93686,43.010826
move,377.43988,41.727036
move,377.82523,40.567352
move,378.23462,39.25012
move,378.6442,37.907623
move,378.97253,36.730648
move,379.28885,35.363216
move,379.57297,34.013386
move,379.8215,32.816822
move,380.013,31.414581
move,380.06256,30.012543
move,379.90714,28.606909
move,379.65787,27.324144
move,379.36615,25.938845
move,379.10416,24.745153
move,378.84137,23.539244
move,378.51462,22.13705
move,378.1437,20.97332
move,377.64413,19.818697
move,377.07217,18.643774
move,376.4528,17.520903
move,375.64185,16.422468
move,374.49597,15.55763
move,373.24652,14.86671
move,372.17038,14.23904
move,371.18982,13.212504
move,370.57666,12.142199
move,370.0576,10.826356
move,369.7313,9.648872
move,369.47156,8.442598
move,369.305,7.23218
move,369.20108,5.905388
move,369.1734,4.611195
move,369.23056,3.329987
move,369.31934,2.0626647
move,369.35214,0.780561
move,369.38492,-0.5136075
move,369.4776,-1.792829
move,369.54913,-3.0733247
move,369.58392,-4.331236
move,369.5799,-5.61372
move,369.5119,-6.8700523
move,369.4952,-7.0750704
cluster,2075
move,-348.9622,-0.101769686
move,-347.45105,-0.2450235
move,-345.9208,-0.29584017
move,-344.40356,-0.34386396
move,-343.05765,-0.38148543
move,-341.712,-0.4261414
move,-340.35516,-0.5119152
move,-338.87772,-0.5645633
move,-337.4943,-0.6482148
move,-336.1256,-0.7514807
move,-334.56216,-0.9027092
move,-333.0593,-0.9682066
move,-331.55508,-0.92876637
move,-329.3387,-0.8534447
move,-327.88754,-0.80412674
move,-326.48914,-0.75660205
move,-325.03793,-0.7072834
move,-324.0645,-0.6742004
move,-322.92465,-0.4693912
move,-321.70212,-0.30651695
move,-320.4757,-0.17586225
move,-319.26602,-0.10366945
move,-318.01144,-0.0849445
move,-316.79962,-0.096646994
move,-315.57758,-0.13417357
move,-314.3677,-0.20412862
move,-313.1272,-0.29827607
move,-311.9177,-0.37487024
move,-310.68558,-0.4287015
move,-309.47546,-0.49299544
move,-308.2451,-0.57916987
move,-307.01315,-0.634077
move,-305.77985,-0.64278305
move,-304.5572,-0.65448534
move,-303.33502,-0.62737596
move,-302.08313,-0.5415535
move,-300.87247,-0.49076545
move,-299.61777,-0.49921268
move,-298.39514,-0.5005158
move,-297.18442,-0.4490768
move,-295.9431,-0.36537418
move,-294.711,-0.31390995
move,-293.48856,-0.3247003
move,-292.23886,-0.43468747
move,-291.12567,-0.58363354
move,-289.9013,-0.73033357
move,-288.6708,-0.8136142
move,-287.44937,-0.8683532
move,-286.22748,-0.91092503
move,-284.98386,-0.94539535
move,-283.76157,-0.9753347
move,-282.50684,-0.97370297
move,-281.28482,-0.9359294
move,-280.15952,-0.893958
move,-279.06787,-0.8237351
move,-277.85062,-0.70967275
move,-276.6131,-0.582174
move,-275.3776,-0.43682516
move,-274.14932,-0.2396135
move,-272.94046,0.004583692
move,-271.75513,0.34059972
move,-270.7085,1.0175979
move,-270.0551,2.0276475
move,-269.73743,3.2500148
move,-269.5998,4.4752064
move,-269.5725,5.8004518
move,-269.59116,7.318329
move,-269.60388,8.862658
move,-269.6091,10.367449
move,-269.62027,11.898588
move,-269.65015,13.429501
move,-269.67868,14.762395
move,-269.71155,16.306446
move,-269.741,17.837364
move,-269.76236,19.170387
move,-269.78436,20.727837
move,-269.79092,22.06099
move,-269.7352,23.57786
move,-269.67075,24.909506
move,-269.59213,26.451906
move,-269.52124,27.783213
move,-269.47345,29.10234
move,-269.45016,30.461697
move,-269.43613,32.032444
move,-269.41333,33.365437
move,-269.38992,34.711636
move,-269.37158,36.255917
move,-269.3865,37.602184
move,-269.51767,39.11368
move,-269.77524,40.60944
move,-270.1116,42.076015
move,-270.53278,43.49259
move,-271.07068,44.72562
move,-271.8682,46.07829
move,-272.7748,47.310993
move,-273.84836,48.399857
move,-275.04953,49.149403
move,-276.36035,49.57127
move,-277.7345,49.784504
move,-279.13626,49.84435
move,-280.53903,49.802464
move,-281.9156,49.714397
move,-283.26825,49.633175
move,-284.64694,49.645622
move,-286.0124,49.83244
move,-287.30307,50.27444
move,-288.393,51.10543
move,-289.13654,52.2349
move,-289.6543,53.52385
move,-289.94028,54.84781
move,-290.13278,56.2137
move,-290.29282,57.583652
move,-290.38144,58.935764
move,-290.3917,60.29079
move,-290.33392,61.656776
move,-290.26904,63.046745
move,-290.17407,64.43496
move,-290.04324,65.80813
move,-289.92084,67.036224
move,-289.77448,68.395615
move,-289.60675,69.61832
move,-289.4083,70.82418
move,-289.14886,72.22821
move,-288.8502,73.599556
move,-288.55774,74.773636
move,-288.15094,76.12939
move,-287.58136,77.42192
move,-286.669,78.483
move,-285.5343,79.326645
move,-284.24484,79.96345
move,-283.06174,80.25958
move,-281.62436,80.272026
move,-280.3648,80.10779
move,-279.12476,79.89349
move,-277.74268,79.64839
move,-276.37863,79.44397
move,-275.00693,79.30136
move,-273.6681,79.3525
move,-272.52612,79.73816
move,-271.4252,80.61462
move,-270.7917,81.74932
move,-270.44116,83.00672
move,-270.26807,84.27687
move,-270.22784,85.59478
move,-270.22287,86.974174
move,-270.20047,88.35335
move,-270.12518,89.73051
move,-270.00363,91.080215
move,-269.84448,92.438194
move,-269.65887,93.81723
move,-269.48276,95.17312
move,-269.31342,96.52989
move,-269.15817,97.87617
move,-269.04358,99.213135
move,-269.04962,100.5683
move,-269.03375,101.92339
move,-269.00467,103.278275
move,-268.95062,104.644485
move,-268.91016,106.035324
move,-268.9598,107.38938
move,-269.06885,108.7887
move,-269.1917,110.11397
move,-269.37766,111.48069
move,-269.58762,112.85626
move,-269.81268,114.21718
move,-270.02936,115.60392
move,-270.20407,116.99661
move,-270.37494,118.377594
move,-270.5393,119.74717
move,-270.68234,121.13128
move,-270.7848,122.50683
move,-270.83997,123.909294
move,-270.88174,125.16701
move,-270.9226,126.38842
move,-270.96066,127.8036
move,-270.98172,129.04968
move,-270.9559,130.47716
move,-270.89166,131.70967
move,-270.8118,132.91707
move,-270.7297,134.14854
move,-270.64706,135.40422
move,-270.56958,136.63599
move,-270.50513,137.8685
move,-270.47086,139.13846
move,-270.44366,140.40868
move,-270.40182,141.64212
move,-270.3299,142.87422
move,-270.24606,144.14201
move,-270.16885,145.36168
move,-270.1334,146.59503
move,-270.22873,147.83672
move,-270.48404,149.03137
move,-270.90256,150.19122
move,-271.51263,151.26244
move,-272.27542,152.21602
move,-273.1625,153.07304
move,-274.2806,153.94081
move,-275.27594,154.67064
move,-276.25757,155.43787
move,-277.225,156.4677
move,-277.94998,157.70937
move,-278.47784,159.03513
move,-278.79132,160.21567
move,-279.00143,161.62735
move,-279.0974,163.02745
move,-279.13293,164.26111
move,-279.1535,165.48305
move,-279.17593,166.72917
move,-279.20337,167.96306
move,-279.23135,169.19695
move,-279.27014,170.62424
move,-279.30017,171.84604
move,-279.3635,173.28442
move,-279.45,174.50345
move,-279.53308,175.72269
move,-279.62408,177.01419
move,-279.70926,178.24547
move,-279.74817,179.63599
move,-279.70255,180.86925
move,-279.58966,182.25603
move,-279.3942,183.63351
move,-279.0777,184.98787
move,-278.6033,186.269
move,-277.91287,187.50327
move,-277.0754,188.53552
move,-275.97678,189.33899
move,-274.68286,189.77235
move,-273.3116,190.12431
move,-272.0704,190.58765
move,-271.099,191.55034
move,-270.54712,192.83557
move,-270.24432,194.16823
move,-270.05988,195.55943
move,-269.9274,196.94463
move,-269.79736,198.3422
move,-269.66946,199.72781
move,-269.5628,200.93309
move,-269.46722,202.29706
move,-269.38815,203.6859
move,-269.42722,205.07683
move,-269.4797,206.47943
move,-269.52542,207.84595
move,-269.56775,209.22466
move,-269.62924,210.50572
move,-269.71664,211.82173
move,-269.80777,213.08897
move,-269.9321,214.4018
move,-270.16855,215.62491
move,-270.68097,216.93857
move,-271.70193,217.86707
move,-272.98434,218.42946
move,-274.3146,218.83743
move,-275.6302,219.25203
move,-276.7964,219.92444
move,-277.63803,220.98083
move,-278.1807,222.17941
move,-278.45828,223.51721
move,-278.64536,224.82278
move,-278.82614,226.17795
move,-278.93326,227.51672
move,-279.03473,228.85597
move,-279.13837,230.21938
move,-279.23947,231.53441
move,-279.34424,232.87344
move,-279.44925,234.21248
move,-279.53903,235.52827
move,-279.623,236.85664
move,-279.708,238.17282
move,-279.80246,239.51259
move,-279.89917,240.85222
move,-280.01297,242.1905
move,-280.12805,243.54082
move,-280.23926,244.86714
move,-280.34875,246.21793
move,-280.4385,247.57014
move,-280.51462,248.9232
move,-280.55106,250.26555
move,-280.5489,251.60872
move,-280.54483,252.98817
move,-280.53424,254.31917
move,-280.5055,255.68614
move,-280.47577,257.06522
move,-280.43857,258.41995
move,-280.37613,259.77368
move,-280.28073,261.13766
move,-280.1555,262.49918
move,-279.99112,263.85648
move,-279.73212,265.2232
move,-279.30713,266.52048
move,-278.56143,267.67465
move,-277.54675,268.5664
move,-276.27835,269.05103
move,-274.98978,269.16483
move,-273.77988,269.1596
move,-272.52173,269.1361
move,-271.15472,269.11267
move,-269.93283,269.09296
move,-268.54135,269.09213
move,-267.12604,269.12424
move,-265.89526,269.21497
move,-264.6634,269.40097
move,-263.37305,269.94943
move,-262.55417,270.83475
move,-261.924,271.90845
move,-261.3745,273.19946
move,-260.9029,274.53415
move,-260.52356,275.7086
move,-260.0704,277.06244
move,-259.4157,278.28522
move,-258.53183,279.13495
move,-257.2722,279.7468
move,-255.9081,280.16672
move,-254.55461,280.48904
move,-253.324,280.68384
move,-251.91325,280.7999
move,-250.4895,280.90607
move,-249.0915,281.03113
move,-247.66978,281.16263
move,-246.2715,281.28345
move,-244.88077,281.31802
move,-243.47229,281.1903
move,-242.26807,280.98212
move,-240.85074,280.7283
move,-239.44557,280.4754
move,-238.24438,280.25034
move,-236.82936,279.9836
move,-235.62402,279.71918
move,-234.45041,279.37906
move,-233.30504,278.8931
move,-232.2811,278.20667
move,-231.402,277.30972
move,-230.72717,276.19354
move,-230.23465,275.00958
move,-229.75339,273.80765
move,-229.15462,272.52692
move,-228.33844,271.51044
move,-227.35019,270.75525
move,-226.26172,270.20224
move,-224.91615,269.81052
move,-223.69215,269.65707
move,-222.47192,269.5909
move,-221.23822,269.55887
move,-220.01633,269.58008
move,-218.77017,269.59912
move,-217.37878,269.61618
move,-216.15686,269.63843
move,-214.75359,269.66522
move,-213.3743,269.68448
move,-211.98291,269.70255
move,-210.77301,269.71445
move,-209.39368,269.72388
move,-208.00209,269.72696
move,-206.61052,269.72607
move,-205.2312,269.71774
move,-203.85175,269.7113
move,-202.47354,269.76236
move,-201.09663,269.84552
move,-199.73157,269.92325
move,-198.35329,269.9789
move,-196.97466,270.02524
move,-195.61015,270.11124
move,-194.22122,270.3091
move,-192.89133,270.62576
move,-191.60649,271.0879
move,-190.57578,271.99097
move,-190.08398,273.25015
move,-189.71573,274.55426
move,-189.31854,275.8751
move,-188.69164,277.09705
move,-187.6694,277.9731
move,-186.40486,278.51715
move,-185.11084,278.82425
move,-183.7408,278.9761
move,-182.38602,278.98672
move,-181.03102,278.9621
move,-179.50925,279.04062
move,-178.22198,279.1791
move,-176.95006,279.34393
move,-175.64148,279.50717
move,-174.27602,279.5761
move,-172.88611,279.64218
move,-171.50844,279.7117
move,-170.14336,279.78918
move,-168.7541,279.8673
move,-167.365,279.94867
move,-165.97781,280.05762
move,-164.72398,280.16434
move,-163.35254,280.31204
move,-161.94315,280.44522
move,-160.56027,280.5994
move,-159.22012,280.8634
move,-157.95158,281.45227
move,-156.86093,282.31314
move,-155.94766,283.3608
move,-155.23438,284.38272
move,-154.44528,285.5289
move,-153.57306,286.59573
move,-152.35779,287.48807
move,-151.0011,288.12747
move,-149.7268,288.58765
move,-148.38916,288.92227
move,-147.04253,289.15756
move,-145.65892,289.30194
move,-144.25644,289.3457
move,-142.87569,289.1939
move,-141.50432,288.8452
move,-140.18115,288.34393
move,-139.073,287.829
move,-137.84464,287.1512
move,-136.84792,286.44498
move,-135.9443,285.62366
move,-135.07109,284.49652
move,-134.37178,283.4069
move,-133.6911,282.3629
move,-132.81548,281.2676
move,-131.79367,280.36243
move,-130.68347,279.7776
move,-129.43483,279.44418
move,-128.15685,279.36716
move,-126.76772,279.55066
move,-125.38983,279.9239
move,-124.06832,280.3193
move,-122.73422,280.75534
move,-121.40913,281.21823
move,-120.106575,281.70734
move,-118.826935,282.25345
move,-117.648224,282.96054
move,-116.678345,283.95663
move,-115.78442,284.99115
move,-114.88175,286.018
move,-113.890915,286.95804
move,-112.73278,287.72632
move,-111.49854,288.31302
move,-110.23146,288.79303
move,-108.946495,289.1834
move,-107.62912,289.5002
move,-106.3059,289.72855
move,-104.97593,289.91525
move,-103.6649,290.1449
move,-102.34111,290.371
move,-103.6649,290.1449
move,-101.01625,290.49295
move,-99.685776,290.51804
move,-98.3554,290.47794
move,-97.02472,290.46432
move,-95.709206,290.55396
move,-94.39413,290.65356
move,-93.07705,290.72253
move,-91.74765,290.78687
move,-90.404724,290.80313
move,-89.07457,290.75674
move,-87.733955,290.6766
move,-86.39838,290.53683
move,-85.099846,290.25323
move,-83.86489,289.75882
move,-82.70867,289.10468
move,-81.691,288.21234
move,-80.81594,287.1176
move,-80.19548,285.94144
move,-79.68136,284.74002
move,-79.15295,283.55835
move,-78.45485,282.4854
move,-77.47841,281.5494
move,-76.315125,280.83514
move,-75.042244,280.3756
move,-73.677185,280.1087
move,-72.313896,279.89862
move,-70.949974,279.81427
move,-69.570656,279.8013
move,-68.18388,279.69434
move,-66.78912,279.53757
move,-65.41549,279.4117
move,-64.05084,279.32767
move,-62.696056,279.3036
move,-61.34254,279.36438
move,-59.992302,279.47992
move,-58.64334,279.6096
move,-57.3446,279.7538
move,-56.01249,279.92526
move,-54.65826,280.11374
move,-53.29982,280.26645
move,-51.994423,280.32468
move,-50.62727,280.32025
move,-49.296867,280.28168
move,-47.944668,280.1926
move,-46.5785,280.14664
move,-45.237976,280.22617
move,-43.887478,280.339
move,-42.533978,280.40268
move,-41.15547,280.36215
move,-39.816475,280.25763
move,-38.463467,280.1815
move,-37.122204,280.11136
move,-35.78081,280.04376
move,-34.41491,279.98254
move,-33.16919,279.9444
move,-31.766247,279.9014
move,-30.400167,279.84525
move,-29.010977,279.76498
move,-27.657984,279.68756
move,-26.267883,279.6256
move,-24.913242,279.64963
move,-23.546951,279.7021
move,-22.21646,279.73816
move,-20.861448,279.76044
move,-19.518446,279.77682
move,-18.15122,279.79114
move,-16.785437,279.8484
move,-15.445881,280.04855
move,-14.104574,280.36966
move,-12.792482,280.79434
move,-11.5000515,281.2406
move,-10.17754,281.71063
move,-8.879814,282.17825
move,-7.5934834,282.64175
move,-6.297246,283.14624
move,-5.115224,283.87656
move,-4.0837946,284.79068
move,-3.1945224,285.84384
move,-2.4594069,287.01022
move,-1.8354919,288.2401
move,-1.3034762,289.5255
move,-0.85865664,290.8438
move,-0.49468184,292.21097
move,-0.36987248,293.58414
move,-0.32196927,294.9505
move,-0.3010753,296.31766
move,-0.2833655,297.67273
move,-0.267481,299.0521
move,-0.2540034,300.3952
move,-0.24191965,301.75043
move,-0.22967795,303.06934
move,-0.21833518,304.41248
move,-0.21470544,305.77975
move,-0.20831999,307.01395
move,-0.177464,308.33246
move,-0.11558185,309.71042
move,-0.030590853,311.0751
move,0.044814162,312.47668
move,0.13484249,313.84103
move,0.23602988,315.20465
move,0.33558378,316.6169
move,0.41451752,317.9819
move,0.5007145,319.3829
move,0.59372467,320.60144
move,0.7243296,321.98682
move,0.8911946,323.36823
move,1.106717,324.75504
move,1.3711418,326.1458
move,1.6629691,327.54355
move,1.9370785,328.93243
move,2.1955144,330.32425
move,2.3306198,331.5504
move,2.3698356,332.98962
move,2.387211,334.393
move,2.345466,335.65048
move,2.2039924,337.04654
move,2.0144463,338.266
move,1.7632301,339.6592
move,1.5293659,340.88336
move,1.2756075,342.2638
move,1.0390859,343.4628
move,0.81364346,344.85995
move,0.6700142,346.2805
move,0.5457519,347.66644
move,0.45844123,348.88544
move,0.41374022,350.31247
move,0.3900066,351.54648
move,0.36391035,352.8893
move,0.34460402,354.13544
move,0.33712938,355.51486
move,0.33353582,356.74902
move,0.3279815,358.00742
move,0.32382894,359.24158
move,0.32876605,360.62103
move,0.34658659,361.8914
move,0.36830583,363.2584
move,0.39099053,364.54068
move,0.4148537,365.85922
move,0.43697116,367.08093
cluster,1975
move,-203.51051,-370.66513
move,-202.19565,-370.88547
move,-200.84517,-371.131
move,-199.54904,-371.57632
move,-198.3612,-372.26105
move,-197.2702,-373.1355
move,-196.32529,-374.14832
move,-195.41861,-375.1966
move,-194.43503,-376.31778
move,-193.3083,-377.20575
move,-192.01152,-377.96814
move,-190.71526,-378.49072
move,-189.38812,-378.88913
move,-188.02785,-379.1523
move,-186.65652,-379.35352
move,-185.2442,-379.5476
move,-183.86984,-379.7265
move,-182.49146,-379.87085
move,-181.10776,-379.9467
move,-179.70891,-379.93085
move,-178.32704,-379.82776
move,-176.94864,-379.6829
move,-175.51694,-379.53983
move,-174.16234,-379.42352
move,-172.76663,-379.32425
move,-171.42888,-379.17432
move,-170.03873,-378.92554
move,-168.72441,-378.57944
move,-167.46844,-378.06427
move,-166.3048,-377.2485
move,-165.31145,-376.11978
move,-164.46211,-375.05814
move,-163.59685,-374.00946
move,-162.63248,-373.05426
move,-161.54369,-372.26382
move,-160.36328,-371.61832
move,-159.08533,-371.1177
move,-157.6391,-370.70395
move,-156.32487,-370.41187
move,-155.00764,-370.1331
move,-153.53448,-369.7686
move,-152.1126,-369.27637
move,-150.8579,-368.82562
move,-149.61917,-368.33286
move,-148.40413,-367.81732
move,-147.05261,-367.12753
move,-145.86218,-366.34485
move,-144.72285,-365.30493
move,-143.8604,-364.28897
move,-143.07692,-363.19437
move,-142.36775,-362.01974
move,-141.7958,-360.62976
move,-141.46317,-359.3257
move,-141.23558,-357.9855
move,-141.16255,-356.6421
move,-141.20592,-355.28342
move,-141.34749,-353.95816
move,-141.62083,-352.62692
move,-142.01996,-351.3139
move,-142.51573,-350.01974
move,-143.04791,-348.75433
move,-143.63582,-347.49948
move,-144.3254,-346.25214
move,-145.12103,-345.07
move,-146.06952,-344.02536
move,-147.18904,-343.12347
move,-148.4337,-342.37775
move,-149.78275,-341.7751
move,-151.17665,-341.32443
move,-152.59866,-340.92023
move,-154.03407,-340.56635
move,-155.47948,-340.25626
move,-156.91544,-340.04407
move,-158.36337,-339.93765
move,-159.84138,-339.906
move,-161.39883,-339.9184
move,-162.89024,-339.93768
move,-164.39497,-339.9505
move,-165.89854,-340.00937
move,-167.42767,-340.08868
move,-168.75864,-340.16495
move,-170.2335,-340.267
move,-171.70685,-340.389
move,-173.12694,-340.51343
move,-174.71024,-340.53064
move,-176.10698,-340.45358
move,-177.4209,-340.2356
move,-178.87251,-339.79337
move,-180.15735,-339.24313
move,-181.32504,-338.47495
move,-182.36894,-337.52493
move,-183.32149,-336.4472
move,-184.20824,-335.3478
move,-185.1639,-334.29205
move,-186.23996,-333.46347
move,-187.45699,-332.77466
move,-188.78079,-332.17862
move,-190.08885,-331.6461
move,-191.38431,-331.1534
move,-192.6686,-330.6684
move,-194.02371,-330.18484
move,-195.33362,-329.77475
move,-196.69427,-329.39603
move,-198.05878,-329.03125
move,-199.47424,-328.65274
move,-200.83704,-328.23605
move,-202.10663,-327.68237
move,-203.32599,-326.97153
move,-204.43929,-326.083
move,-205.44185,-325.052
move,-206.30383,-323.91763
move,-206.98537,-322.72675
move,-207.56201,-321.42343
move,-208.00266,-320.0959
move,-208.33585,-318.69662
move,-208.55844,-317.30228
move,-208.68132,-315.82935
move,-208.69943,-314.4172
move,-208.64064,-312.96664
move,-208.49054,-311.53613
move,-208.1292,-310.11896
move,-207.55028,-308.817
move,-206.82852,-307.57312
move,-205.93585,-306.37888
move,-204.99823,-305.2703
move,-205.93585,-306.37888
move,-204.04279,-304.23004
move,-204.99823,-305.2703
move,-203.11331,-303.10028
move,-202.38747,-301.79822
move,-201.82114,-300.61456
move,-201.30333,-299.36237
move,-200.88164,-298.20245
move,-200.41684,-296.86523
move,-199.9816,-295.58185
move,-199.5317,-294.23956
move,-199.04149,-292.9246
move,-198.5515,-291.8051
move,-197.96617,-290.56952
move,-197.30812,-289.33
move,-196.58102,-288.1724
move,-195.75061,-287.08676
move,-194.8201,-286.05258
move,-193.8153,-285.1627
move,-192.66331,-284.3846
move,-191.44795,-283.7328
move,-190.22926,-283.11288
move,-188.99983,-282.4874
move,-187.74881,-281.85095
move,-185.79681,-280.8578
move,-184.70746,-280.3039
move,-184.06064,-279.9749
move,-183.94463,-279.84625
move,-183.26466,-279.15158
move,-182.5005,-278.3912
move,-181.74876,-277.6458
move,-181.10173,-276.8583
move,-180.59315,-275.92062
move,-180.27206,-275.01392
move,-180.04793,-273.91147
move,-179.95918,-272.80835
move,-179.91934,-271.70224
move,-179.89375,-270.5956
move,-179.89644,-269.51773
move,-179.97069,-268.43298
move,-180.14822,-267.3702
move,-180.44191,-266.34396
move,-180.91736,-265.38968
move,-181.5841,-264.54416
move,-182.33682,-263.75934
move,-183.12074,-263.03372
move,-183.94595,-262.3708
move,-184.80997,-261.77615
move,-185.6909,-261.26178
move,-186.59341,-260.78592
move,-187.50941,-260.3152
move,-188.435,-259.84195
move,-189.37791,-259.3604
move,-190.3123,-258.8833
move,-191.22092,-258.41922
move,-192.12914,-257.9544
move,-193.07155,-257.4513
move,-193.96324,-256.91724
move,-194.81752,-256.3091
move,-195.59135,-255.58781
move,-196.2435,-254.76724
move,-196.74347,-253.94513
move,-197.1896,-253.06001
move,-197.59097,-252.04984
move,-197.86374,-251.05731
move,-198.0048,-250.07664
move,-198.1122,-249.11044
move,-198.22224,-248.11551
move,-198.34132,-247.08286
move,-198.44928,-246.09738
move,-198.57365,-244.97812
move,-198.67155,-244.01097
move,-198.71638,-242.8861
move,-198.73239,-241.75044
move,-198.76036,-240.63437
move,-198.80547,-239.50912
move,-198.85097,-238.32227
move,-198.90334,-236.90752
move,-198.98077,-235.55452
move,-199.07112,-234.15385
move,-199.1647,-232.7534
move,-199.26787,-231.39003
move,-199.37479,-230.02687
move,-199.47961,-228.67572
move,-199.57544,-227.37242
move,-199.67177,-226.05705
move,-199.76955,-224.76605
move,-199.86185,-223.48676
move,-199.95178,-222.15883
move,-200.02753,-220.87846
move,-200.09334,-219.537
move,-200.11891,-218.2305
move,-200.13365,-216.8875
move,-200.13399,-215.56856
move,-200.16037,-214.25003
move,-200.24094,-212.90956
move,-200.45561,-211.5968
move,-200.80414,-210.31271
move,-201.28497,-209.03343
move,-201.89081,-207.87706
move,-202.70918,-206.79848
move,-203.64134,-205.8318
move,-204.515,-204.96002
move,-205.38141,-204.08107
move,-206.30873,-203.0602
move,-207.13376,-202.00125
move,-207.85912,-200.84297
move,-208.42584,-199.60017
move,-208.75223,-198.4232
move,-209.02936,-197.13371
move,-209.31792,-195.77246
move,-209.56674,-194.58838
move,-209.8133,-193.2683
move,-209.98949,-191.91255
move,-210.07565,-190.5239
move,-210.07187,-189.10847
move,-209.95374,-187.75885
move,-209.69681,-186.4166
move,-209.29086,-185.13704
move,-208.68207,-183.90182
move,-207.82141,-182.85995
move,-206.75049,-181.9936
move,-205.51427,-181.39221
move,-204.17548,-181.12671
move,-202.78722,-181.03603
move,-201.4092,-180.97365
move,-200.06013,-180.84602
move,-198.70203,-180.68755
move,-197.39201,-180.53484
move,-196.02408,-180.35796
move,-194.67085,-180.16238
move,-193.33144,-179.9564
move,-192.00401,-179.7523
move,-190.63347,-179.5977
move,-189.33081,-179.49356
move,-187.95296,-179.43517
move,-186.60997,-179.42104
move,-185.30325,-179.41023
move,-183.96027,-179.39613
move,-182.61824,-179.34882
move,-181.24088,-179.27417
move,-179.8631,-179.20825
move,-178.48514,-179.25212
move,-177.19748,-179.3867
move,-175.86278,-179.5367
move,-174.56392,-179.68024
move,-173.26128,-179.78358
move,-171.96875,-179.8586
move,-170.6764,-179.93703
move,-169.38342,-180.00294
move,-168.07808,-180.06407
move,-166.7845,-180.11752
move,-165.49057,-180.16235
move,-164.14803,-180.20082
move,-162.82916,-180.207
move,-161.53513,-180.16777
move,-160.19093,-180.00867
move,-158.95186,-179.56659
move,-157.84425,-178.83391
move,-156.89754,-177.88344
move,-156.06323,-176.81586
move,-155.2699,-175.74713
move,-154.44316,-174.67348
move,-153.5309,-173.7225
move,-152.45435,-172.9217
move,-151.29817,-172.28906
move,-150.03987,-171.82211
move,-148.74802,-171.50316
move,-147.39407,-171.31636
move,-146.03061,-171.21513
move,-144.67807,-171.13051
move,-143.31229,-171.06592
move,-141.95752,-171.03125
move,-140.5781,-171.03075
move,-139.19862,-171.03633
move,-137.80704,-171.04175
move,-136.42761,-171.03796
move,-135.20583,-171.01076
move,-133.79047,-170.97943
move,-132.56865,-170.95299
move,-131.20184,-170.91678
move,-129.7391,-170.85234
move,-128.51846,-170.7923
move,-127.15275,-170.72626
move,-125.81071,-170.67384
move,-124.43138,-170.67824
move,-123.06454,-170.71164
move,-121.69346,-170.85118
move,-120.355736,-171.18552
move,-119.11209,-171.6567
move,-117.90102,-172.34027
move,-116.80538,-173.13657
move,-115.83082,-174.07631
move,-115.00795,-175.16678
move,-114.30625,-176.31186
move,-113.6197,-177.4521
move,-112.7779,-178.5248
move,-111.73963,-179.33435
move,-110.54302,-179.85057
move,-109.25607,-180.13597
move,-107.95863,-180.28415
move,-106.62839,-180.26094
move,-105.335335,-180.1955
move,-104.00626,-180.12424
move,-102.71401,-180.04466
move,-101.40029,-179.92844
move,-100.10454,-179.75993
move,-98.81528,-179.43785
move,-97.6574,-178.89047
move,-96.62063,-178.08182
move,-95.824196,-177.0482
move,-95.12416,-175.94475
move,-94.38947,-174.83514
move,-93.54416,-173.82433
move,-92.54192,-172.96986
move,-91.42224,-172.27405
move,-90.21135,-171.66699
move,-88.96368,-171.24168
move,-87.74022,-170.94792
move,-86.523125,-170.74637
move,-85.14566,-170.69012
move,-83.7716,-170.78978
move,-82.43893,-171.2469
move,-81.39647,-172.1373
move,-80.66998,-173.34807
move,-80.17246,-174.65942
move,-79.84074,-176.02238
move,-79.602615,-177.43015
move,-79.39306,-178.63406
move,-79.065285,-179.81058
move,-78.43284,-180.12764
move,-77.96766,-181.20883
move,-77.47856,-182.32759
move,-76.94125,-183.42314
move,-76.14678,-184.35619
move,-75.1141,-185.14236
move,-74.144936,-185.78923
move,-73.10641,-186.41019
move,-72.06767,-187.03075
move,-71.038414,-187.64569
move,-70.634155,-187.88724
move,-70.463234,-187.98718
move,-69.429726,-188.595
move,-68.364746,-189.21436
move,-67.27968,-189.72023
move,-66.10269,-190.11989
move,-64.96471,-190.41724
move,-63.755356,-190.65237
move,-62.578575,-190.88216
move,-61.488037,-191.09442
move,-60.247765,-191.3429
move,-59.113777,-191.69109
move,-58.054962,-192.275
move,-57.07337,-193.01791
move,-56.207775,-193.8625
move,-55.447796,-194.81728
move,-54.73622,-195.82298
move,-53.97375,-196.78954
move,-53.077522,-197.6497
move,-52.137615,-198.39377
move,-51.125504,-199.1146
move,-50.062855,-199.69124
move,-48.92063,-200.1521
move,-47.795433,-200.495
move,-46.60495,-200.61394
move,-45.427246,-200.46942
move,-44.262875,-200.23372
move,-43.089497,-200.05188
move,-41.930923,-199.92137
move,-40.747997,-199.81267
move,-39.57236,-199.75883
move,-38.395397,-199.75867
move,-37.18543,-199.75258
move,-35.99744,-199.75354
move,-34.689686,-199.8061
move,-33.570225,-199.88158
move,-32.40631,-199.95119
move,-31.24274,-200.02538
move,-30.079317,-200.1022
move,-28.819004,-200.21094
move,-27.55894,-200.32243
move,-26.287584,-200.43095
move,-25.014606,-200.51701
move,-23.738972,-200.511
move,-22.476496,-200.43233
move,-21.207203,-200.30287
move,-19.959785,-200.09491
move,-18.861374,-199.81851
move,-17.73421,-199.30235
move,-16.748074,-198.49712
move,-15.883416,-197.58911
move,-15.051331,-196.60748
move,-14.290745,-195.68059
move,-13.550278,-194.82314
move,-12.671598,-193.89825
move,-11.680764,-193.07928
move,-10.718973,-192.46066
move,-9.563469,-191.89635
move,-8.524276,-191.5046
move,-7.264893,-191.19592
move,-6.0089245,-191.04884
move,-4.735457,-190.9689
move,-3.6152587,-190.90532
move,-2.3521428,-190.83633
move,-1.2316494,-190.77821
move,0.04309614,-190.72163
move,1.2960088,-190.66945
move,2.4168565,-190.61868
move,3.702377,-190.557
move,2.4168565,-190.61868
move,4.9543104,-190.48532
move,6.2166324,-190.40305
move,7.3247595,-190.32326
move,8.607299,-190.21652
move,9.735819,-190.11658
move,10.910919,-190.05002
move,12.097722,-189.9968
move,13.351446,-189.97473
move,14.461515,-190.017
move,15.712415,-190.10428
move,17.023277,-190.25632
move,18.292,-190.47235
move,19.490404,-190.63687
move,20.659607,-190.77077
move,21.820057,-190.96722
move,23.004362,-191.15207
move,24.178453,-191.2325
move,25.355127,-191.25475
move,26.542803,-191.23029
move,27.685635,-191.17885
move,28.83972,-191.13315
move,30.004982,-191.09238
move,31.190664,-191.01878
move,32.34358,-190.9495
move,33.452904,-190.88893
move,34.59651,-190.8627
move,35.761234,-190.90675
move,36.904068,-191.07022
move,38.023586,-191.3518
move,39.244595,-191.84996
move,40.282234,-192.40521
move,41.27399,-192.97534
move,42.24704,-193.55573
move,43.313164,-194.19478
move,44.26495,-194.82855
move,45.2003,-195.61263
move,46.0133,-196.41713
move,46.883904,-197.30411
move,47.79393,-197.95674
move,48.82385,-198.47823
move,49.917652,-198.88052
move,51.130432,-199.23985
move,52.366222,-199.55699
move,53.50484,-199.8081
move,54.59664,-200.01329
move,55.794796,-200.18173
move,56.950912,-200.33281
move,58.075943,-200.46661
move,59.259968,-200.56169
move,60.467205,-200.64188
move,61.61572,-200.76357
move,62.83764,-200.92049
move,63.975758,-201.0362
move,65.11736,-201.10886
move,66.22797,-201.13481
move,67.38102,-201.07228
move,68.49671,-200.954
move,69.700005,-200.82773
move,70.9161,-200.71858
move,72.18627,-200.59682
move,73.313354,-200.48141
move,74.53191,-200.40997
move,75.653786,-200.41782
move,76.78674,-200.40866
move,77.908745,-200.40474
move,79.06373,-200.40091
move,80.33888,-200.4471
move,81.51496,-200.49371
move,82.67975,-200.54692
move,83.787,-200.63652
move,84.90582,-200.81058
move,86.04957,-201.12976
move,87.161156,-201.5158
move,88.20389,-202.0776
move,89.002884,-202.87578
move,89.616806,-203.91592
move,90.03309,-204.95732
move,90.37899,-206.11653
move,90.678345,-207.20927
move,90.97226,-208.28069
move,91.27507,-209.38387
move,91.57491,-210.46506
move,91.98244,-211.68533
move,92.44914,-212.72923
move,93.09704,-213.81464
move,93.94096,-214.76802
move,94.91778,-215.57092
move,95.98278,-216.31252
move,96.92259,-216.8839
move,97.982315,-217.44371
move,99.021126,-217.8667
move,100.22114,-218.30046
move,101.287155,-218.6843
move,102.46706,-219.109
move,103.61532,-219.49017
move,104.750946,-219.79918
move,105.87179,-220.07803
move,106.96061,-220.34885
move,108.04105,-220.6506
move,109.10035,-221.01999
move,110.10843,-221.48555
move,111.065796,-222.04861
move,111.96895,-222.6949
move,112.826675,-223.41788
move,113.75174,-224.31235
move,114.63172,-225.2363
move,115.39028,-226.04803
move,116.185844,-226.8388
move,117.151306,-227.65588
move,118.04798,-228.29242
move,119.02547,-228.8423
move,120.18167,-229.35397
move,121.24133,-229.68605
move,122.46874,-229.94086
move,123.74835,-230.07164
move,124.990326,-230.04039
move,126.25955,-229.91083
move,127.5062,-229.69812
move,128.73413,-229.39471
move,129.96342,-229.01495
move,131.09698,-228.45863
move,132.15605,-227.78714
move,133.2524,-227.1131
move,134.3037,-226.45032
move,135.33104,-225.69408
move,136.24821,-224.80852
move,137.06801,-223.84538
move,137.83578,-222.82648
move,138.49686,-221.73625
move,138.94395,-220.71954
move,139.32959,-219.68945
move,139.73727,-218.46886
move,140.08853,-217.26509
move,140.45816,-216.06696
move,140.84923,-214.9802
move,141.29022,-213.92485
move,141.89076,-212.8125
move,142.70815,-211.76562
move,143.70988,-210.96275
move,144.90393,-210.50058
move,146.1676,-210.33983
move,147.28856,-210.2915
move,148.57455,-210.24103
move,149.70602,-210.18251
move,150.95842,-210.11917
move,152.22087,-210.03897
move,153.48518,-210.00922
move,154.76106,-210.0259
move,155.86095,-210.01326
move,157.10278,-209.96164
move,158.35378,-209.875
move,159.60626,-209.81976
move,160.87119,-209.81377
move,162.16898,-209.83649
move,163.4228,-209.81715
move,164.66539,-209.79097
move,165.93008,-209.8187
move,167.173,-209.82909
move,168.43735,-209.86299
move,169.54585,-209.93716
move,170.83055,-210.01361
move,171.95181,-210.04897
move,173.0625,-210.02412
move,174.15881,-209.93604
move,175.2831,-209.79697
move,176.38574,-209.54262
move,177.38991,-209.07289
move,178.25885,-208.35347
move,178.9526,-207.24763
move,179.37927,-206.19896
move,179.7045,-205.10233
move,180.06567,-204.02994
move,180.63882,-203.05453
move,181.3964,-202.19955
move,182.30191,-201.52078
move,183.38275,-200.98085
move,184.47581,-200.68939
move,185.68794,-200.54958
move,186.84193,-200.50377
move,187.96391,-200.50389
move,189.07462,-200.52461
move,190.35034,-200.55005
move,191.48222,-200.599
move,192.57951,-200.67625
move,193.69733,-200.77185
move,194.8249,-200.8823
move,195.95357,-200.98122
move,197.21764,-201.0194
move,198.32826,-200.99327
move,199.60352,-200.95259
move,200.86665,-200.88795
move,202.16063,-200.7887
move,203.4031,-200.7543
move,204.65613,-200.78766
move,205.90309,-200.9191
move,207.15675,-201.08806
move,208.40039,-201.2469
move,209.65326,-201.29855
move,210.9174,-201.34486
move,212.18217,-201.36575
move,213.4459,-201.31735
move,214.7279,-201.20482
move,215.97374,-201.06216
move,217.22728,-200.8924
move,218.46861,-200.71468
move,219.67046,-200.57866
move,220.95671,-200.5459
move,222.17555,-200.6181
move,223.43837,-200.69203
move,224.70317,-200.67978
move,225.89085,-200.65154
move,227.04501,-200.60768
move,228.22086,-200.55536
move,229.40791,-200.5076
move,230.58405,-200.46281
move,231.73787,-200.41016
move,232.93556,-200.35432
move,234.23235,-200.29814
move,235.50746,-200.25119
move,236.71664,-200.20676
move,237.9705,-200.18874
move,239.1034,-200.17355
move,240.2803,-200.16008
move,241.46822,-200.14815
move,242.59018,-200.13637
move,243.89905,-200.12077
move,245.02095,-200.10855
move,246.27437,-200.0714
move,247.395,-200.01709
move,248.52655,-199.96005
move,249.6482,-199.933
move,250.77011,-199.91922
move,251.88109,-199.92516
move,253.07993,-199.94522
move,254.35568,-199.9701
move,255.46637,-199.99457
move,256.56552,-200.03716
move,257.7196,-200.08208
move,259.00565,-200.13171
move,260.20374,-200.17902
move,261.49,-200.21994
move,262.76593,-200.23589
move,264.03088,-200.24934
move,265.14188,-200.24872
move,266.41742,-200.21692
move,267.70358,-200.17085
move,268.97903,-200.13486
move,270.2657,-200.10466
move,271.54114,-200.06833
move,272.80548,-200.02689
move,274.0809,-199.98929
move,275.34546,-199.95544
move,276.44516,-199.92587
move,277.62143,-199.88399
move,278.7534,-199.8349
move,279.92902,-199.77747
move,281.10373,-199.70486
move,282.2794,-199.65012
move,283.39996,-199.59378
move,284.67377,-199.51907
move,285.88348,-199.49794
move,287.13718,-199.47258
move,288.3463,-199.51201
move,289.57123,-199.64258
move,290.81027,-199.8355
move,292.03506,-200.04755
move,293.25693,-200.20349
move,294.49664,-200.29297
move,295.72464,-200.39194
move,296.9824,-200.52704
move,298.20312,-200.69295
move,299.4302,-200.89116
move,300.66528,-201.10817
move,301.88956,-201.32315
move,303.12112,-201.55908
move,304.344,-201.8362
move,305.51938,-202.23846
move,306.66312,-202.7242
move,307.7689,-203.33673
move,308.7122,-204.18922
move,309.3983,-205.19746
move,310.0163,-206.30124
move,310.72806,-207.33153
move,311.70038,-208.18509
move,312.8057,-208.72433
move,313.9096,-209.062
move,315.15814,-209.32451
move,316.38138,-209.54536
move,317.47842,-209.72073
move,318.58127,-209.85455
move,319.68896,-209.9389
move,320.80954,-209.99323
move,322.08542,-210.00076
move,323.20715,-209.97627
move,324.4829,-209.96025
move,325.7801,-210.00632
move,327.06665,-210.03882
move,328.2215,-210.0549
move,329.3431,-210.08086
move,330.45346,-210.11894
move,331.58484,-210.17854
move,332.89044,-210.27206
move,334.04233,-210.35616
move,335.15286,-210.38751
move,336.2744,-210.41705
move,337.52823,-210.43655
move,338.64938,-210.47711
move,339.81342,-210.54402
move,340.94327,-210.6285
move,342.13834,-210.72554
move,343.25443,-210.84029
move,344.4882,-210.9917
move,345.6453,-211.13542
move,346.763,-211.23413
move,347.99216,-211.3173
move,349.1341,-211.38553
move,350.34372,-211.39845
move,351.64124,-211.36234
move,352.82883,-211.32956
move,354.04892,-211.2843
move,355.16943,-211.22678
move,356.31027,-211.14265
move,357.41434,-211.01945
move,358.52438,-210.85646
move,359.27216,-210.7263
cluster,1773
move,-349.67447,-0.0063055195
move,-348.5354,-0.04003544
move,-347.3675,-0.11029845
move,-346.1827,-0.225947
move,-345.01047,-0.36353847
move,-343.98328,-0.5113778
move,-342.8287,-0.70138335
move,-341.7442,-0.87826633
move,-340.5834,-1.0236964
move,-339.4445,-1.1806955
move,-338.39963,-1.3478926
move,-337.29147,-1.5052062
move,-336.19922,-1.6252232
move,-335.13348,-1.6993344
move,-334.02545,-1.7460715
move,-332.92682,-1.7294797
move,-331.7484,-1.6643919
move,-330.6219,-1.5835077
move,-329.49365,-1.531913
move,-328.38522,-1.4936755
move,-327.26868,-1.4178607
move,-326.1528,-1.3320916
move,-325.05447,-1.3032968
move,-323.94577,-1.329173
move,-322.83798,-1.383188
move,-321.7509,-1.44321
move,-320.6438,-1.5098076
move,-319.56747,-1.5795057
move,-318.46082,-1.6527104
move,-317.37393,-1.7144601
move,-316.2852,-1.7175777
move,-315.1778,-1.7184491
move,-313.89523,-1.7192012
move,-312.61267,-1.7217045
move,-311.30643,-1.6930631
move,-310.0139,-1.6186328
move,-308.69873,-1.5200896
move,-307.4384,-1.3605835
move,-306.13275,-1.1741956
move,-304.84988,-0.9998993
move,-303.51852,-0.8229542
move,-302.2348,-0.65513074
move,-300.97104,-0.5248147
move,-299.70544,-0.41340026
move,-298.45267,-0.2943075
move,-297.19946,-0.18027158
move,-295.9436,-0.09849513
move,-294.67578,-0.017316345
move,-293.36475,0.20209195
move,-292.2316,0.7352647
move,-291.26926,1.7121695
move,-290.74078,2.8483303
move,-290.5781,4.149594
move,-290.6814,5.5366225
move,-290.8344,6.88316
move,-290.93884,8.306092
move,-290.88397,9.672262
move,-290.81332,11.037737
move,-290.73975,12.427293
move,-290.67133,13.817105
move,-290.60495,15.182795
move,-290.50296,16.57053
move,-290.398,17.945927
move,-290.2875,19.284468
move,-290.17374,20.671309
move,-290.0561,22.009241
move,-289.951,23.348196
move,-289.89532,24.714245
move,-289.8855,26.06937
move,-289.9036,27.388096
move,-290.01746,28.725534
move,-290.34152,30.03924
move,-290.98663,31.195766
move,-291.93613,32.16071
move,-292.9344,33.022648
move,-293.9716,33.91363
move,-294.95624,34.791054
move,-295.90433,35.7417
move,-296.70798,36.770542
move,-297.34482,37.937866
move,-297.85178,39.19446
move,-298.314,40.4554
move,-298.7054,41.76527
move,-299.02133,43.070568
move,-299.27493,44.36482
move,-299.51636,45.698322
move,-299.72928,47.024433
move,-299.9229,48.341255
move,-300.1625,49.723663
move,-300.69705,50.92247
move,-301.6174,51.962296
move,-302.57672,52.776512
move,-303.63965,53.6557
move,-304.70242,54.53505
move,-305.71555,55.45248
move,-306.62836,56.46973
move,-307.46753,57.56418
move,-308.23383,58.71082
move,-308.87906,59.92871
move,-309.3557,61.209534
move,-309.6804,62.53668
move,-309.83438,63.919006
move,-309.87088,65.285515
move,-309.78076,66.66129
move,-309.5617,67.98606
move,-309.2233,69.2978
move,-308.76,70.59643
move,-308.15897,71.782616
move,-307.3748,72.886406
move,-306.48206,73.88938
move,-305.6068,74.740364
move,-304.654,75.5553
move,-303.66385,76.26919
move,-302.61523,76.89363
move,-301.47412,77.41218
move,-300.32867,77.834526
move,-299.11948,78.24173
move,-297.94034,78.59845
move,-296.71988,78.883965
move,-295.43704,79.08146
move,-294.20456,79.30975
move,-293.00998,79.72045
move,-291.9318,80.43453
move,-291.07767,81.37976
move,-290.47723,82.31342
move,-289.96555,83.46883
move,-289.67334,84.539734
move,-289.49783,85.81396
move,-289.4474,86.95657
move,-289.42072,88.177216
move,-289.37314,89.36426
move,-289.32803,90.50737
move,-289.28278,91.606415
move,-289.17007,92.88842
move,-289.04898,94.169716
move,-288.91345,95.43844
move,-288.74457,96.536446
move,-288.54004,97.77366
move,-288.34384,98.86712
move,-288.04697,100.08509
move,-287.62302,101.27646
move,-287.04178,102.423294
move,-286.30475,103.4638
move,-285.44916,104.39416
move,-284.47165,105.19557
move,-283.40472,105.87415
move,-282.27112,106.483315
move,-281.1314,107.031715
move,-279.94073,107.519875
move,-278.90152,107.88014
move,-277.65848,108.21219
move,-276.55606,108.42041
move,-275.30685,108.61942
move,-274.10825,108.78538
move,-272.9365,108.89604
move,-271.80624,108.97467
move,-270.52014,109.02225
move,-269.40927,109.03674
move,-268.21027,109.04332
move,-267.0772,109.04585
move,-265.87823,109.056274
move,-264.71277,109.08998
move,-263.6026,109.13249
move,-262.47067,109.18133
move,-261.33887,109.23225
move,-260.21783,109.27878
move,-259.08557,109.319405
move,-257.95282,109.342026
move,-256.84204,109.32371
move,-255.72116,109.273544
move,-254.60226,109.190765
move,-253.41972,109.077
move,-252.30318,108.96644
move,-251.19759,108.85702
move,-250.04846,108.74072
move,-248.75293,108.49469
move,-247.55983,108.01867
move,-246.61743,107.41214
move,-245.67297,106.52418
move,-244.86005,105.526794
move,-244.07555,104.506516
move,-243.3828,103.609985
move,-242.66208,102.76492
move,-241.84468,101.96538
move,-240.97418,101.27564
move,-240.02357,100.63992
move,-239.03346,100.13762
move,-237.99855,99.73408
move,-236.93735,99.36986
move,-235.86172,99.05128
move,-234.7483,98.78867
move,-233.63802,98.56293
move,-232.53285,98.36953
move,-231.4094,98.22394
move,-230.28027,98.1311
move,-229.14928,98.06458
move,-228.0054,98.05194
move,-226.87354,98.098854
move,-225.73592,98.21755
move,-224.6076,98.40562
move,-223.50638,98.62041
move,-222.39293,98.8301
move,-221.24974,98.99356
move,-220.12154,99.09666
move,-218.96838,99.16051
move,-217.82455,99.17743
move,-216.68054,99.17695
move,-215.53662,99.166374
move,-214.3048,99.14587
move,-213.19408,99.12185
move,-212.03923,99.10107
move,-210.89534,99.08657
move,-209.75137,99.08176
move,-208.58609,99.12108
move,-207.47725,99.189095
move,-206.25089,99.30624
move,-205.13518,99.42487
move,-203.99774,99.54738
move,-202.8823,99.66856
move,-201.75655,99.796555
move,-200.60965,99.93302
move,-199.48427,100.06416
move,-198.35777,100.18536
move,-197.20744,100.288414
move,-196.087,100.34719
move,-194.93451,100.421005
move,-193.80899,100.61908
move,-192.71866,100.997604
move,-191.70248,101.497215
move,-190.75478,102.153206
move,-189.96585,102.965324
move,-189.27975,103.86576
move,-188.73112,104.85624
move,-188.29672,105.90232
move,-187.89668,106.96232
move,-187.16779,108.03029
move,-186.16118,108.50227
move,-185.05891,108.62425
move,-183.93765,108.5897
move,-182.82864,108.5232
move,-181.70789,108.472374
move,-180.5978,108.51016
move,-179.33565,108.594604
move,-178.22878,108.68818
move,-176.97296,108.96394
move,-175.75325,109.338615
move,-174.69627,109.68083
move,-173.59326,110.05871
move,-172.49141,110.4401
move,-171.28458,110.85448
move,-170.17996,111.26085
move,-168.99748,111.71022
move,-167.9568,112.12919
move,-166.93849,112.59994
move,-165.84723,113.23721
move,-164.97147,114.14258
move,-164.46083,115.186035
move,-164.17078,116.314964
move,-163.85634,117.50555
move,-163.21289,118.587296
move,-162.22104,119.41579
move,-161.08537,119.85784
move,-159.8295,120.07627
move,-158.58891,120.15049
move,-157.34618,120.14233
move,-156.09502,120.05903
move,-154.98753,119.97056
move,-153.73788,119.86627
move,-152.48851,119.75884
move,-151.23909,119.65167
move,-150.00098,119.5412
move,-148.75201,119.42874
move,-147.48108,119.31502
move,-146.22162,119.19672
move,-145.11569,119.09068
move,-143.87756,118.98081
move,-142.6263,118.898026
move,-141.34125,118.82789
move,-140.09853,118.8067
move,-138.87827,118.84633
move,-137.64986,118.93727
move,-136.48146,119.079254
move,-135.20451,119.23997
move,-134.04727,119.38261
move,-132.8212,119.50236
move,-131.67944,119.57369
move,-130.53673,119.628174
move,-129.36128,119.688126
move,-128.17462,119.74389
move,-126.99909,119.80209
move,-125.81425,119.88775
move,-124.63304,120.0135
move,-123.47344,120.263115
move,-122.46014,120.80723
move,-121.632965,121.63976
move,-121.000885,122.66931
move,-120.545166,123.789276
move,-120.21929,124.97654
move,-120.04332,126.15093
move,-119.97418,127.40268
move,-119.95469,128.72255
move,-119.96992,129.92143
move,-119.98626,131.14233
move,-119.99904,132.37424
move,-120.0018,133.62825
move,-119.98183,134.83803
move,-119.959305,136.08081
move,-119.94141,137.30168
move,-119.92544,138.51158
move,-119.9091,139.72148
move,-119.88839,140.93129
move,-119.8486,142.14061
move,-119.791466,143.32722
move,-119.72522,144.56844
move,-119.66564,145.76596
move,-119.622635,146.99721
move,-119.58216,148.18456
move,-119.540245,149.43785
move,-119.52383,150.63661
move,-119.54833,151.84637
move,-119.57144,153.05612
move,-119.59156,154.26598
move,-119.60658,155.46487
move,-119.61531,156.6748
move,-119.6233,157.85176
move,-119.63212,159.06169
move,-119.63657,160.26071
move,-119.652405,161.44861
move,-119.670944,162.66948
move,-119.68824,163.86838
move,-119.70193,165.05627
move,-119.710495,166.21124
move,-119.71509,167.44328
move,-119.721214,168.59828
move,-119.73276,169.74222
move,-119.75583,170.91896
move,-119.770706,172.07385
move,-119.78389,173.27277
move,-119.79673,174.44969
move,-119.81425,175.59354
move,-119.84197,176.7812
move,-119.8699,178.03488
move,-119.870346,179.26682
move,-119.84435,180.50955
move,-119.82332,181.71939
move,-119.80094,182.97319
move,-119.76652,184.22665
move,-119.69772,185.45673
move,-119.611,186.70775
move,-119.522125,187.94759
move,-119.43872,189.18776
move,-119.38842,190.40771
move,-119.34043,191.6388
move,-119.28625,192.88057
move,-119.20434,194.10982
move,-119.09897,195.29306
move,-118.93627,196.44745
move,-118.72009,197.53711
move,-118.4232,198.78934
move,-118.08814,199.9862
move,-117.69715,201.16591
move,-117.19922,202.31583
move,-116.54535,203.38501
move,-115.80435,204.38248
move,-114.96311,205.31139
move,-114.015945,206.149
move,-113.02116,206.85602
move,-111.92701,207.49045
move,-110.80212,207.99208
move,-109.68189,208.38634
move,-108.54098,208.67427
move,-107.34028,208.89536
move,-106.07585,209.06648
move,-104.83929,209.19237
move,-103.638115,209.33762
move,-102.417496,209.50401
move,-101.17732,209.68973
move,-99.9663,209.84515
move,-98.73906,209.9521
move,-97.49893,210.03658
move,-96.21458,210.11906
move,-94.98544,210.2031
move,-93.700294,210.27097
move,-92.528046,210.37535
move,-91.42297,210.56537
move,-90.2853,211.07951
move,-89.31567,211.83743
move,-88.444984,212.72359
move,-87.62182,213.64021
move,-86.79287,214.56645
move,-86.016205,215.42128
move,-85.245735,216.2369
move,-84.441055,217.0183
move,-83.526634,217.70262
move,-82.36964,218.26297
move,-81.29484,218.6208
move,-80.1867,218.90417
move,-78.921715,219.13817
move,-77.80528,219.24803
move,-76.685104,219.31122
move,-75.563965,219.35529
move,-74.45357,219.39128
move,-73.31,219.42223
move,-72.0346,219.40062
move,-70.9004,219.25737
move,-69.831215,219.00072
move,-68.77737,218.61841
move,-67.767975,218.08185
move,-66.83583,217.36668
move,-66.01446,216.37834
move,-65.40483,215.42366
move,-64.79831,214.41496
move,-64.127304,213.51825
move,-63.31167,212.74863
move,-62.371136,212.02332
move,-61.379368,211.36998
move,-60.369175,210.83363
move,-59.33099,210.3532
move,-58.29655,209.9187
move,-57.228848,209.50804
move,-56.166332,209.14818
move,-54.905827,208.84157
move,-53.734123,208.6457
move,-52.6141,208.4748
move,-51.4114,208.34444
move,-50.2682,208.31165
move,-49.091682,208.3435
move,-47.806564,208.41252
move,-46.533054,208.49231
move,-45.41317,208.56119
move,-44.1186,208.65503
move,-42.84676,208.75801
move,-41.597027,208.8614
move,-40.479015,208.95589
move,-39.240364,209.05975
move,-37.990704,209.16397
move,-36.719143,209.27031
move,-35.480503,209.37431
move,-34.20857,209.47604
move,-32.95832,209.57283
move,-31.699924,209.70122
move,-30.468084,209.93141
move,-29.276203,210.31871
move,-28.12057,210.857
move,-27.12016,211.5713
move,-26.35339,212.35896
move,-25.550465,213.32216
move,-24.753822,214.27628
move,-23.903868,215.19809
move,-23.03323,216.08522
move,-22.108423,216.98018
move,-21.146486,217.73038
move,-20.024473,218.28477
move,-18.823391,218.64192
move,-17.474728,218.9081
move,-16.371971,219.04184
move,-15.274449,219.11444
move,-14.021016,219.1512
move,-12.77806,219.15237
move,-11.535454,219.12132
move,-10.270772,219.09325
move,-9.0279255,219.09676
move,-7.802113,219.2124
move,-6.6017203,219.52979
move,-5.427225,219.96881
move,-4.313415,220.49426
move,-3.2447648,221.08478
move,-2.232976,221.83827
move,-1.5382556,222.78516
move,-0.9983839,223.84279
move,-0.5478593,224.90613
move,-0.14142886,226.01051
move,0.20241584,227.13606
move,0.4411683,228.27618
move,0.51855904,229.45015
move,0.5427223,230.73691
move,0.6015099,232.78209
move,0.72135085,234.51595
move,0.787356,235.77902
move,0.7790186,236.93382
move,0.71405935,238.14201
move,0.6137961,239.36992
move,0.48662564,240.59529
move,0.35420063,241.7316
move,0.1955177,242.87563
move,0.045846485,244.00978
move,-0.08713862,245.12387
move,-0.19515787,246.29576
move,-0.24905781,247.5045
move,-0.25697008,248.61543
move,-0.2418683,249.90234
move,-0.23245944,251.01326
move,-0.23297948,252.31123
move,-0.2317852,253.42221
move,-0.23624064,254.69818
move,-0.24138106,255.98514
move,-0.25288138,257.26105
move,-0.26455638,258.42706
move,-0.27632487,259.59305
move,-0.29121745,260.77
move,-0.31585363,262.00174
move,-0.33767983,263.1235
move,-0.35578775,264.27835
move,-0.35759443,265.48834
move,-0.33735794,266.6652
move,-0.31436747,267.853
move,-0.29084247,269.05176
move,-0.2695887,270.2616
move,-0.2441661,271.38327
move,-0.21673428,272.64798
move,-0.19144969,273.8467
move,-0.16486776,275.11145
move,-0.14102034,276.33224
move,-0.11901155,277.57504
move,-0.09643095,278.85083
move,-0.055192254,280.14813
move,-0.10479778,281.38992
move,-0.18809514,282.6411
move,-0.28433442,283.92453
move,-0.35841233,285.16528
move,-0.4145386,286.41797
move,-0.4706875,287.68167
move,-0.5490685,289.50607
move,-0.5991192,290.67102
move,-0.6486978,291.82498
move,-0.6987485,292.9899
move,-0.74832714,294.1438
move,-0.796017,295.2537
move,-0.8465396,296.42953
move,-0.8980063,297.62735
move,-0.9499451,298.83624
move,-0.8785243,300.10928
move,-0.8016317,301.25067
move,-0.7493487,302.41547
move,-0.7105893,303.76788
move,-0.6939271,304.8897
move,-0.7012369,306.05573
move,-0.71625614,307.24365
move,-0.74250066,308.39838
move,-0.7695901,309.6631
move,-0.79164094,310.90588
move,-0.8100557,312.18176
move,-0.82164514,313.43567
move,-0.8291087,314.71167
move,-0.82891387,315.95465
move,-0.8170089,317.2416
move,-0.78733253,318.48425
move,-0.7565661,319.7378
move,-0.7268988,320.94742
move,-0.69474775,322.10196
move,-0.65525997,323.3333
move,-0.6106793,324.54245
move,-0.5596991,325.76236
move,-0.5063378,326.9822
move,-0.44704786,328.20178
move,-0.36419833,329.4089
move,-0.26193908,330.63663
move,-0.16088809,331.86444
move,-0.089457154,333.11642
move,-0.0236793,334.37973
move,0.050911233,335.60947
move,0.11052063,336.87302
move,0.1463926,338.12646
move,0.16947284,339.4022
move,0.17352572,340.6672
move,0.15624388,341.9211
move,0.07972126,343.1838
move,-0.014511257,344.4562
move,-0.14045939,345.71487
move,-0.28553528,346.99368
move,-0.43632197,348.28287
move,-0.5699381,349.55185
move,-0.6894939,350.81122
move,-0.79373854,352.07193
move,-0.87979317,353.19058
move,-0.9538851,354.2991
move,-1.0197074,355.41916
move,-1.0830724,356.6936
move,-1.129072,357.8146
move,-1.1619314,359.06818
cluster,1427
move,0.024260975,-344.37497
move,0.06600166,-343.0326
move,0.118064195,-341.6783
move,0.17290682,-340.3364
move,0.24981737,-339.0076
move,0.34098053,-337.6919
move,0.39213207,-336.34982
move,0.42367643,-335.04343
move,0.48452348,-333.73813
move,0.6047182,-332.4005
move,0.695357,-331.0969
move,0.77969784,-329.75647
move,0.8999511,-328.0666
move,0.99186265,-326.775
move,1.1018156,-325.22998
move,1.192871,-323.95068
move,1.2865014,-322.6352
move,1.3784112,-321.34375
move,1.3829747,-321.27963
move,1.4437752,-320.6291
move,1.5440129,-319.36267
move,1.5946369,-318.1296
move,1.4010158,-316.8721
move,0.6655805,-315.83234
move,-0.23725724,-314.83795
move,-1.1152533,-313.87006
move,-1.9774557,-312.9205
move,-3.0031464,-312.0419
move,-4.1755247,-311.56372
move,-5.4542246,-311.3787
move,-6.784933,-311.38184
move,-8.067165,-311.41245
move,-9.373458,-311.44876
move,-10.71477,-311.41867
move,-12.097341,-311.2625
move,-13.453018,-310.90854
move,-14.760919,-310.36768
move,-16.00225,-309.74048
move,-16.991922,-309.04657
move,-17.933022,-308.02762
move,-18.509912,-306.9529
move,-18.910328,-305.62158
move,-19.239399,-304.26962
move,-19.5222,-303.06833
move,-19.835678,-301.6878
move,-20.149738,-300.41934
move,-20.540104,-299.26276
move,-21.212011,-298.1456
move,-22.117136,-297.1549
move,-23.05958,-296.2323
move,-24.009474,-295.30005
move,-24.933187,-294.29294
move,-25.769783,-293.27332
move,-26.585363,-292.20648
move,-27.35024,-291.05865
move,-28.04561,-289.89594
move,-28.5679,-288.6211
move,-28.881557,-287.32812
move,-29.131405,-285.95926
move,-29.37105,-284.63773
move,-29.593403,-283.27646
move,-29.814112,-281.9149
move,-30.206379,-280.59537
move,-30.755285,-279.49045
move,-31.492243,-278.3834
move,-32.39551,-277.358
move,-33.3327,-276.39587
move,-34.270096,-275.434
move,-35.203457,-274.4682
move,-36.16249,-273.36804
move,-36.985645,-272.29218
move,-37.706226,-271.1594
move,-38.315693,-269.936
move,-38.78656,-268.67883
move,-39.089237,-267.49545
move,-39.290855,-266.1556
move,-39.424202,-264.79486
move,-39.51121,-263.41824
move,-39.584873,-262.0408
move,-39.65196,-260.6389
move,-39.70684,-259.26056
move,-39.762177,-257.87018
move,-39.816322,-256.51602
move,-39.871025,-255.17401
move,-39.925766,-253.83203
move,-39.981144,-252.47797
move,-40.012253,-251.15948
move,-40.015244,-249.80432
move,-40.036465,-248.49768
move,-40.057953,-247.16684
move,-40.078087,-245.83601
move,-40.081264,-244.52919
move,-40.080315,-243.21027
move,-40.06299,-241.87938
move,-40.028492,-240.57306
move,-39.97438,-239.2674
move,-39.91795,-237.94975
move,-39.8382,-236.63329
move,-39.728115,-235.30688
move,-39.57375,-233.98506
move,-39.293278,-232.67252
move,-38.816586,-231.36629
move,-38.219856,-230.19087
move,-37.49907,-229.08714
move,-36.607136,-228.0683
move,-35.604282,-227.21347
move,-34.513256,-226.38934
move,-33.532375,-225.52756
move,-32.70083,-224.50572
move,-31.98301,-223.35675
move,-31.351833,-222.18517
move,-30.813135,-220.94229
move,-30.426886,-219.68175
move,-30.11649,-218.30075
move,-29.924023,-217.09402
move,-29.746984,-215.71388
move,-29.62944,-214.48535
move,-29.561342,-213.26518
move,-29.517105,-212.05598
move,-29.483273,-210.83434
move,-29.449705,-209.61267
move,-29.409039,-208.19754
move,-29.350422,-206.78308
move,-29.25196,-205.5651
move,-29.113598,-204.3509
move,-28.920795,-203.1444
move,-28.608334,-201.88823
move,-28.223604,-200.71587
move,-27.711018,-199.48303
move,-27.08945,-198.35693
move,-26.353848,-197.28804
move,-25.642405,-196.42058
move,-24.814089,-195.4645
move,-24.081278,-194.62944
move,-23.206394,-193.65578
move,-22.351643,-192.69386
move,-21.642614,-191.67445
move,-21.093456,-190.52367
move,-20.630047,-189.29956
move,-20.225195,-188.07799
move,-19.907972,-186.99037
move,-19.647089,-185.92188
move,-19.430077,-184.68715
move,-19.319002,-183.50458
move,-19.269835,-182.32874
move,-19.290325,-181.05298
move,-19.329002,-179.77757
move,-19.367748,-178.5352
move,-19.400524,-177.25961
move,-19.42917,-175.99496
move,-19.494572,-174.74284
move,-19.620539,-173.50635
move,-19.781013,-172.28487
move,-20.013529,-171.0419
move,-20.385399,-169.8335
move,-20.887648,-168.66125
move,-21.509428,-167.62456
move,-22.304996,-166.65643
move,-23.189354,-165.81543
move,-24.183598,-165.0518
move,-25.184532,-164.3335
move,-26.144726,-163.5623
move,-26.940012,-162.77174
move,-27.72987,-161.81267
move,-28.407633,-160.77185
move,-28.939423,-159.63736
move,-29.326576,-158.46834
move,-29.5977,-157.24431
move,-29.775127,-156.0034
move,-29.858849,-154.74126
move,-29.908012,-153.51027
move,-29.966671,-152.2797
move,-30.026972,-150.99413
move,-30.0725,-149.77399
move,-30.099207,-148.53128
move,-30.077084,-147.31071
move,-29.97736,-146.07191
move,-29.801558,-144.8416
move,-29.569633,-143.65411
move,-29.28653,-142.47778
move,-28.93334,-141.29773
move,-28.404367,-140.04181
move,-27.767614,-138.9621
move,-27.023806,-137.98065
move,-26.218437,-137.09273
move,-25.391739,-136.2862
move,-24.5762,-135.49968
move,-23.756922,-134.70126
move,-22.963625,-133.86192
move,-22.221466,-132.9916
move,-21.522701,-132.0584
move,-20.938196,-131.08875
move,-20.522734,-130.01305
move,-20.27263,-128.88593
move,-20.085129,-127.73519
move,-19.928272,-126.52432
move,-19.774298,-125.30199
move,-19.617489,-124.05783
move,-19.454082,-122.814545
move,-19.244297,-121.61208
move,-18.856186,-120.40984
move,-18.29822,-119.33737
move,-17.591015,-118.30231
move,-16.804153,-117.34043
move,-15.9951935,-116.48569
move,-15.12106,-115.66512
move,-14.242034,-114.899055
move,-13.365832,-114.11356
move,-12.586023,-113.247826
move,-11.837048,-112.22888
move,-11.177578,-111.20164
move,-10.715855,-110.08204
move,-10.480286,-108.8393
move,-10.341406,-107.64876
move,-10.272955,-106.429726
move,-10.229444,-105.1765
move,-10.209104,-103.933685
move,-10.190264,-102.67983
move,-10.152642,-101.43742
move,-10.095587,-100.162704
move,-10.069225,-98.920006
move,-10.028349,-97.67769
move,-9.97515,-96.54595
move,-9.895113,-95.338615
move,-9.817129,-94.07602
move,-9.730287,-92.802986
move,-9.611923,-91.521484
move,-9.493755,-90.39466
move,-9.394178,-89.28813
move,-9.295666,-88.01604
move,-9.271034,-86.88354
move,-9.36275,-85.60035
move,-9.548475,-84.49409
move,-9.875989,-83.31854
move,-10.452638,-82.13394
move,-11.286593,-81.14377
move,-12.222373,-80.51066
move,-13.282635,-80.199425
move,-14.502669,-80.18462
move,-15.668427,-80.19185
move,-16.904816,-80.00291
move,-17.938402,-79.52376
move,-18.826965,-78.70957
move,-19.304426,-77.68134
move,-19.378677,-76.57544
move,-19.317898,-75.378075
move,-19.348286,-74.20402
move,-19.70791,-73.14473
move,-20.322828,-72.22328
move,-21.162592,-71.46648
move,-22.19029,-70.95065
move,-23.445143,-70.831154
move,-24.726969,-70.94295
move,-26.030134,-71.062675
move,-27.294428,-71.10237
move,-28.581406,-71.10947
move,-29.846151,-71.08633
move,-31.121437,-71.043724
move,-32.385654,-70.99918
move,-33.649696,-70.950195
move,-34.89166,-70.89949
move,-36.156433,-70.87923
move,-37.40999,-70.854
move,-38.671597,-70.763824
move,-39.927692,-70.61444
move,-41.026897,-70.453026
move,-42.27692,-70.25908
move,-43.576424,-70.027565
move,-44.81646,-69.84396
move,-46.06891,-69.7898
move,-47.17973,-69.77002
move,-48.455532,-69.74785
move,-49.566254,-69.72343
move,-50.840897,-69.66487
move,-51.951153,-69.62432
move,-53.204586,-69.58656
move,-54.304207,-69.558174
move,-55.578407,-69.49094
move,-56.672718,-69.381546
move,-57.9417,-69.167496
move,-59.176098,-68.89176
move,-60.40593,-68.5519
move,-61.62939,-68.08946
move,-62.743946,-67.46978
move,-63.63736,-66.82896
move,-64.51829,-66.049255
move,-65.3039,-65.20344
move,-65.9876,-64.32807
move,-66.61242,-63.409683
move,-67.16584,-62.434105
move,-67.67229,-61.25175
move,-68.02624,-60.175606
move,-68.37538,-58.959766
move,-68.72059,-57.71993
move,-69.022156,-56.627804
move,-69.29034,-55.561253
move,-69.45723,-54.37461
move,-69.540825,-53.211685
move,-69.59079,-52.046757
move,-69.638275,-50.925762
move,-69.68535,-49.815758
move,-69.76163,-48.531044
move,-69.84272,-47.246597
move,-69.910706,-46.137684
move,-69.97644,-44.896423
move,-70.03624,-43.75399
move,-70.088455,-42.622192
move,-70.1294,-41.478928
move,-70.15776,-40.203262
move,-70.16842,-38.97131
move,-70.157555,-37.717426
move,-70.101776,-36.44269
move,-69.98463,-35.205647
move,-69.7417,-33.975918
move,-69.395355,-32.782917
move,-68.78017,-31.671658
move,-67.83452,-30.877058
move,-66.66772,-30.50571
move,-65.42742,-30.439095
move,-64.17353,-30.42291
move,-62.930653,-30.405506
move,-61.665813,-30.385235
move,-60.433887,-30.388628
move,-59.191372,-30.423298
move,-57.926884,-30.459219
move,-56.662266,-30.490505
move,-55.463627,-30.519934
move,-54.264954,-30.54803
move,-53.088257,-30.57488
move,-51.856514,-30.60063
move,-50.657578,-30.613058
move,-49.458595,-30.616974
move,-48.281723,-30.601854
move,-47.09444,-30.561636
move,-45.89744,-30.492928
move,-44.736454,-30.38642
move,-43.58459,-30.208122
move,-42.455536,-29.91943
move,-41.438408,-29.389078
move,-40.72888,-28.459602
move,-40.327152,-27.37836
move,-40.03893,-26.180773
move,-39.78907,-24.963142
move,-39.50432,-23.730799
move,-39.15751,-22.537373
move,-38.79023,-21.38446
move,-38.452873,-20.337473
move,-38.0546,-19.160027
move,-37.614185,-17.974354
move,-37.039658,-16.861168
move,-36.280685,-15.838098
move,-35.330357,-15.0228815
move,-34.279648,-14.319381
move,-33.18171,-13.691214
move,-32.025436,-13.182587
move,-30.862675,-12.74323
move,-29.701607,-12.299459
move,-28.49035,-11.899046
move,-27.285591,-11.594274
move,-26.076477,-11.358885
move,-24.83438,-11.189891
move,-23.595444,-11.089472
move,-22.362265,-10.939656
move,-21.1436,-10.567273
move,-20.016073,-10.071676
move,-18.934196,-9.419476
move,-17.987,-8.649487
move,-17.095837,-7.815197
move,-16.301355,-6.962026
move,-15.530386,-6.0726805
move,-14.746101,-5.1803813
move,-13.939893,-4.322968
move,-13.089262,-3.5099914
move,-12.145833,-2.7899532
move,-11.044558,-2.1688247
move,-9.8539715,-1.6256833
move,-8.670008,-1.2135868
move,-7.590977,-0.90635383
move,-6.344013,-0.5878893
move,-5.095382,-0.2759767
move,-3.8484588,0.042611368
move,-2.7713583,0.35656944
move,-1.553627,0.7726426
move,-0.51781166,1.174191
move,0.6221775,1.6694762
move,1.6345125,2.177645
move,2.7323124,2.8278275
move,3.6823645,3.444847
move,4.586082,4.1096287
move,5.4796677,4.8238425
move,6.388172,5.622566
move,7.1762276,6.451363
move,7.8801804,7.3246703
move,8.496264,8.248256
move,9.060446,9.392253
move,9.485925,10.418464
move,9.870812,11.495553
move,10.198883,12.716596
move,10.362748,13.892692
move,10.442804,15.033822
move,10.511005,16.319014
move,10.564158,17.428724
move,10.592035,18.550373
move,10.619357,19.672037
move,10.670864,20.946999
move,10.722317,22.23297
move,10.79577,23.517685
move,10.903705,24.733881
move,11.054514,26.00088
move,11.26899,27.236317
move,11.515092,28.49954
move,11.808662,29.707169
move,12.214799,30.916311
move,12.725709,32.072803
move,13.372308,33.14633
move,14.166654,34.157696
move,15.0632515,35.017403
move,16.064623,35.789463
move,17.119026,36.44635
move,18.249958,37.012516
move,19.377234,37.509327
move,20.550152,37.952023
move,21.750437,38.314655
move,22.99192,38.60838
move,24.20554,38.819992
move,25.437447,38.98523
move,26.599352,39.081654
move,27.774696,39.143772
move,28.928219,39.202137
move,30.146645,39.280895
move,31.33907,39.404945
move,32.500454,39.59503
move,33.668545,39.86426
move,34.82718,40.212616
move,35.946518,40.609303
move,37.1238,41.334507
move,37.939888,42.13155
move,38.521416,43.139793
move,38.933434,44.24106
move,39.208374,45.486477
move,39.376156,46.740086
move,39.495216,47.96631
move,39.62049,49.202957
move,39.756596,50.43848
move,39.89753,51.695503
move,39.920414,52.90466
move,39.819073,54.043884
move,39.613,55.19124
move,39.37759,56.265755
move,39.09616,57.499035
move,38.801064,58.70648
move,38.43698,59.894337
move,37.947304,61.02439
move,37.345715,62.11144
move,36.606934,63.109722
move,35.735275,64.025955
move,34.84374,64.86018
move,33.907955,65.74366
move,33.02991,66.63881
move,32.21412,67.576
move,31.498962,68.61821
move,30.949156,69.7564
move,30.580647,70.95365
move,30.366657,72.21116
move,30.261974,73.46059
move,30.195915,74.63573
move,30.152155,75.80088
move,30.129877,76.933655
move,30.118193,78.11061
move,30.10638,79.29857
move,30.092129,80.519485
move,30.044817,81.662506
move,29.992397,82.86035
move,29.940542,84.036194
move,29.89221,85.23421
move,29.83797,86.42095
move,29.780985,87.6296
move,29.726717,88.80535
move,29.675611,89.98124
move,29.623669,91.17911
move,29.574554,92.36609
move,29.530754,93.5753
move,29.487968,94.78454
move,29.443615,96.1148
move,29.399086,97.47808
move,29.378439,98.63289
move,29.369837,99.82075
move,29.439695,101.050705
move,29.519636,102.26909
move,29.602444,103.50933
move,29.6635,104.72866
move,29.696835,105.9492
move,29.726534,107.19184
move,29.750025,108.412605
move,29.769403,109.64445
move,29.74809,110.88707
move,29.65664,112.1046
move,29.545494,113.3205
move,29.424252,114.55758
move,29.254698,115.766304
move,28.988771,116.94669
move,28.692848,118.1651
move,28.296238,119.3077
move,27.775455,120.41138
move,27.162653,121.44152
move,26.397478,122.461784
move,25.530622,123.38239
move,24.618168,124.24255
move,23.68745,125.11542
move,22.810324,126.04123
move,22.04641,127.061676
move,21.464643,128.18347
move,21.019957,129.36728
move,20.69343,130.56624
move,20.481295,131.71231
move,20.407436,132.87491
move,20.38662,134.15074
move,20.36534,135.3936
move,20.342861,136.6364
move,20.323792,137.90126
move,20.310041,139.1552
move,20.298082,140.43117
move,20.291714,141.69614
move,20.31949,142.94972
move,20.384203,144.21306
move,20.46904,145.43106
move,20.619783,146.65347
move,20.89447,147.87624
move,21.297056,149.04016
move,21.780926,150.16103
move,22.329462,151.26398
move,22.989798,152.31598
move,23.785002,153.256
move,24.652868,154.13016
move,25.541336,154.98366
move,26.404766,155.8621
move,27.189495,156.81128
move,27.890686,157.94002
move,28.358744,159.05528
move,28.737072,160.22751
move,29.046602,161.41985
move,29.305529,162.6243
move,29.524725,163.84766
move,29.691832,165.06824
move,29.817972,166.27156
move,29.913563,167.47777
move,29.992,168.7183
move,30.065022,169.92609
move,30.144018,171.1776
move,30.226564,172.40683
move,30.32017,173.63522
move,30.439548,174.87247
move,30.604298,176.1154
move,30.893755,177.31207
move,31.371012,178.4703
move,32.033524,179.5601
move,32.721653,180.54187
move,33.41939,181.48972
move,34.179665,182.47296
move,35.020195,183.44736
move,35.877823,184.34695
move,36.761147,185.22142
move,37.616447,186.15233
move,38.31416,187.0725
move,38.936146,188.0581
move,39.426514,189.11478
move,39.778275,190.32903
move,39.99052,191.41933
move,40.14541,192.68568
move,40.235485,193.78197
move,40.315086,194.90115
move,40.389854,196.02068
move,40.458324,197.2838
move,40.499134,198.43805
move,40.51209,199.55997
move,40.516323,200.69298
move,40.516136,201.881
move,40.5119,203.00296
move,40.51005,204.11394
move,40.50814,205.38994
move,40.51303,206.66591
move,40.530323,207.94179
move,40.547985,209.21765
move,40.56546,210.48251
move,40.582527,211.71439
move,40.597843,213.0013
move,40.59935,214.21124
move,40.585205,215.44316
move,40.527252,216.68471
move,40.448902,217.92523
move,40.375294,219.18806
move,40.34133,220.44159
move,40.308968,221.70616
move,40.246544,222.95853
move,40.121174,224.21709
move,39.945477,225.45866
move,39.703106,226.68892
move,39.409172,227.88521
move,39.044785,229.06174
move,38.562363,230.21857
move,37.947483,231.29774
move,37.23379,232.28795
move,36.412796,233.2205
move,35.51883,234.06763
move,34.58127,234.8497
move,33.618332,235.63573
move,32.65635,236.45671
move,31.844282,237.36658
move,31.186485,238.44429
move,30.734325,239.60095
move,30.469118,240.64499
move,30.330353,241.87987
move,30.261637,243.12091
move,30.201988,244.37347
move,30.12431,245.62503
move,30.042921,246.88737
move,29.966408,248.12802
move,29.91452,249.38095
move,29.875322,250.62332
move,29.838875,251.84377
move,29.804379,253.10829
move,29.77066,254.37283
move,29.736237,255.62636
move,29.70201,256.89093
move,29.67199,258.1886
move,29.621382,259.33145
move,29.527397,260.63702
move,29.43399,261.74405
move,29.288088,262.97833
move,29.059044,264.09875
move,28.703276,265.23172
move,28.247814,266.24442
move,27.475706,266.78336
move,26.82288,267.8017
move,26.041403,268.68
move,25.165794,269.41455
move,24.16187,270.02762
move,23.127083,270.54004
move,21.97241,270.99954
move,20.910606,271.36182
move,19.787739,271.71463
move,18.702806,272.0773
move,17.635914,272.51846
move,16.619825,273.13193
move,15.717348,273.81647
move,14.863587,274.60965
move,14.098193,275.47424
move,13.410302,276.40158
move,12.772493,277.40363
move,12.190835,278.42667
move,11.695063,279.45737
move,11.271657,280.56686
move,10.952895,281.66534
move,10.660604,282.78265
move,10.425398,283.95804
move,10.251432,285.0998
move,10.140548,286.23825
move,10.078931,287.40256
move,10.043645,288.55695
move,10.020062,289.71167
move,9.997483,290.86646
move,9.978066,292.0323
move,9.959618,293.18713
move,9.947893,294.32013
move,9.907918,295.4633
move,9.828582,296.62653
move,9.725285,297.75473
move,9.555906,299.0747
move,9.25924,300.16656
move,8.686608,301.39032
move,7.9791183,302.3291
move,7.1900897,303.11032
move,6.3371334,303.83914
move,5.4867415,304.5541
move,4.4859815,305.39783
move,3.685665,306.18295
move,2.892027,307.18185
move,2.2726455,308.0905
move,1.6472509,309.20218
move,1.1394124,310.37222
move,0.7888878,311.41458
move,0.52235,312.66174
move,0.39110884,313.93048
move,0.3917319,315.22794
move,0.53315824,316.4845
move,0.7574782,317.58368
move,1.0677267,318.7416
move,1.3979967,319.79077
move,1.8226416,320.98218
move,2.387539,322.12454
move,3.0265281,323.0327
move,3.8330681,323.9027
move,4.8132353,324.6659
move,5.8810296,325.3643
move,6.8873677,326.093
move,7.8110533,326.90732
move,8.615934,327.86685
move,9.245138,328.94962
move,9.703599,330.11612
move,10.04339,331.32257
move,10.2703,332.56677
move,10.417048,333.82312
move,10.506153,335.07388
move,10.568079,336.34836
move,10.506153,335.07388
move,10.639724,337.61133
move,10.699218,338.8749
move,10.743549,340.0731
move,10.815935,341.34702
move,10.911189,342.61942
move,11.001768,343.83707
move,11.079359,344.9784
move,11.123133,346.2536
move,11.069485,347.5393
move,10.959148,348.78842
move,10.841086,349.89313
move,10.709438,351.02954
move,10.553505,352.28485
move,10.4033985,353.47433
move,10.308961,354.61435
move,10.236595,355.74506
move,10.164271,356.88675
move,10.091726,358.02844
move,10.164271,356.88675
move,10.014659,359.2029
move,9.938083,360.33328
move,9.857035,361.5185
move,9.789534,362.69366
move,9.736359,363.94656
move,9.709337,365.07922
move,9.704336,366.2452
move,9.725174,367.433
move,9.704336,366.2452
move,9.775551,368.64197
move,9.725174,367.433
move,9.853987,369.79428
move,9.968991,370.98773
move,10.115438,372.16666
move,10.235916,373.38165
move,10.332355,374.59882
move,10.411494,375.83923
move,10.455692,377.04837
move,10.477656,378.2692
move,10.498061,379.4789
move,10.533968,380.73242
move,10.575041,381.98578
move,10.548436,383.23373
move,10.355241,384.48376
move,10.167076,385.7012
move,10.103274,386.1143
cluster,698
move,15.000002,-146.3634
move,15.037375,-145.7155
move,15.110867,-143.41772
move,15.16136,-141.07527
move,15.202676,-138.7547
move,15.18956,-136.40079
move,15.067376,-134.072
move,14.931333,-131.67789
move,14.856892,-129.27036
move,14.872155,-126.90541
move,14.856892,-129.27036
move,14.886899,-124.452446
move,14.899917,-122.0697
move,14.91315,-119.64975
move,14.91625,-117.22977
move,14.910153,-114.80976
move,14.904266,-112.46677
move,14.898274,-110.079765
move,14.892271,-107.703766
move,14.886018,-105.34977
move,14.871444,-102.3666
move,14.855635,-99.23331
move,14.839673,-96.10001
move,14.834015,-92.96675
move,14.957573,-89.98483
move,15.308157,-86.767075
move,15.748299,-83.53019
move,15.947933,-80.49404
move,15.856959,-77.3633
move,15.662798,-74.102036
move,15.514456,-71.6103
move,14.831711,-70.325096
move,13.181675,-67.57813
move,11.084764,-65.11437
move,8.573651,-63.074284
move,6.1967483,-61.24438
move,5.5106373,-60.716164
move,3.8686025,-59.34632
move,1.4921604,-57.37325
move,-0.8047023,-55.46701
move,-2.2806244,-54.242096
move,-3.2398589,-53.560043
move,-5.1942596,-52.170513
move,-7.1845274,-50.75549
move,-9.183769,-49.334126
move,-10.213916,-48.60174
move,-12.312324,-47.978714
move,-14.415784,-47.37274
move,-16.561523,-46.75462
move,-16.885199,-46.66138
move,-18.14774,-46.58414
move,-20.466297,-46.477562
move,-20.476608,-46.47709

